ticker,reason,evidence
ABHY,"IBKR contract database returned no matching contract (sweep 2026-07-25); last daily bar 2025-06-05, before the catalog cutoff 2026-05-01 — consistent with delisting","_bmad-output/implementation-artifacts/venue-backfill-evidence/results.csv row 'ABHY' (outcome=not_found, 20.008s, 2 attempt(s)); catalog_instruments.date_range_end_daily=2025-06-05"
ABNY,"IBKR contract database returned no matching contract (sweep 2026-07-25); traded to the catalog cutoff 2026-05-01, so delisted between then and the sweep","_bmad-output/implementation-artifacts/venue-backfill-evidence/results.csv row 'ABNY' (outcome=not_found, 20.006s, 2 attempt(s)); catalog_instruments.date_range_end_daily=2026-05-01"
ACWF,"IBKR contract database returned no matching contract (sweep 2026-07-25); last daily bar 2024-06-28, before the catalog cutoff 2026-05-01 — consistent with delisting","_bmad-output/implementation-artifacts/venue-backfill-evidence/results.csv row 'ACWF' (outcome=not_found, 20.006s, 2 attempt(s)); catalog_instruments.date_range_end_daily=2024-06-28"
ADFI,"IBKR contract database returned no matching contract (sweep 2026-07-25); traded to the catalog cutoff 2026-05-01, so delisted between then and the sweep","_bmad-output/implementation-artifacts/venue-backfill-evidence/results.csv row 'ADFI' (outcome=not_found, 20.006s, 2 attempt(s)); catalog_instruments.date_range_end_daily=2026-05-01"
ADRE,"IBKR contract database returned no matching contract (sweep 2026-07-25); last daily bar 2023-03-30, before the catalog cutoff 2026-05-01 — consistent with delisting","_bmad-output/implementation-artifacts/venue-backfill-evidence/results.csv row 'ADRE' (outcome=not_found, 20.006s, 2 attempt(s)); catalog_instruments.date_range_end_daily=2023-03-30"
AEMB,"IBKR contract database returned no matching contract (sweep 2026-07-25); last daily bar 2024-09-26, before the catalog cutoff 2026-05-01 — consistent with delisting","_bmad-output/implementation-artifacts/venue-backfill-evidence/results.csv row 'AEMB' (outcome=not_found, 20.005s, 2 attempt(s)); catalog_instruments.date_range_end_daily=2024-09-26"
AFTY,"IBKR contract database returned no matching contract (sweep 2026-07-25); last daily bar 2024-10-10, before the catalog cutoff 2026-05-01 — consistent with delisting","_bmad-output/implementation-artifacts/venue-backfill-evidence/results.csv row 'AFTY' (outcome=not_found, 20.006s, 2 attempt(s)); catalog_instruments.date_range_end_daily=2024-10-10"
AGIH,"IBKR contract database returned no matching contract (sweep 2026-07-25); last daily bar 2025-08-18, before the catalog cutoff 2026-05-01 — consistent with delisting","_bmad-output/implementation-artifacts/venue-backfill-evidence/results.csv row 'AGIH' (outcome=not_found, 20.005s, 2 attempt(s)); catalog_instruments.date_range_end_daily=2025-08-18"
AGOV,"IBKR contract database returned no matching contract (sweep 2026-07-25); last daily bar 2023-11-14, before the catalog cutoff 2026-05-01 — consistent with delisting","_bmad-output/implementation-artifacts/venue-backfill-evidence/results.csv row 'AGOV' (outcome=not_found, 20.011s, 2 attempt(s)); catalog_instruments.date_range_end_daily=2023-11-14"
AHHX,"IBKR contract database returned no matching contract (sweep 2026-07-25); last daily bar 2023-03-30, before the catalog cutoff 2026-05-01 — consistent with delisting","_bmad-output/implementation-artifacts/venue-backfill-evidence/results.csv row 'AHHX' (outcome=not_found, 20.007s, 2 attempt(s)); catalog_instruments.date_range_end_daily=2023-03-30"
AHOY,"IBKR contract database returned no matching contract (sweep 2026-07-25); last daily bar 2024-12-23, before the catalog cutoff 2026-05-01 — consistent with delisting","_bmad-output/implementation-artifacts/venue-backfill-evidence/results.csv row 'AHOY' (outcome=not_found, 20.009s, 2 attempt(s)); catalog_instruments.date_range_end_daily=2024-12-23"
AIRL,"IBKR contract database returned no matching contract (sweep 2026-07-25); last daily bar 2025-09-12, before the catalog cutoff 2026-05-01 — consistent with delisting","_bmad-output/implementation-artifacts/venue-backfill-evidence/results.csv row 'AIRL' (outcome=not_found, 20.007s, 2 attempt(s)); catalog_instruments.date_range_end_daily=2025-09-12"
ALUM,"IBKR contract database returned no matching contract (sweep 2026-07-25); last daily bar 2024-10-11, before the catalog cutoff 2026-05-01 — consistent with delisting","_bmad-output/implementation-artifacts/venue-backfill-evidence/results.csv row 'ALUM' (outcome=not_found, 20.009s, 2 attempt(s)); catalog_instruments.date_range_end_daily=2024-10-11"
AMDS,"IBKR contract database returned no matching contract (sweep 2026-07-25); last daily bar 2025-06-20, before the catalog cutoff 2026-05-01 — consistent with delisting","_bmad-output/implementation-artifacts/venue-backfill-evidence/results.csv row 'AMDS' (outcome=not_found, 20.008s, 2 attempt(s)); catalog_instruments.date_range_end_daily=2025-06-20"
AMJ,"IBKR contract database returned no matching contract (sweep 2026-07-25); last daily bar 2024-05-21, before the catalog cutoff 2026-05-01 — consistent with delisting","_bmad-output/implementation-artifacts/venue-backfill-evidence/results.csv row 'AMJ' (outcome=not_found, 20.006s, 2 attempt(s)); catalog_instruments.date_range_end_daily=2024-05-21"
AMNA,"IBKR contract database returned no matching contract (sweep 2026-07-25); last daily bar 2024-12-11, before the catalog cutoff 2026-05-01 — consistent with delisting","_bmad-output/implementation-artifacts/venue-backfill-evidence/results.csv row 'AMNA' (outcome=not_found, 20.006s, 2 attempt(s)); catalog_instruments.date_range_end_daily=2024-12-11"
AMND,"IBKR contract database returned no matching contract (sweep 2026-07-25); last daily bar 2024-12-11, before the catalog cutoff 2026-05-01 — consistent with delisting","_bmad-output/implementation-artifacts/venue-backfill-evidence/results.csv row 'AMND' (outcome=not_found, 20.006s, 2 attempt(s)); catalog_instruments.date_range_end_daily=2024-12-11"
AMPD,"IBKR contract database returned no matching contract (sweep 2026-07-25); last daily bar 2025-02-21, before the catalog cutoff 2026-05-01 — consistent with delisting","_bmad-output/implementation-artifacts/venue-backfill-evidence/results.csv row 'AMPD' (outcome=not_found, 20.006s, 2 attempt(s)); catalog_instruments.date_range_end_daily=2025-02-21"
AMPS,"IBKR contract database returned no matching contract (sweep 2026-07-25); last daily bar 2024-10-04, before the catalog cutoff 2026-05-01 — consistent with delisting","_bmad-output/implementation-artifacts/venue-backfill-evidence/results.csv row 'AMPS' (outcome=not_found, 20.008s, 2 attempt(s)); catalog_instruments.date_range_end_daily=2024-10-04"
AMTR,"IBKR contract database returned no matching contract (sweep 2026-07-25); last daily bar 2024-12-11, before the catalog cutoff 2026-05-01 — consistent with delisting","_bmad-output/implementation-artifacts/venue-backfill-evidence/results.csv row 'AMTR' (outcome=not_found, 20.011s, 2 attempt(s)); catalog_instruments.date_range_end_daily=2024-12-11"
APED,"IBKR contract database returned no matching contract (sweep 2026-07-25); last daily bar 2025-12-22, before the catalog cutoff 2026-05-01 — consistent with delisting","_bmad-output/implementation-artifacts/venue-backfill-evidence/results.csv row 'APED' (outcome=not_found, 20.005s, 2 attempt(s)); catalog_instruments.date_range_end_daily=2025-12-22"
APRD,"IBKR contract database returned no matching contract (sweep 2026-07-25); last daily bar 2025-04-01, before the catalog cutoff 2026-05-01 — consistent with delisting","_bmad-output/implementation-artifacts/venue-backfill-evidence/results.csv row 'APRD' (outcome=not_found, 20.006s, 2 attempt(s)); catalog_instruments.date_range_end_daily=2025-04-01"
APRQ,"IBKR contract database returned no matching contract (sweep 2026-07-25); last daily bar 2025-04-01, before the catalog cutoff 2026-05-01 — consistent with delisting","_bmad-output/implementation-artifacts/venue-backfill-evidence/results.csv row 'APRQ' (outcome=not_found, 20.005s, 2 attempt(s)); catalog_instruments.date_range_end_daily=2025-04-01"
AQGX,"IBKR contract database returned no matching contract (sweep 2026-07-25); last daily bar 2023-03-30, before the catalog cutoff 2026-05-01 — consistent with delisting","_bmad-output/implementation-artifacts/venue-backfill-evidence/results.csv row 'AQGX' (outcome=not_found, 20.003s, 2 attempt(s)); catalog_instruments.date_range_end_daily=2023-03-30"
AREA,"IBKR contract database returned no matching contract (sweep 2026-07-25); last daily bar 2026-02-19, before the catalog cutoff 2026-05-01 — consistent with delisting","_bmad-output/implementation-artifacts/venue-backfill-evidence/results.csv row 'AREA' (outcome=not_found, 20.001s, 2 attempt(s)); catalog_instruments.date_range_end_daily=2026-02-19"
ARKA,"IBKR contract database returned no matching contract (sweep 2026-07-25); last daily bar 2025-09-25, before the catalog cutoff 2026-05-01 — consistent with delisting","_bmad-output/implementation-artifacts/venue-backfill-evidence/results.csv row 'ARKA' (outcome=not_found, 20.003s, 2 attempt(s)); catalog_instruments.date_range_end_daily=2025-09-25"
ARKC,"IBKR contract database returned no matching contract (sweep 2026-07-25); last daily bar 2025-03-27, before the catalog cutoff 2026-05-01 — consistent with delisting","_bmad-output/implementation-artifacts/venue-backfill-evidence/results.csv row 'ARKC' (outcome=not_found, 20.004s, 2 attempt(s)); catalog_instruments.date_range_end_daily=2025-03-27"
ARKY,"IBKR contract database returned no matching contract (sweep 2026-07-25); last daily bar 2025-03-27, before the catalog cutoff 2026-05-01 — consistent with delisting","_bmad-output/implementation-artifacts/venue-backfill-evidence/results.csv row 'ARKY' (outcome=not_found, 20.003s, 2 attempt(s)); catalog_instruments.date_range_end_daily=2025-03-27"
ARKZ,"IBKR contract database returned no matching contract (sweep 2026-07-25); last daily bar 2025-09-25, before the catalog cutoff 2026-05-01 — consistent with delisting","_bmad-output/implementation-artifacts/venue-backfill-evidence/results.csv row 'ARKZ' (outcome=not_found, 20.005s, 2 attempt(s)); catalog_instruments.date_range_end_daily=2025-09-25"
ARMR,"IBKR contract database returned no matching contract (sweep 2026-07-25); last daily bar 2023-12-27, before the catalog cutoff 2026-05-01 — consistent with delisting","_bmad-output/implementation-artifacts/venue-backfill-evidence/results.csv row 'ARMR' (outcome=not_found, 20.001s, 2 attempt(s)); catalog_instruments.date_range_end_daily=2023-12-27"
ASET,"IBKR contract database returned no matching contract (sweep 2026-07-25); last daily bar 2025-10-20, before the catalog cutoff 2026-05-01 — consistent with delisting","_bmad-output/implementation-artifacts/venue-backfill-evidence/results.csv row 'ASET' (outcome=not_found, 20.003s, 2 attempt(s)); catalog_instruments.date_range_end_daily=2025-10-20"
ASHX,"IBKR contract database returned no matching contract (sweep 2026-07-25); last daily bar 2024-03-13, before the catalog cutoff 2026-05-01 — consistent with delisting","_bmad-output/implementation-artifacts/venue-backfill-evidence/results.csv row 'ASHX' (outcome=not_found, 20.003s, 2 attempt(s)); catalog_instruments.date_range_end_daily=2024-03-13"
ASPY,"IBKR contract database returned no matching contract (sweep 2026-07-25); last daily bar 2023-10-11, before the catalog cutoff 2026-05-01 — consistent with delisting","_bmad-output/implementation-artifacts/venue-backfill-evidence/results.csv row 'ASPY' (outcome=not_found, 20.002s, 2 attempt(s)); catalog_instruments.date_range_end_daily=2023-10-11"
AWEG,"IBKR contract database returned no matching contract (sweep 2026-07-25); last daily bar 2025-12-24, before the catalog cutoff 2026-05-01 — consistent with delisting","_bmad-output/implementation-artifacts/venue-backfill-evidence/results.csv row 'AWEG' (outcome=not_found, 20.006s, 2 attempt(s)); catalog_instruments.date_range_end_daily=2025-12-24"
AWYX,"IBKR contract database returned no matching contract (sweep 2026-07-25); last daily bar 2023-04-14, before the catalog cutoff 2026-05-01 — consistent with delisting","_bmad-output/implementation-artifacts/venue-backfill-evidence/results.csv row 'AWYX' (outcome=not_found, 20.007s, 2 attempt(s)); catalog_instruments.date_range_end_daily=2023-04-14"
BAL,"IBKR contract database returned no matching contract (sweep 2026-07-25); last daily bar 2023-06-08, before the catalog cutoff 2026-05-01 — consistent with delisting","_bmad-output/implementation-artifacts/venue-backfill-evidence/results.csv row 'BAL' (outcome=not_found, 20.001s, 2 attempt(s)); catalog_instruments.date_range_end_daily=2023-06-08"
BBIP,"IBKR contract database returned no matching contract (sweep 2026-07-25); last daily bar 2024-10-18, before the catalog cutoff 2026-05-01 — consistent with delisting","_bmad-output/implementation-artifacts/venue-backfill-evidence/results.csv row 'BBIP' (outcome=not_found, 20.005s, 2 attempt(s)); catalog_instruments.date_range_end_daily=2024-10-18"
BBSA,"IBKR contract database returned no matching contract (sweep 2026-07-25); last daily bar 2024-10-18, before the catalog cutoff 2026-05-01 — consistent with delisting","_bmad-output/implementation-artifacts/venue-backfill-evidence/results.csv row 'BBSA' (outcome=not_found, 20.003s, 2 attempt(s)); catalog_instruments.date_range_end_daily=2024-10-18"
BCIM,"IBKR contract database returned no matching contract (sweep 2026-07-25); last daily bar 2025-12-03, before the catalog cutoff 2026-05-01 — consistent with delisting","_bmad-output/implementation-artifacts/venue-backfill-evidence/results.csv row 'BCIM' (outcome=not_found, 20.007s, 2 attempt(s)); catalog_instruments.date_range_end_daily=2025-12-03"
BCM,"IBKR contract database returned no matching contract (sweep 2026-07-25); last daily bar 2023-06-07, before the catalog cutoff 2026-05-01 — consistent with delisting","_bmad-output/implementation-artifacts/venue-backfill-evidence/results.csv row 'BCM' (outcome=not_found, 20.005s, 2 attempt(s)); catalog_instruments.date_range_end_daily=2023-06-07"
BECO,"IBKR contract database returned no matching contract (sweep 2026-07-25); last daily bar 2024-08-12, before the catalog cutoff 2026-05-01 — consistent with delisting","_bmad-output/implementation-artifacts/venue-backfill-evidence/results.csv row 'BECO' (outcome=not_found, 20.008s, 2 attempt(s)); catalog_instruments.date_range_end_daily=2024-08-12"
BFIT,"IBKR contract database returned no matching contract (sweep 2026-07-25); last daily bar 2024-02-16, before the catalog cutoff 2026-05-01 — consistent with delisting","_bmad-output/implementation-artifacts/venue-backfill-evidence/results.csv row 'BFIT' (outcome=not_found, 20.003s, 2 attempt(s)); catalog_instruments.date_range_end_daily=2024-02-16"
BFTR,"IBKR contract database returned no matching contract (sweep 2026-07-25); last daily bar 2023-10-30, before the catalog cutoff 2026-05-01 — consistent with delisting","_bmad-output/implementation-artifacts/venue-backfill-evidence/results.csv row 'BFTR' (outcome=not_found, 20.002s, 2 attempt(s)); catalog_instruments.date_range_end_daily=2023-10-30"
BICK,"IBKR contract database returned no matching contract (sweep 2026-07-25); last daily bar 2023-07-14, before the catalog cutoff 2026-05-01 — consistent with delisting","_bmad-output/implementation-artifacts/venue-backfill-evidence/results.csv row 'BICK' (outcome=not_found, 20.004s, 2 attempt(s)); catalog_instruments.date_range_end_daily=2023-07-14"
BIDS,"IBKR contract database returned no matching contract (sweep 2026-07-25); last daily bar 2023-07-05, before the catalog cutoff 2026-05-01 — consistent with delisting","_bmad-output/implementation-artifacts/venue-backfill-evidence/results.csv row 'BIDS' (outcome=not_found, 20.001s, 2 attempt(s)); catalog_instruments.date_range_end_daily=2023-07-05"
BJK,"IBKR contract database returned no matching contract (sweep 2026-07-25); last daily bar 2026-04-08, before the catalog cutoff 2026-05-01 — consistent with delisting","_bmad-output/implementation-artifacts/venue-backfill-evidence/results.csv row 'BJK' (outcome=not_found, 20.004s, 2 attempt(s)); catalog_instruments.date_range_end_daily=2026-04-08"
BKIV,"IBKR contract database returned no matching contract (sweep 2026-07-25); last daily bar 2025-09-12, before the catalog cutoff 2026-05-01 — consistent with delisting","_bmad-output/implementation-artifacts/venue-backfill-evidence/results.csv row 'BKIV' (outcome=not_found, 20.006s, 2 attempt(s)); catalog_instruments.date_range_end_daily=2025-09-12"
BKSB,"IBKR contract database returned no matching contract (sweep 2026-07-25); last daily bar 2023-09-06, before the catalog cutoff 2026-05-01 — consistent with delisting","_bmad-output/implementation-artifacts/venue-backfill-evidence/results.csv row 'BKSB' (outcome=not_found, 20.003s, 2 attempt(s)); catalog_instruments.date_range_end_daily=2023-09-06"
BKWO,"IBKR contract database returned no matching contract (sweep 2026-07-25); last daily bar 2025-09-12, before the catalog cutoff 2026-05-01 — consistent with delisting","_bmad-output/implementation-artifacts/venue-backfill-evidence/results.csv row 'BKWO' (outcome=not_found, 20.005s, 2 attempt(s)); catalog_instruments.date_range_end_daily=2025-09-12"
BLCN,"IBKR contract database returned no matching contract (sweep 2026-07-25); traded to the catalog cutoff 2026-05-01, so delisted between then and the sweep","_bmad-output/implementation-artifacts/venue-backfill-evidence/results.csv row 'BLCN' (outcome=not_found, 20.008s, 2 attempt(s)); catalog_instruments.date_range_end_daily=2026-05-01"
BLHY,"IBKR contract database returned no matching contract (sweep 2026-07-25); last daily bar 2024-06-28, before the catalog cutoff 2026-05-01 — consistent with delisting","_bmad-output/implementation-artifacts/venue-backfill-evidence/results.csv row 'BLHY' (outcome=not_found, 20.006s, 2 attempt(s)); catalog_instruments.date_range_end_daily=2024-06-28"
BLLD,"IBKR contract database returned no matching contract (sweep 2026-07-25); last daily bar 2025-03-21, before the catalog cutoff 2026-05-01 — consistent with delisting","_bmad-output/implementation-artifacts/venue-backfill-evidence/results.csv row 'BLLD' (outcome=not_found, 20.006s, 2 attempt(s)); catalog_instruments.date_range_end_daily=2025-03-21"
BLNG,"IBKR contract database returned no matching contract (sweep 2026-07-25); last daily bar 2023-07-26, before the catalog cutoff 2026-05-01 — consistent with delisting","_bmad-output/implementation-artifacts/venue-backfill-evidence/results.csv row 'BLNG' (outcome=not_found, 20.004s, 2 attempt(s)); catalog_instruments.date_range_end_daily=2023-07-26"
BMAX,"IBKR contract database returned no matching contract (sweep 2026-07-25); last daily bar 2026-04-13, before the catalog cutoff 2026-05-01 — consistent with delisting","_bmad-output/implementation-artifacts/venue-backfill-evidence/results.csv row 'BMAX' (outcome=not_found, 20.007s, 2 attempt(s)); catalog_instruments.date_range_end_daily=2026-04-13"
BMDL,"IBKR contract database returned no matching contract (sweep 2026-07-25); last daily bar 2026-01-29, before the catalog cutoff 2026-05-01 — consistent with delisting","_bmad-output/implementation-artifacts/venue-backfill-evidence/results.csv row 'BMDL' (outcome=not_found, 20.003s, 2 attempt(s)); catalog_instruments.date_range_end_daily=2026-01-29"
BNE,"IBKR contract database returned no matching contract (sweep 2026-07-25); last daily bar 2024-09-26, before the catalog cutoff 2026-05-01 — consistent with delisting","_bmad-output/implementation-artifacts/venue-backfill-evidence/results.csv row 'BNE' (outcome=not_found, 20.006s, 2 attempt(s)); catalog_instruments.date_range_end_daily=2024-09-26"
BOED,"IBKR contract database returned no matching contract (sweep 2026-07-25); last daily bar 2026-04-10, before the catalog cutoff 2026-05-01 — consistent with delisting","_bmad-output/implementation-artifacts/venue-backfill-evidence/results.csv row 'BOED' (outcome=not_found, 20.008s, 2 attempt(s)); catalog_instruments.date_range_end_daily=2026-04-10"
BOSS,"IBKR contract database returned no matching contract (sweep 2026-07-25); last daily bar 2023-11-10, before the catalog cutoff 2026-05-01 — consistent with delisting","_bmad-output/implementation-artifacts/venue-backfill-evidence/results.csv row 'BOSS' (outcome=not_found, 20.008s, 2 attempt(s)); catalog_instruments.date_range_end_daily=2023-11-10"
BSCE,"IBKR contract database returned no matching contract (sweep 2026-07-25); last daily bar 2023-03-30, before the catalog cutoff 2026-05-01 — consistent with delisting","_bmad-output/implementation-artifacts/venue-backfill-evidence/results.csv row 'BSCE' (outcome=not_found, 20.005s, 2 attempt(s)); catalog_instruments.date_range_end_daily=2023-03-30"
BSCN,"IBKR contract database returned no matching contract (sweep 2026-07-25); last daily bar 2023-12-15, before the catalog cutoff 2026-05-01 — consistent with delisting","_bmad-output/implementation-artifacts/venue-backfill-evidence/results.csv row 'BSCN' (outcome=not_found, 20.007s, 2 attempt(s)); catalog_instruments.date_range_end_daily=2023-12-15"
BSCO,"IBKR contract database returned no matching contract (sweep 2026-07-25); last daily bar 2024-12-13, before the catalog cutoff 2026-05-01 — consistent with delisting","_bmad-output/implementation-artifacts/venue-backfill-evidence/results.csv row 'BSCO' (outcome=not_found, 20.007s, 2 attempt(s)); catalog_instruments.date_range_end_daily=2024-12-13"
BSCP,"IBKR contract database returned no matching contract (sweep 2026-07-25); last daily bar 2025-12-15, before the catalog cutoff 2026-05-01 — consistent with delisting","_bmad-output/implementation-artifacts/venue-backfill-evidence/results.csv row 'BSCP' (outcome=not_found, 20.009s, 2 attempt(s)); catalog_instruments.date_range_end_daily=2025-12-15"
BSDE,"IBKR contract database returned no matching contract (sweep 2026-07-25); last daily bar 2023-03-30, before the catalog cutoff 2026-05-01 — consistent with delisting","_bmad-output/implementation-artifacts/venue-backfill-evidence/results.csv row 'BSDE' (outcome=not_found, 20.008s, 2 attempt(s)); catalog_instruments.date_range_end_daily=2023-03-30"
BSEA,"IBKR contract database returned no matching contract (sweep 2026-07-25); last daily bar 2023-07-20, before the catalog cutoff 2026-05-01 — consistent with delisting","_bmad-output/implementation-artifacts/venue-backfill-evidence/results.csv row 'BSEA' (outcome=not_found, 20.006s, 2 attempt(s)); catalog_instruments.date_range_end_daily=2023-07-20"
BSJN,"IBKR contract database returned no matching contract (sweep 2026-07-25); last daily bar 2023-12-15, before the catalog cutoff 2026-05-01 — consistent with delisting","_bmad-output/implementation-artifacts/venue-backfill-evidence/results.csv row 'BSJN' (outcome=not_found, 20.010s, 2 attempt(s)); catalog_instruments.date_range_end_daily=2023-12-15"
BSJO,"IBKR contract database returned no matching contract (sweep 2026-07-25); last daily bar 2024-12-13, before the catalog cutoff 2026-05-01 — consistent with delisting","_bmad-output/implementation-artifacts/venue-backfill-evidence/results.csv row 'BSJO' (outcome=not_found, 20.007s, 2 attempt(s)); catalog_instruments.date_range_end_daily=2024-12-13"
BSJP,"IBKR contract database returned no matching contract (sweep 2026-07-25); last daily bar 2025-12-15, before the catalog cutoff 2026-05-01 — consistent with delisting","_bmad-output/implementation-artifacts/venue-backfill-evidence/results.csv row 'BSJP' (outcome=not_found, 20.008s, 2 attempt(s)); catalog_instruments.date_range_end_daily=2025-12-15"
BSMN,"IBKR contract database returned no matching contract (sweep 2026-07-25); last daily bar 2023-12-15, before the catalog cutoff 2026-05-01 — consistent with delisting","_bmad-output/implementation-artifacts/venue-backfill-evidence/results.csv row 'BSMN' (outcome=not_found, 20.008s, 2 attempt(s)); catalog_instruments.date_range_end_daily=2023-12-15"
BSMO,"IBKR contract database returned no matching contract (sweep 2026-07-25); last daily bar 2024-12-13, before the catalog cutoff 2026-05-01 — consistent with delisting","_bmad-output/implementation-artifacts/venue-backfill-evidence/results.csv row 'BSMO' (outcome=not_found, 20.006s, 2 attempt(s)); catalog_instruments.date_range_end_daily=2024-12-13"
BSMP,"IBKR contract database returned no matching contract (sweep 2026-07-25); last daily bar 2025-12-15, before the catalog cutoff 2026-05-01 — consistent with delisting","_bmad-output/implementation-artifacts/venue-backfill-evidence/results.csv row 'BSMP' (outcome=not_found, 20.005s, 2 attempt(s)); catalog_instruments.date_range_end_daily=2025-12-15"
BTEC,"IBKR contract database returned no matching contract (sweep 2026-07-25); last daily bar 2024-07-31, before the catalog cutoff 2026-05-01 — consistent with delisting","_bmad-output/implementation-artifacts/venue-backfill-evidence/results.csv row 'BTEC' (outcome=not_found, 20.010s, 2 attempt(s)); catalog_instruments.date_range_end_daily=2024-07-31"
BTEK,"IBKR contract database returned no matching contract (sweep 2026-07-25); last daily bar 2024-08-12, before the catalog cutoff 2026-05-01 — consistent with delisting","_bmad-output/implementation-artifacts/venue-backfill-evidence/results.csv row 'BTEK' (outcome=not_found, 20.007s, 2 attempt(s)); catalog_instruments.date_range_end_daily=2024-08-12"
BTFX,"IBKR contract database returned no matching contract (sweep 2026-07-25); last daily bar 2025-12-15, before the catalog cutoff 2026-05-01 — consistent with delisting","_bmad-output/implementation-artifacts/venue-backfill-evidence/results.csv row 'BTFX' (outcome=not_found, 20.013s, 2 attempt(s)); catalog_instruments.date_range_end_daily=2025-12-15"
BTHM,"IBKR contract database returned no matching contract (sweep 2026-07-25); last daily bar 2024-10-09, before the catalog cutoff 2026-05-01 — consistent with delisting","_bmad-output/implementation-artifacts/venue-backfill-evidence/results.csv row 'BTHM' (outcome=not_found, 20.008s, 2 attempt(s)); catalog_instruments.date_range_end_daily=2024-10-09"
BTOP,"IBKR contract database returned no matching contract (sweep 2026-07-25); traded to the catalog cutoff 2026-05-01, so delisted between then and the sweep","_bmad-output/implementation-artifacts/venue-backfill-evidence/results.csv row 'BTOP' (outcome=not_found, 20.005s, 2 attempt(s)); catalog_instruments.date_range_end_daily=2026-05-01"
BU,"IBKR contract database returned no matching contract (sweep 2026-07-25); traded to the catalog cutoff 2026-05-01, so delisted between then and the sweep","_bmad-output/implementation-artifacts/venue-backfill-evidence/results.csv row 'BU' (outcome=not_found, 20.011s, 2 attempt(s)); catalog_instruments.date_range_end_daily=2026-05-01"
BULX,"IBKR contract database returned no matching contract (sweep 2026-07-25); traded to the catalog cutoff 2026-05-01, so delisted between then and the sweep","_bmad-output/implementation-artifacts/venue-backfill-evidence/results.csv row 'BULX' (outcome=not_found, 20.005s, 2 attempt(s)); catalog_instruments.date_range_end_daily=2026-05-01"
BWEB,"IBKR contract database returned no matching contract (sweep 2026-07-25); traded to the catalog cutoff 2026-05-01, so delisted between then and the sweep","_bmad-output/implementation-artifacts/venue-backfill-evidence/results.csv row 'BWEB' (outcome=not_found, 20.008s, 2 attempt(s)); catalog_instruments.date_range_end_daily=2026-05-01"
BYTE,"IBKR contract database returned no matching contract (sweep 2026-07-25); last daily bar 2023-12-12, before the catalog cutoff 2026-05-01 — consistent with delisting","_bmad-output/implementation-artifacts/venue-backfill-evidence/results.csv row 'BYTE' (outcome=not_found, 20.004s, 2 attempt(s)); catalog_instruments.date_range_end_daily=2023-12-12"
CA,"IBKR contract database returned no matching contract (sweep 2026-07-25); traded to the catalog cutoff 2026-05-01, so delisted between then and the sweep","_bmad-output/implementation-artifacts/venue-backfill-evidence/results.csv row 'CA' (outcome=not_found, 20.007s, 2 attempt(s)); catalog_instruments.date_range_end_daily=2026-05-01"
CACG,"IBKR contract database returned no matching contract (sweep 2026-07-25); last daily bar 2024-06-14, before the catalog cutoff 2026-05-01 — consistent with delisting","_bmad-output/implementation-artifacts/venue-backfill-evidence/results.csv row 'CACG' (outcome=not_found, 20.007s, 2 attempt(s)); catalog_instruments.date_range_end_daily=2024-06-14"
CCMG,"IBKR contract database returned no matching contract (sweep 2026-07-25); last daily bar 2025-10-28, before the catalog cutoff 2026-05-01 — consistent with delisting","_bmad-output/implementation-artifacts/venue-backfill-evidence/results.csv row 'CCMG' (outcome=not_found, 20.008s, 2 attempt(s)); catalog_instruments.date_range_end_daily=2025-10-28"
CCRV,"IBKR contract database returned no matching contract (sweep 2026-07-25); last daily bar 2025-08-18, before the catalog cutoff 2026-05-01 — consistent with delisting","_bmad-output/implementation-artifacts/venue-backfill-evidence/results.csv row 'CCRV' (outcome=not_found, 20.010s, 2 attempt(s)); catalog_instruments.date_range_end_daily=2025-08-18"
CETH,"IBKR contract database returned no matching contract (sweep 2026-07-25); last daily bar 2025-08-27, before the catalog cutoff 2026-05-01 — consistent with delisting","_bmad-output/implementation-artifacts/venue-backfill-evidence/results.csv row 'CETH' (outcome=not_found, 20.007s, 2 attempt(s)); catalog_instruments.date_range_end_daily=2025-08-27"
CFCV,"IBKR contract database returned no matching contract (sweep 2026-07-25); last daily bar 2024-10-29, before the catalog cutoff 2026-05-01 — consistent with delisting","_bmad-output/implementation-artifacts/venue-backfill-evidence/results.csv row 'CFCV' (outcome=not_found, 20.010s, 2 attempt(s)); catalog_instruments.date_range_end_daily=2024-10-29"
CHAD,"IBKR contract database returned no matching contract (sweep 2026-07-25); last daily bar 2023-02-17, before the catalog cutoff 2026-05-01 — consistent with delisting","_bmad-output/implementation-artifacts/venue-backfill-evidence/results.csv row 'CHAD' (outcome=not_found, 20.007s, 2 attempt(s)); catalog_instruments.date_range_end_daily=2023-02-17"
CHB,"IBKR contract database returned no matching contract (sweep 2026-07-25); last daily bar 2024-02-16, before the catalog cutoff 2026-05-01 — consistent with delisting","_bmad-output/implementation-artifacts/venue-backfill-evidence/results.csv row 'CHB' (outcome=not_found, 20.007s, 2 attempt(s)); catalog_instruments.date_range_end_daily=2024-02-16"
CHIC,"IBKR contract database returned no matching contract (sweep 2026-07-25); last daily bar 2024-02-16, before the catalog cutoff 2026-05-01 — consistent with delisting","_bmad-output/implementation-artifacts/venue-backfill-evidence/results.csv row 'CHIC' (outcome=not_found, 20.006s, 2 attempt(s)); catalog_instruments.date_range_end_daily=2024-02-16"
CHIE,"IBKR contract database returned no matching contract (sweep 2026-07-25); last daily bar 2024-02-16, before the catalog cutoff 2026-05-01 — consistent with delisting","_bmad-output/implementation-artifacts/venue-backfill-evidence/results.csv row 'CHIE' (outcome=not_found, 20.009s, 2 attempt(s)); catalog_instruments.date_range_end_daily=2024-02-16"
CHIH,"IBKR contract database returned no matching contract (sweep 2026-07-25); last daily bar 2024-02-16, before the catalog cutoff 2026-05-01 — consistent with delisting","_bmad-output/implementation-artifacts/venue-backfill-evidence/results.csv row 'CHIH' (outcome=not_found, 20.010s, 2 attempt(s)); catalog_instruments.date_range_end_daily=2024-02-16"
CHII,"IBKR contract database returned no matching contract (sweep 2026-07-25); last daily bar 2024-02-16, before the catalog cutoff 2026-05-01 — consistent with delisting","_bmad-output/implementation-artifacts/venue-backfill-evidence/results.csv row 'CHII' (outcome=not_found, 20.011s, 2 attempt(s)); catalog_instruments.date_range_end_daily=2024-02-16"
CHIK,"IBKR contract database returned no matching contract (sweep 2026-07-25); last daily bar 2024-02-16, before the catalog cutoff 2026-05-01 — consistent with delisting","_bmad-output/implementation-artifacts/venue-backfill-evidence/results.csv row 'CHIK' (outcome=not_found, 20.010s, 2 attempt(s)); catalog_instruments.date_range_end_daily=2024-02-16"
CHIM,"IBKR contract database returned no matching contract (sweep 2026-07-25); last daily bar 2024-02-16, before the catalog cutoff 2026-05-01 — consistent with delisting","_bmad-output/implementation-artifacts/venue-backfill-evidence/results.csv row 'CHIM' (outcome=not_found, 20.011s, 2 attempt(s)); catalog_instruments.date_range_end_daily=2024-02-16"
CHIR,"IBKR contract database returned no matching contract (sweep 2026-07-25); last daily bar 2024-02-16, before the catalog cutoff 2026-05-01 — consistent with delisting","_bmad-output/implementation-artifacts/venue-backfill-evidence/results.csv row 'CHIR' (outcome=not_found, 20.005s, 2 attempt(s)); catalog_instruments.date_range_end_daily=2024-02-16"
CHIS,"IBKR contract database returned no matching contract (sweep 2026-07-25); last daily bar 2024-02-16, before the catalog cutoff 2026-05-01 — consistent with delisting","_bmad-output/implementation-artifacts/venue-backfill-evidence/results.csv row 'CHIS' (outcome=not_found, 20.005s, 2 attempt(s)); catalog_instruments.date_range_end_daily=2024-02-16"
CHIU,"IBKR contract database returned no matching contract (sweep 2026-07-25); last daily bar 2024-02-16, before the catalog cutoff 2026-05-01 — consistent with delisting","_bmad-output/implementation-artifacts/venue-backfill-evidence/results.csv row 'CHIU' (outcome=not_found, 20.012s, 2 attempt(s)); catalog_instruments.date_range_end_daily=2024-02-16"
CHIX,"IBKR contract database returned no matching contract (sweep 2026-07-25); last daily bar 2024-02-16, before the catalog cutoff 2026-05-01 — consistent with delisting","_bmad-output/implementation-artifacts/venue-backfill-evidence/results.csv row 'CHIX' (outcome=not_found, 20.009s, 2 attempt(s)); catalog_instruments.date_range_end_daily=2024-02-16"
CHNA,"IBKR contract database returned no matching contract (sweep 2026-07-25); last daily bar 2023-10-20, before the catalog cutoff 2026-05-01 — consistent with delisting","_bmad-output/implementation-artifacts/venue-backfill-evidence/results.csv row 'CHNA' (outcome=not_found, 20.004s, 2 attempt(s)); catalog_instruments.date_range_end_daily=2023-10-20"
CID,"IBKR contract database returned no matching contract (sweep 2026-07-25); last daily bar 2024-10-23, before the catalog cutoff 2026-05-01 — consistent with delisting","_bmad-output/implementation-artifacts/venue-backfill-evidence/results.csv row 'CID' (outcome=not_found, 20.006s, 2 attempt(s)); catalog_instruments.date_range_end_daily=2024-10-23"
CIL,"IBKR contract database returned no matching contract (sweep 2026-07-25); last daily bar 2026-01-29, before the catalog cutoff 2026-05-01 — consistent with delisting","_bmad-output/implementation-artifacts/venue-backfill-evidence/results.csv row 'CIL' (outcome=not_found, 20.004s, 2 attempt(s)); catalog_instruments.date_range_end_daily=2026-01-29"
CIZ,"IBKR contract database returned no matching contract (sweep 2026-07-25); last daily bar 2024-10-23, before the catalog cutoff 2026-05-01 — consistent with delisting","_bmad-output/implementation-artifacts/venue-backfill-evidence/results.csv row 'CIZ' (outcome=not_found, 20.008s, 2 attempt(s)); catalog_instruments.date_range_end_daily=2024-10-23"
CLDL,"IBKR contract database returned no matching contract (sweep 2026-07-25); last daily bar 2025-07-24, before the catalog cutoff 2026-05-01 — consistent with delisting","_bmad-output/implementation-artifacts/venue-backfill-evidence/results.csv row 'CLDL' (outcome=not_found, 20.007s, 2 attempt(s)); catalog_instruments.date_range_end_daily=2025-07-24"
CLNR,"IBKR contract database returned no matching contract (sweep 2026-07-25); last daily bar 2025-04-09, before the catalog cutoff 2026-05-01 — consistent with delisting","_bmad-output/implementation-artifacts/venue-backfill-evidence/results.csv row 'CLNR' (outcome=not_found, 20.001s, 2 attempt(s)); catalog_instruments.date_range_end_daily=2025-04-09"
CLRG,"IBKR contract database returned no matching contract (sweep 2026-07-25); last daily bar 2023-12-12, before the catalog cutoff 2026-05-01 — consistent with delisting","_bmad-output/implementation-artifacts/venue-backfill-evidence/results.csv row 'CLRG' (outcome=not_found, 20.005s, 2 attempt(s)); catalog_instruments.date_range_end_daily=2023-12-12"
CLSA,"IBKR contract database returned no matching contract (sweep 2026-07-25); last daily bar 2024-01-05, before the catalog cutoff 2026-05-01 — consistent with delisting","_bmad-output/implementation-artifacts/venue-backfill-evidence/results.csv row 'CLSA' (outcome=not_found, 20.004s, 2 attempt(s)); catalog_instruments.date_range_end_daily=2024-01-05"
CLSC,"IBKR contract database returned no matching contract (sweep 2026-07-25); last daily bar 2024-01-05, before the catalog cutoff 2026-05-01 — consistent with delisting","_bmad-output/implementation-artifacts/venue-backfill-evidence/results.csv row 'CLSC' (outcome=not_found, 20.004s, 2 attempt(s)); catalog_instruments.date_range_end_daily=2024-01-05"
CLTL,"IBKR contract database returned no matching contract (sweep 2026-07-25); last daily bar 2023-08-25, before the catalog cutoff 2026-05-01 — consistent with delisting","_bmad-output/implementation-artifacts/venue-backfill-evidence/results.csv row 'CLTL' (outcome=not_found, 20.009s, 2 attempt(s)); catalog_instruments.date_range_end_daily=2023-08-25"
CN,"IBKR contract database returned no matching contract (sweep 2026-07-25); last daily bar 2024-03-13, before the catalog cutoff 2026-05-01 — consistent with delisting","_bmad-output/implementation-artifacts/venue-backfill-evidence/results.csv row 'CN' (outcome=not_found, 20.004s, 2 attempt(s)); catalog_instruments.date_range_end_daily=2024-03-13"
CNCR,"IBKR contract database returned no matching contract (sweep 2026-07-25); last daily bar 2025-05-27, before the catalog cutoff 2026-05-01 — consistent with delisting","_bmad-output/implementation-artifacts/venue-backfill-evidence/results.csv row 'CNCR' (outcome=not_found, 20.007s, 2 attempt(s)); catalog_instruments.date_range_end_daily=2025-05-27"
COII,"IBKR contract database returned no matching contract (sweep 2026-07-25); traded to the catalog cutoff 2026-05-01, so delisted between then and the sweep","_bmad-output/implementation-artifacts/venue-backfill-evidence/results.csv row 'COII' (outcome=not_found, 20.002s, 2 attempt(s)); catalog_instruments.date_range_end_daily=2026-05-01"
COW,"IBKR contract database returned no matching contract (sweep 2026-07-25); last daily bar 2023-06-07, before the catalog cutoff 2026-05-01 — consistent with delisting","_bmad-output/implementation-artifacts/venue-backfill-evidence/results.csv row 'COW' (outcome=not_found, 20.004s, 2 attempt(s)); catalog_instruments.date_range_end_daily=2023-06-07"
CPI,"IBKR contract database returned no matching contract (sweep 2026-07-25); last daily bar 2023-12-12, before the catalog cutoff 2026-05-01 — consistent with delisting","_bmad-output/implementation-artifacts/venue-backfill-evidence/results.csv row 'CPI' (outcome=not_found, 20.005s, 2 attempt(s)); catalog_instruments.date_range_end_daily=2023-12-12"
CRIT,"IBKR contract database returned no matching contract (sweep 2026-07-25); last daily bar 2025-03-18, before the catalog cutoff 2026-05-01 — consistent with delisting","_bmad-output/implementation-artifacts/venue-backfill-evidence/results.csv row 'CRIT' (outcome=not_found, 20.005s, 2 attempt(s)); catalog_instruments.date_range_end_daily=2025-03-18"
CRUZ,"IBKR contract database returned no matching contract (sweep 2026-07-25); last daily bar 2025-04-28, before the catalog cutoff 2026-05-01 — consistent with delisting","_bmad-output/implementation-artifacts/venue-backfill-evidence/results.csv row 'CRUZ' (outcome=not_found, 20.006s, 2 attempt(s)); catalog_instruments.date_range_end_daily=2025-04-28"
CSA,"IBKR contract database returned no matching contract (sweep 2026-07-25); last daily bar 2025-04-23, before the catalog cutoff 2026-05-01 — consistent with delisting","_bmad-output/implementation-artifacts/venue-backfill-evidence/results.csv row 'CSA' (outcome=not_found, 20.001s, 2 attempt(s)); catalog_instruments.date_range_end_daily=2025-04-23"
CSF,"IBKR contract database returned no matching contract (sweep 2026-07-25); last daily bar 2025-04-23, before the catalog cutoff 2026-05-01 — consistent with delisting","_bmad-output/implementation-artifacts/venue-backfill-evidence/results.csv row 'CSF' (outcome=not_found, 20.001s, 2 attempt(s)); catalog_instruments.date_range_end_daily=2025-04-23"
CSML,"IBKR contract database returned no matching contract (sweep 2026-07-25); last daily bar 2024-04-22, before the catalog cutoff 2026-05-01 — consistent with delisting","_bmad-output/implementation-artifacts/venue-backfill-evidence/results.csv row 'CSML' (outcome=not_found, 20.005s, 2 attempt(s)); catalog_instruments.date_range_end_daily=2024-04-22"
CUBS,"IBKR contract database returned no matching contract (sweep 2026-07-25); last daily bar 2023-08-28, before the catalog cutoff 2026-05-01 — consistent with delisting","_bmad-output/implementation-artifacts/venue-backfill-evidence/results.csv row 'CUBS' (outcome=not_found, 20.003s, 2 attempt(s)); catalog_instruments.date_range_end_daily=2023-08-28"
CUSD,"IBKR contract database returned no matching contract (sweep 2026-07-25); traded to the catalog cutoff 2026-05-01, so delisted between then and the sweep","_bmad-output/implementation-artifacts/venue-backfill-evidence/results.csv row 'CUSD' (outcome=not_found, 20.001s, 2 attempt(s)); catalog_instruments.date_range_end_daily=2026-05-01"
CVSE,"IBKR contract database returned no matching contract (sweep 2026-07-25); last daily bar 2025-10-14, before the catalog cutoff 2026-05-01 — consistent with delisting","_bmad-output/implementation-artifacts/venue-backfill-evidence/results.csv row 'CVSE' (outcome=not_found, 20.004s, 2 attempt(s)); catalog_instruments.date_range_end_daily=2025-10-14"
CYA,"IBKR contract database returned no matching contract (sweep 2026-07-25); last daily bar 2024-03-07, before the catalog cutoff 2026-05-01 — consistent with delisting","_bmad-output/implementation-artifacts/venue-backfill-evidence/results.csv row 'CYA' (outcome=not_found, 20.002s, 2 attempt(s)); catalog_instruments.date_range_end_daily=2024-03-07"
CYB,"IBKR contract database returned no matching contract (sweep 2026-07-25); last daily bar 2023-10-20, before the catalog cutoff 2026-05-01 — consistent with delisting","_bmad-output/implementation-artifacts/venue-backfill-evidence/results.csv row 'CYB' (outcome=not_found, 20.005s, 2 attempt(s)); catalog_instruments.date_range_end_daily=2023-10-20"
DALT,"IBKR contract database returned no matching contract (sweep 2026-07-25); last daily bar 2024-04-19, before the catalog cutoff 2026-05-01 — consistent with delisting","_bmad-output/implementation-artifacts/venue-backfill-evidence/results.csv row 'DALT' (outcome=not_found, 20.003s, 2 attempt(s)); catalog_instruments.date_range_end_daily=2024-04-19"
DBEH,"IBKR contract database returned no matching contract (sweep 2026-07-25); last daily bar 2024-09-16, before the catalog cutoff 2026-05-01 — consistent with delisting","_bmad-output/implementation-artifacts/venue-backfill-evidence/results.csv row 'DBEH' (outcome=not_found, 20.004s, 2 attempt(s)); catalog_instruments.date_range_end_daily=2024-09-16"
DBGR,"IBKR contract database returned no matching contract (sweep 2026-07-25); last daily bar 2024-03-13, before the catalog cutoff 2026-05-01 — consistent with delisting","_bmad-output/implementation-artifacts/venue-backfill-evidence/results.csv row 'DBGR' (outcome=not_found, 20.007s, 2 attempt(s)); catalog_instruments.date_range_end_daily=2024-03-13"
DBJA,"IBKR contract database returned no matching contract (sweep 2026-07-25); last daily bar 2024-01-02, before the catalog cutoff 2026-05-01 — consistent with delisting","_bmad-output/implementation-artifacts/venue-backfill-evidence/results.csv row 'DBJA' (outcome=not_found, 20.005s, 2 attempt(s)); catalog_instruments.date_range_end_daily=2024-01-02"
DBOC,"IBKR contract database returned no matching contract (sweep 2026-07-25); last daily bar 2023-10-02, before the catalog cutoff 2026-05-01 — consistent with delisting","_bmad-output/implementation-artifacts/venue-backfill-evidence/results.csv row 'DBOC' (outcome=not_found, 20.001s, 2 attempt(s)); catalog_instruments.date_range_end_daily=2023-10-02"
DBS,"IBKR contract database returned no matching contract (sweep 2026-07-25); last daily bar 2023-03-03, before the catalog cutoff 2026-05-01 — consistent with delisting","_bmad-output/implementation-artifacts/venue-backfill-evidence/results.csv row 'DBS' (outcome=not_found, 20.002s, 2 attempt(s)); catalog_instruments.date_range_end_daily=2023-03-03"
DBV,"IBKR contract database returned no matching contract (sweep 2026-07-25); last daily bar 2023-03-03, before the catalog cutoff 2026-05-01 — consistent with delisting","_bmad-output/implementation-artifacts/venue-backfill-evidence/results.csv row 'DBV' (outcome=not_found, 20.009s, 2 attempt(s)); catalog_instruments.date_range_end_daily=2023-03-03"
DEF,"IBKR contract database returned no matching contract (sweep 2026-07-25); last daily bar 2024-06-28, before the catalog cutoff 2026-05-01 — consistent with delisting","_bmad-output/implementation-artifacts/venue-backfill-evidence/results.csv row 'DEF' (outcome=not_found, 20.005s, 2 attempt(s)); catalog_instruments.date_range_end_daily=2024-06-28"
DFHY,"IBKR contract database returned no matching contract (sweep 2026-07-25); last daily bar 2024-12-12, before the catalog cutoff 2026-05-01 — consistent with delisting","_bmad-output/implementation-artifacts/venue-backfill-evidence/results.csv row 'DFHY' (outcome=not_found, 20.004s, 2 attempt(s)); catalog_instruments.date_range_end_daily=2024-12-12"
DFND,"IBKR contract database returned no matching contract (sweep 2026-07-25); last daily bar 2025-12-12, before the catalog cutoff 2026-05-01 — consistent with delisting","_bmad-output/implementation-artifacts/venue-backfill-evidence/results.csv row 'DFND' (outcome=not_found, 20.002s, 2 attempt(s)); catalog_instruments.date_range_end_daily=2025-12-12"
DFNV,"IBKR contract database returned no matching contract (sweep 2026-07-25); last daily bar 2024-12-12, before the catalog cutoff 2026-05-01 — consistent with delisting","_bmad-output/implementation-artifacts/venue-backfill-evidence/results.csv row 'DFNV' (outcome=not_found, 20.003s, 2 attempt(s)); catalog_instruments.date_range_end_daily=2024-12-12"
DFRA,"IBKR contract database returned no matching contract (sweep 2026-07-25); last daily bar 2024-12-12, before the catalog cutoff 2026-05-01 — consistent with delisting","_bmad-output/implementation-artifacts/venue-backfill-evidence/results.csv row 'DFRA' (outcome=not_found, 20.012s, 2 attempt(s)); catalog_instruments.date_range_end_daily=2024-12-12"
DGL,"IBKR contract database returned no matching contract (sweep 2026-07-25); last daily bar 2023-03-03, before the catalog cutoff 2026-05-01 — consistent with delisting","_bmad-output/implementation-artifacts/venue-backfill-evidence/results.csv row 'DGL' (outcome=not_found, 20.006s, 2 attempt(s)); catalog_instruments.date_range_end_daily=2023-03-03"
DISO,"IBKR contract database returned no matching contract (sweep 2026-07-25); traded to the catalog cutoff 2026-05-01, so delisted between then and the sweep","_bmad-output/implementation-artifacts/venue-backfill-evidence/results.csv row 'DISO' (outcome=not_found, 20.009s, 2 attempt(s)); catalog_instruments.date_range_end_daily=2026-05-01"
DJCB,"IBKR contract database returned no matching contract (sweep 2026-07-25); last daily bar 2024-12-11, before the catalog cutoff 2026-05-01 — consistent with delisting","_bmad-output/implementation-artifacts/venue-backfill-evidence/results.csv row 'DJCB' (outcome=not_found, 20.005s, 2 attempt(s)); catalog_instruments.date_range_end_daily=2024-12-11"
DMAT,"IBKR contract database returned no matching contract (sweep 2026-07-25); last daily bar 2026-02-27, before the catalog cutoff 2026-05-01 — consistent with delisting","_bmad-output/implementation-artifacts/venue-backfill-evidence/results.csv row 'DMAT' (outcome=not_found, 20.007s, 2 attempt(s)); catalog_instruments.date_range_end_daily=2026-02-27"
DMCY,"IBKR contract database returned no matching contract (sweep 2026-07-25); last daily bar 2026-02-17, before the catalog cutoff 2026-05-01 — consistent with delisting","_bmad-output/implementation-artifacts/venue-backfill-evidence/results.csv row 'DMCY' (outcome=not_found, 20.005s, 2 attempt(s)); catalog_instruments.date_range_end_daily=2026-02-17"
DMDV,"IBKR contract database returned no matching contract (sweep 2026-07-25); last daily bar 2024-10-17, before the catalog cutoff 2026-05-01 — consistent with delisting","_bmad-output/implementation-artifacts/venue-backfill-evidence/results.csv row 'DMDV' (outcome=not_found, 20.007s, 2 attempt(s)); catalog_instruments.date_range_end_daily=2024-10-17"
DOZR,"IBKR contract database returned no matching contract (sweep 2026-07-25); last daily bar 2023-02-17, before the catalog cutoff 2026-05-01 — consistent with delisting","_bmad-output/implementation-artifacts/venue-backfill-evidence/results.csv row 'DOZR' (outcome=not_found, 20.006s, 2 attempt(s)); catalog_instruments.date_range_end_daily=2023-02-17"
DSCF,"IBKR contract database returned no matching contract (sweep 2026-07-25); last daily bar 2025-11-04, before the catalog cutoff 2026-05-01 — consistent with delisting","_bmad-output/implementation-artifacts/venue-backfill-evidence/results.csv row 'DSCF' (outcome=not_found, 20.005s, 2 attempt(s)); catalog_instruments.date_range_end_daily=2025-11-04"
DSJA,"IBKR contract database returned no matching contract (sweep 2026-07-25); last daily bar 2024-01-02, before the catalog cutoff 2026-05-01 — consistent with delisting","_bmad-output/implementation-artifacts/venue-backfill-evidence/results.csv row 'DSJA' (outcome=not_found, 20.008s, 2 attempt(s)); catalog_instruments.date_range_end_daily=2024-01-02"
DSOC,"IBKR contract database returned no matching contract (sweep 2026-07-25); last daily bar 2023-10-02, before the catalog cutoff 2026-05-01 — consistent with delisting","_bmad-output/implementation-artifacts/venue-backfill-evidence/results.csv row 'DSOC' (outcome=not_found, 20.004s, 2 attempt(s)); catalog_instruments.date_range_end_daily=2023-10-02"
DUDE,"IBKR contract database returned no matching contract (sweep 2026-07-25); last daily bar 2023-11-10, before the catalog cutoff 2026-05-01 — consistent with delisting","_bmad-output/implementation-artifacts/venue-backfill-evidence/results.csv row 'DUDE' (outcome=not_found, 20.008s, 2 attempt(s)); catalog_instruments.date_range_end_daily=2023-11-10"
DWAC,"IBKR contract database returned no matching contract (sweep 2026-07-25); last daily bar 2024-03-25, before the catalog cutoff 2026-05-01 — consistent with delisting","_bmad-output/implementation-artifacts/venue-backfill-evidence/results.csv row 'DWAC' (outcome=not_found, 20.008s, 2 attempt(s)); catalog_instruments.date_range_end_daily=2024-03-25"
DWAT,"IBKR contract database returned no matching contract (sweep 2026-07-25); last daily bar 2025-06-23, before the catalog cutoff 2026-05-01 — consistent with delisting","_bmad-output/implementation-artifacts/venue-backfill-evidence/results.csv row 'DWAT' (outcome=not_found, 20.007s, 2 attempt(s)); catalog_instruments.date_range_end_daily=2025-06-23"
DWCR,"IBKR contract database returned no matching contract (sweep 2026-07-25); last daily bar 2025-07-28, before the catalog cutoff 2026-05-01 — consistent with delisting","_bmad-output/implementation-artifacts/venue-backfill-evidence/results.csv row 'DWCR' (outcome=not_found, 20.004s, 2 attempt(s)); catalog_instruments.date_range_end_daily=2025-07-28"
DWEQ,"IBKR contract database returned no matching contract (sweep 2026-07-25); last daily bar 2023-03-31, before the catalog cutoff 2026-05-01 — consistent with delisting","_bmad-output/implementation-artifacts/venue-backfill-evidence/results.csv row 'DWEQ' (outcome=not_found, 20.004s, 2 attempt(s)); catalog_instruments.date_range_end_daily=2023-03-31"
DWMC,"IBKR contract database returned no matching contract (sweep 2026-07-25); last daily bar 2023-10-13, before the catalog cutoff 2026-05-01 — consistent with delisting","_bmad-output/implementation-artifacts/venue-backfill-evidence/results.csv row 'DWMC' (outcome=not_found, 20.008s, 2 attempt(s)); catalog_instruments.date_range_end_daily=2023-10-13"
DXGE,"IBKR contract database returned no matching contract (sweep 2026-07-25); last daily bar 2023-10-20, before the catalog cutoff 2026-05-01 — consistent with delisting","_bmad-output/implementation-artifacts/venue-backfill-evidence/results.csv row 'DXGE' (outcome=not_found, 20.007s, 2 attempt(s)); catalog_instruments.date_range_end_daily=2023-10-20"
DXJS,"IBKR contract database returned no matching contract (sweep 2026-07-25); last daily bar 2025-06-30, before the catalog cutoff 2026-05-01 — consistent with delisting","_bmad-output/implementation-artifacts/venue-backfill-evidence/results.csv row 'DXJS' (outcome=not_found, 20.007s, 2 attempt(s)); catalog_instruments.date_range_end_daily=2025-06-30"
DYNI,"IBKR contract database returned no matching contract (sweep 2026-07-25); last daily bar 2025-06-24, before the catalog cutoff 2026-05-01 — consistent with delisting","_bmad-output/implementation-artifacts/venue-backfill-evidence/results.csv row 'DYNI' (outcome=not_found, 20.008s, 2 attempt(s)); catalog_instruments.date_range_end_daily=2025-06-24"
EATV,"IBKR contract database returned no matching contract (sweep 2026-07-25); last daily bar 2025-05-06, before the catalog cutoff 2026-05-01 — consistent with delisting","_bmad-output/implementation-artifacts/venue-backfill-evidence/results.csv row 'EATV' (outcome=not_found, 20.006s, 2 attempt(s)); catalog_instruments.date_range_end_daily=2025-05-06"
EATZ,"IBKR contract database returned no matching contract (sweep 2026-07-25); last daily bar 2026-04-29, before the catalog cutoff 2026-05-01 — consistent with delisting","_bmad-output/implementation-artifacts/venue-backfill-evidence/results.csv row 'EATZ' (outcome=not_found, 20.006s, 2 attempt(s)); catalog_instruments.date_range_end_daily=2026-04-29"
EBLU,"IBKR contract database returned no matching contract (sweep 2026-07-25); last daily bar 2024-09-27, before the catalog cutoff 2026-05-01 — consistent with delisting","_bmad-output/implementation-artifacts/venue-backfill-evidence/results.csv row 'EBLU' (outcome=not_found, 20.009s, 2 attempt(s)); catalog_instruments.date_range_end_daily=2024-09-27"
ECLN,"IBKR contract database returned no matching contract (sweep 2026-07-25); last daily bar 2025-09-02, before the catalog cutoff 2026-05-01 — consistent with delisting","_bmad-output/implementation-artifacts/venue-backfill-evidence/results.csv row 'ECLN' (outcome=not_found, 20.005s, 2 attempt(s)); catalog_instruments.date_range_end_daily=2025-09-02"
ECOZ,"IBKR contract database returned no matching contract (sweep 2026-07-25); last daily bar 2023-07-28, before the catalog cutoff 2026-05-01 — consistent with delisting","_bmad-output/implementation-artifacts/venue-backfill-evidence/results.csv row 'ECOZ' (outcome=not_found, 20.008s, 2 attempt(s)); catalog_instruments.date_range_end_daily=2023-07-28"
EDOC,"IBKR contract database returned no matching contract (sweep 2026-07-25); last daily bar 2025-03-31, before the catalog cutoff 2026-05-01 — consistent with delisting","_bmad-output/implementation-artifacts/venue-backfill-evidence/results.csv row 'EDOC' (outcome=not_found, 20.006s, 2 attempt(s)); catalog_instruments.date_range_end_daily=2025-03-31"
EDUT,"IBKR contract database returned no matching contract (sweep 2026-07-25); last daily bar 2023-11-10, before the catalog cutoff 2026-05-01 — consistent with delisting","_bmad-output/implementation-artifacts/venue-backfill-evidence/results.csv row 'EDUT' (outcome=not_found, 20.003s, 2 attempt(s)); catalog_instruments.date_range_end_daily=2023-11-10"
EEMD,"IBKR contract database returned no matching contract (sweep 2026-07-25); last daily bar 2024-10-17, before the catalog cutoff 2026-05-01 — consistent with delisting","_bmad-output/implementation-artifacts/venue-backfill-evidence/results.csv row 'EEMD' (outcome=not_found, 20.006s, 2 attempt(s)); catalog_instruments.date_range_end_daily=2024-10-17"
EFIX,"IBKR contract database returned no matching contract (sweep 2026-07-25); last daily bar 2025-04-08, before the catalog cutoff 2026-05-01 — consistent with delisting","_bmad-output/implementation-artifacts/venue-backfill-evidence/results.csv row 'EFIX' (outcome=not_found, 20.009s, 2 attempt(s)); catalog_instruments.date_range_end_daily=2025-04-08"
EFUT,"IBKR contract database returned no matching contract (sweep 2026-07-25); last daily bar 2024-09-16, before the catalog cutoff 2026-05-01 — consistent with delisting","_bmad-output/implementation-artifacts/venue-backfill-evidence/results.csv row 'EFUT' (outcome=not_found, 20.011s, 2 attempt(s)); catalog_instruments.date_range_end_daily=2024-09-16"
EGIS,"IBKR contract database returned no matching contract (sweep 2026-07-25); last daily bar 2023-08-03, before the catalog cutoff 2026-05-01 — consistent with delisting","_bmad-output/implementation-artifacts/venue-backfill-evidence/results.csv row 'EGIS' (outcome=not_found, 20.005s, 2 attempt(s)); catalog_instruments.date_range_end_daily=2023-08-03"
EGPT,"IBKR contract database returned no matching contract (sweep 2026-07-25); last daily bar 2024-03-21, before the catalog cutoff 2026-05-01 — consistent with delisting","_bmad-output/implementation-artifacts/venue-backfill-evidence/results.csv row 'EGPT' (outcome=not_found, 20.006s, 2 attempt(s)); catalog_instruments.date_range_end_daily=2024-03-21"
ELIS,"IBKR contract database returned no matching contract (sweep 2026-07-25); last daily bar 2026-04-10, before the catalog cutoff 2026-05-01 — consistent with delisting","_bmad-output/implementation-artifacts/venue-backfill-evidence/results.csv row 'ELIS' (outcome=not_found, 20.004s, 2 attempt(s)); catalog_instruments.date_range_end_daily=2026-04-10"
EMCC,"IBKR contract database returned no matching contract (sweep 2026-07-25); last daily bar 2025-02-14, before the catalog cutoff 2026-05-01 — consistent with delisting","_bmad-output/implementation-artifacts/venue-backfill-evidence/results.csv row 'EMCC' (outcome=not_found, 20.006s, 2 attempt(s)); catalog_instruments.date_range_end_daily=2025-02-14"
EMFM,"IBKR contract database returned no matching contract (sweep 2026-07-25); last daily bar 2024-05-17, before the catalog cutoff 2026-05-01 — consistent with delisting","_bmad-output/implementation-artifacts/venue-backfill-evidence/results.csv row 'EMFM' (outcome=not_found, 20.006s, 2 attempt(s)); catalog_instruments.date_range_end_daily=2024-05-17"
EMFQ,"IBKR contract database returned no matching contract (sweep 2026-07-25); last daily bar 2024-09-05, before the catalog cutoff 2026-05-01 — consistent with delisting","_bmad-output/implementation-artifacts/venue-backfill-evidence/results.csv row 'EMFQ' (outcome=not_found, 20.006s, 2 attempt(s)); catalog_instruments.date_range_end_daily=2024-09-05"
EMSG,"IBKR contract database returned no matching contract (sweep 2026-07-25); last daily bar 2024-11-04, before the catalog cutoff 2026-05-01 — consistent with delisting","_bmad-output/implementation-artifacts/venue-backfill-evidence/results.csv row 'EMSG' (outcome=not_found, 20.008s, 2 attempt(s)); catalog_instruments.date_range_end_daily=2024-11-04"
EMTL,"IBKR contract database returned no matching contract (sweep 2026-07-25); traded to the catalog cutoff 2026-05-01, so delisted between then and the sweep","_bmad-output/implementation-artifacts/venue-backfill-evidence/results.csv row 'EMTL' (outcome=not_found, 20.007s, 2 attempt(s)); catalog_instruments.date_range_end_daily=2026-05-01"
ENTR,"IBKR contract database returned no matching contract (sweep 2026-07-25); last daily bar 2024-08-28, before the catalog cutoff 2026-05-01 — consistent with delisting","_bmad-output/implementation-artifacts/venue-backfill-evidence/results.csv row 'ENTR' (outcome=not_found, 20.006s, 2 attempt(s)); catalog_instruments.date_range_end_daily=2024-08-28"
EQLS,"IBKR contract database returned no matching contract (sweep 2026-07-25); last daily bar 2025-05-23, before the catalog cutoff 2026-05-01 — consistent with delisting","_bmad-output/implementation-artifacts/venue-backfill-evidence/results.csv row 'EQLS' (outcome=not_found, 20.003s, 2 attempt(s)); catalog_instruments.date_range_end_daily=2025-05-23"
EQOP,"IBKR contract database returned no matching contract (sweep 2026-07-25); last daily bar 2023-07-18, before the catalog cutoff 2026-05-01 — consistent with delisting","_bmad-output/implementation-artifacts/venue-backfill-evidence/results.csv row 'EQOP' (outcome=not_found, 20.010s, 2 attempt(s)); catalog_instruments.date_range_end_daily=2023-07-18"
EQUL,"IBKR contract database returned no matching contract (sweep 2026-07-25); last daily bar 2024-11-20, before the catalog cutoff 2026-05-01 — consistent with delisting","_bmad-output/implementation-artifacts/venue-backfill-evidence/results.csv row 'EQUL' (outcome=not_found, 20.006s, 2 attempt(s)); catalog_instruments.date_range_end_daily=2024-11-20"
ERM,"IBKR contract database returned no matching contract (sweep 2026-07-25); last daily bar 2023-07-14, before the catalog cutoff 2026-05-01 — consistent with delisting","_bmad-output/implementation-artifacts/venue-backfill-evidence/results.csv row 'ERM' (outcome=not_found, 20.008s, 2 attempt(s)); catalog_instruments.date_range_end_daily=2023-07-14"
ERNZ,"IBKR contract database returned no matching contract (sweep 2026-07-25); last daily bar 2026-03-24, before the catalog cutoff 2026-05-01 — consistent with delisting","_bmad-output/implementation-artifacts/venue-backfill-evidence/results.csv row 'ERNZ' (outcome=not_found, 20.005s, 2 attempt(s)); catalog_instruments.date_range_end_daily=2026-03-24"
ERSX,"IBKR contract database returned no matching contract (sweep 2026-07-25); last daily bar 2024-02-23, before the catalog cutoff 2026-05-01 — consistent with delisting","_bmad-output/implementation-artifacts/venue-backfill-evidence/results.csv row 'ERSX' (outcome=not_found, 20.006s, 2 attempt(s)); catalog_instruments.date_range_end_daily=2024-02-23"
ESCR,"IBKR contract database returned no matching contract (sweep 2026-07-25); last daily bar 2024-03-13, before the catalog cutoff 2026-05-01 — consistent with delisting","_bmad-output/implementation-artifacts/venue-backfill-evidence/results.csv row 'ESCR' (outcome=not_found, 20.005s, 2 attempt(s)); catalog_instruments.date_range_end_daily=2024-03-13"
ESEB,"IBKR contract database returned no matching contract (sweep 2026-07-25); last daily bar 2024-03-13, before the catalog cutoff 2026-05-01 — consistent with delisting","_bmad-output/implementation-artifacts/venue-backfill-evidence/results.csv row 'ESEB' (outcome=not_found, 20.005s, 2 attempt(s)); catalog_instruments.date_range_end_daily=2024-03-13"
ESGA,"IBKR contract database returned no matching contract (sweep 2026-07-25); last daily bar 2024-12-09, before the catalog cutoff 2026-05-01 — consistent with delisting","_bmad-output/implementation-artifacts/venue-backfill-evidence/results.csv row 'ESGA' (outcome=not_found, 20.009s, 2 attempt(s)); catalog_instruments.date_range_end_daily=2024-12-09"
ESGB,"IBKR contract database returned no matching contract (sweep 2026-07-25); last daily bar 2024-12-03, before the catalog cutoff 2026-05-01 — consistent with delisting","_bmad-output/implementation-artifacts/venue-backfill-evidence/results.csv row 'ESGB' (outcome=not_found, 20.008s, 2 attempt(s)); catalog_instruments.date_range_end_daily=2024-12-03"
ESGL,"IBKR contract database returned no matching contract (sweep 2026-07-25); last daily bar 2026-03-09, before the catalog cutoff 2026-05-01 — consistent with delisting","_bmad-output/implementation-artifacts/venue-backfill-evidence/results.csv row 'ESGL' (outcome=not_found, 20.006s, 2 attempt(s)); catalog_instruments.date_range_end_daily=2026-03-09"
ESGN,"IBKR contract database returned no matching contract (sweep 2026-07-25); last daily bar 2024-06-28, before the catalog cutoff 2026-05-01 — consistent with delisting","_bmad-output/implementation-artifacts/venue-backfill-evidence/results.csv row 'ESGN' (outcome=not_found, 20.008s, 2 attempt(s)); catalog_instruments.date_range_end_daily=2024-06-28"
ESGS,"IBKR contract database returned no matching contract (sweep 2026-07-25); last daily bar 2024-06-28, before the catalog cutoff 2026-05-01 — consistent with delisting","_bmad-output/implementation-artifacts/venue-backfill-evidence/results.csv row 'ESGS' (outcome=not_found, 20.004s, 2 attempt(s)); catalog_instruments.date_range_end_daily=2024-06-28"
ESGY,"IBKR contract database returned no matching contract (sweep 2026-07-25); last daily bar 2024-12-09, before the catalog cutoff 2026-05-01 — consistent with delisting","_bmad-output/implementation-artifacts/venue-backfill-evidence/results.csv row 'ESGY' (outcome=not_found, 20.003s, 2 attempt(s)); catalog_instruments.date_range_end_daily=2024-12-09"
ESHY,"IBKR contract database returned no matching contract (sweep 2026-07-25); last daily bar 2024-03-13, before the catalog cutoff 2026-05-01 — consistent with delisting","_bmad-output/implementation-artifacts/venue-backfill-evidence/results.csv row 'ESHY' (outcome=not_found, 20.006s, 2 attempt(s)); catalog_instruments.date_range_end_daily=2024-03-13"
ESIX,"IBKR contract database returned no matching contract (sweep 2026-07-25); last daily bar 2026-04-29, before the catalog cutoff 2026-05-01 — consistent with delisting","_bmad-output/implementation-artifacts/venue-backfill-evidence/results.csv row 'ESIX' (outcome=not_found, 20.006s, 2 attempt(s)); catalog_instruments.date_range_end_daily=2026-04-29"
ESUS,"IBKR contract database returned no matching contract (sweep 2026-07-25); last daily bar 2024-12-09, before the catalog cutoff 2026-05-01 — consistent with delisting","_bmad-output/implementation-artifacts/venue-backfill-evidence/results.csv row 'ESUS' (outcome=not_found, 20.007s, 2 attempt(s)); catalog_instruments.date_range_end_daily=2024-12-09"
ETRL,"IBKR contract database returned no matching contract (sweep 2026-07-25); traded to the catalog cutoff 2026-05-01, so delisted between then and the sweep","_bmad-output/implementation-artifacts/venue-backfill-evidence/results.csv row 'ETRL' (outcome=not_found, 20.007s, 2 attempt(s)); catalog_instruments.date_range_end_daily=2026-05-01"
EUSC,"IBKR contract database returned no matching contract (sweep 2026-07-25); last daily bar 2025-05-30, before the catalog cutoff 2026-05-01 — consistent with delisting","_bmad-output/implementation-artifacts/venue-backfill-evidence/results.csv row 'EUSC' (outcome=not_found, 20.002s, 2 attempt(s)); catalog_instruments.date_range_end_daily=2025-05-30"
EV,"IBKR contract database returned no matching contract (sweep 2026-07-25); last daily bar 2025-04-17, before the catalog cutoff 2026-05-01 — consistent with delisting","_bmad-output/implementation-artifacts/venue-backfill-evidence/results.csv row 'EV' (outcome=not_found, 20.004s, 2 attempt(s)); catalog_instruments.date_range_end_daily=2025-04-17"
EVAV,"IBKR contract database returned no matching contract (sweep 2026-07-25); last daily bar 2025-10-23, before the catalog cutoff 2026-05-01 — consistent with delisting","_bmad-output/implementation-artifacts/venue-backfill-evidence/results.csv row 'EVAV' (outcome=not_found, 20.005s, 2 attempt(s)); catalog_instruments.date_range_end_daily=2025-10-23"
EWCO,"IBKR contract database returned no matching contract (sweep 2026-07-25); last daily bar 2024-06-28, before the catalog cutoff 2026-05-01 — consistent with delisting","_bmad-output/implementation-artifacts/venue-backfill-evidence/results.csv row 'EWCO' (outcome=not_found, 20.005s, 2 attempt(s)); catalog_instruments.date_range_end_daily=2024-06-28"
EWEB,"IBKR contract database returned no matching contract (sweep 2026-07-25); last daily bar 2023-11-10, before the catalog cutoff 2026-05-01 — consistent with delisting","_bmad-output/implementation-artifacts/venue-backfill-evidence/results.csv row 'EWEB' (outcome=not_found, 20.002s, 2 attempt(s)); catalog_instruments.date_range_end_daily=2023-11-10"
EWGS,"IBKR contract database returned no matching contract (sweep 2026-07-25); last daily bar 2023-10-30, before the catalog cutoff 2026-05-01 — consistent with delisting","_bmad-output/implementation-artifacts/venue-backfill-evidence/results.csv row 'EWGS' (outcome=not_found, 20.001s, 2 attempt(s)); catalog_instruments.date_range_end_daily=2023-10-30"
EWMC,"IBKR contract database returned no matching contract (sweep 2026-07-25); last daily bar 2024-06-28, before the catalog cutoff 2026-05-01 — consistent with delisting","_bmad-output/implementation-artifacts/venue-backfill-evidence/results.csv row 'EWMC' (outcome=not_found, 20.002s, 2 attempt(s)); catalog_instruments.date_range_end_daily=2024-06-28"
EWRE,"IBKR contract database returned no matching contract (sweep 2026-07-25); last daily bar 2024-06-28, before the catalog cutoff 2026-05-01 — consistent with delisting","_bmad-output/implementation-artifacts/venue-backfill-evidence/results.csv row 'EWRE' (outcome=not_found, 20.004s, 2 attempt(s)); catalog_instruments.date_range_end_daily=2024-06-28"
EWSC,"IBKR contract database returned no matching contract (sweep 2026-07-25); last daily bar 2023-03-30, before the catalog cutoff 2026-05-01 — consistent with delisting","_bmad-output/implementation-artifacts/venue-backfill-evidence/results.csv row 'EWSC' (outcome=not_found, 20.002s, 2 attempt(s)); catalog_instruments.date_range_end_daily=2023-03-30"
FAIL,"IBKR contract database returned no matching contract (sweep 2026-07-25); last daily bar 2025-01-08, before the catalog cutoff 2026-05-01 — consistent with delisting","_bmad-output/implementation-artifacts/venue-backfill-evidence/results.csv row 'FAIL' (outcome=not_found, 20.003s, 2 attempt(s)); catalog_instruments.date_range_end_daily=2025-01-08"
FBGX,"IBKR contract database returned no matching contract (sweep 2026-07-25); last daily bar 2024-06-18, before the catalog cutoff 2026-05-01 — consistent with delisting","_bmad-output/implementation-artifacts/venue-backfill-evidence/results.csv row 'FBGX' (outcome=not_found, 20.003s, 2 attempt(s)); catalog_instruments.date_range_end_daily=2024-06-18"
FBZ,"IBKR contract database returned no matching contract (sweep 2026-07-25); last daily bar 2025-07-11, before the catalog cutoff 2026-05-01 — consistent with delisting","_bmad-output/implementation-artifacts/venue-backfill-evidence/results.csv row 'FBZ' (outcome=not_found, 20.006s, 2 attempt(s)); catalog_instruments.date_range_end_daily=2025-07-11"
FDCE,"IBKR contract database returned no matching contract (sweep 2026-07-25); last daily bar 2025-06-13, before the catalog cutoff 2026-05-01 — consistent with delisting","_bmad-output/implementation-artifacts/venue-backfill-evidence/results.csv row 'FDCE' (outcome=not_found, 20.002s, 2 attempt(s)); catalog_instruments.date_range_end_daily=2025-06-13"
FDGR,"IBKR contract database returned no matching contract (sweep 2026-07-25); last daily bar 2025-06-13, before the catalog cutoff 2026-05-01 — consistent with delisting","_bmad-output/implementation-artifacts/venue-backfill-evidence/results.csv row 'FDGR' (outcome=not_found, 20.003s, 2 attempt(s)); catalog_instruments.date_range_end_daily=2025-06-13"
FDHT,"IBKR contract database returned no matching contract (sweep 2026-07-25); last daily bar 2025-11-13, before the catalog cutoff 2026-05-01 — consistent with delisting","_bmad-output/implementation-artifacts/venue-backfill-evidence/results.csv row 'FDHT' (outcome=not_found, 20.003s, 2 attempt(s)); catalog_instruments.date_range_end_daily=2025-11-13"
FDTB,"IBKR contract database returned no matching contract (sweep 2026-07-25); last daily bar 2025-06-13, before the catalog cutoff 2026-05-01 — consistent with delisting","_bmad-output/implementation-artifacts/venue-backfill-evidence/results.csv row 'FDTB' (outcome=not_found, 20.006s, 2 attempt(s)); catalog_instruments.date_range_end_daily=2025-06-13"
FDVL,"IBKR contract database returned no matching contract (sweep 2026-07-25); last daily bar 2025-06-13, before the catalog cutoff 2026-05-01 — consistent with delisting","_bmad-output/implementation-artifacts/venue-backfill-evidence/results.csv row 'FDVL' (outcome=not_found, 20.003s, 2 attempt(s)); catalog_instruments.date_range_end_daily=2025-06-13"
FDWM,"IBKR contract database returned no matching contract (sweep 2026-07-25); last daily bar 2025-11-13, before the catalog cutoff 2026-05-01 — consistent with delisting","_bmad-output/implementation-artifacts/venue-backfill-evidence/results.csv row 'FDWM' (outcome=not_found, 20.007s, 2 attempt(s)); catalog_instruments.date_range_end_daily=2025-11-13"
FEAT,"IBKR contract database returned no matching contract (sweep 2026-07-25); traded to the catalog cutoff 2026-05-01, so delisted between then and the sweep","_bmad-output/implementation-artifacts/venue-backfill-evidence/results.csv row 'FEAT' (outcome=not_found, 20.001s, 2 attempt(s)); catalog_instruments.date_range_end_daily=2026-05-01"
FEDL,"IBKR contract database returned no matching contract (sweep 2026-07-25); last daily bar 2024-12-09, before the catalog cutoff 2026-05-01 — consistent with delisting","_bmad-output/implementation-artifacts/venue-backfill-evidence/results.csv row 'FEDL' (outcome=not_found, 20.006s, 2 attempt(s)); catalog_instruments.date_range_end_daily=2024-12-09"
FEHY,"IBKR contract database returned no matching contract (sweep 2026-07-25); last daily bar 2023-07-11, before the catalog cutoff 2026-05-01 — consistent with delisting","_bmad-output/implementation-artifacts/venue-backfill-evidence/results.csv row 'FEHY' (outcome=not_found, 20.007s, 2 attempt(s)); catalog_instruments.date_range_end_daily=2023-07-11"
FFHG,"IBKR contract database returned no matching contract (sweep 2026-07-25); last daily bar 2023-10-06, before the catalog cutoff 2026-05-01 — consistent with delisting","_bmad-output/implementation-artifacts/venue-backfill-evidence/results.csv row 'FFHG' (outcome=not_found, 20.007s, 2 attempt(s)); catalog_instruments.date_range_end_daily=2023-10-06"
FFSG,"IBKR contract database returned no matching contract (sweep 2026-07-25); last daily bar 2023-10-06, before the catalog cutoff 2026-05-01 — consistent with delisting","_bmad-output/implementation-artifacts/venue-backfill-evidence/results.csv row 'FFSG' (outcome=not_found, 20.006s, 2 attempt(s)); catalog_instruments.date_range_end_daily=2023-10-06"
FFTG,"IBKR contract database returned no matching contract (sweep 2026-07-25); last daily bar 2023-10-06, before the catalog cutoff 2026-05-01 — consistent with delisting","_bmad-output/implementation-artifacts/venue-backfill-evidence/results.csv row 'FFTG' (outcome=not_found, 20.006s, 2 attempt(s)); catalog_instruments.date_range_end_daily=2023-10-06"
FFTI,"IBKR contract database returned no matching contract (sweep 2026-07-25); last daily bar 2023-10-06, before the catalog cutoff 2026-05-01 — consistent with delisting","_bmad-output/implementation-artifacts/venue-backfill-evidence/results.csv row 'FFTI' (outcome=not_found, 20.006s, 2 attempt(s)); catalog_instruments.date_range_end_daily=2023-10-06"
FGRO,"IBKR contract database returned no matching contract (sweep 2026-07-25); last daily bar 2024-06-28, before the catalog cutoff 2026-05-01 — consistent with delisting","_bmad-output/implementation-artifacts/venue-backfill-evidence/results.csv row 'FGRO' (outcome=not_found, 20.010s, 2 attempt(s)); catalog_instruments.date_range_end_daily=2024-06-28"
FIBR,"IBKR contract database returned no matching contract (sweep 2026-07-25); last daily bar 2025-08-29, before the catalog cutoff 2026-05-01 — consistent with delisting","_bmad-output/implementation-artifacts/venue-backfill-evidence/results.csv row 'FIBR' (outcome=not_found, 20.007s, 2 attempt(s)); catalog_instruments.date_range_end_daily=2025-08-29"
FIHD,"IBKR contract database returned no matching contract (sweep 2026-07-25); last daily bar 2023-06-15, before the catalog cutoff 2026-05-01 — consistent with delisting","_bmad-output/implementation-artifacts/venue-backfill-evidence/results.csv row 'FIHD' (outcome=not_found, 20.004s, 2 attempt(s)); catalog_instruments.date_range_end_daily=2023-06-15"
FILL,"IBKR contract database returned no matching contract (sweep 2026-07-25); last daily bar 2025-10-28, before the catalog cutoff 2026-05-01 — consistent with delisting","_bmad-output/implementation-artifacts/venue-backfill-evidence/results.csv row 'FILL' (outcome=not_found, 20.005s, 2 attempt(s)); catalog_instruments.date_range_end_daily=2025-10-28"
FINE,"IBKR contract database returned no matching contract (sweep 2026-07-25); last daily bar 2025-09-12, before the catalog cutoff 2026-05-01 — consistent with delisting","_bmad-output/implementation-artifacts/venue-backfill-evidence/results.csv row 'FINE' (outcome=not_found, 20.005s, 2 attempt(s)); catalog_instruments.date_range_end_daily=2025-09-12"
FIVG,"IBKR contract database returned no matching contract (sweep 2026-07-25); last daily bar 2024-07-19, before the catalog cutoff 2026-05-01 — consistent with delisting","_bmad-output/implementation-artifacts/venue-backfill-evidence/results.csv row 'FIVG' (outcome=not_found, 20.008s, 2 attempt(s)); catalog_instruments.date_range_end_daily=2024-07-19"
FIVY,"IBKR contract database returned no matching contract (sweep 2026-07-25); traded to the catalog cutoff 2026-05-01, so delisted between then and the sweep","_bmad-output/implementation-artifacts/venue-backfill-evidence/results.csv row 'FIVY' (outcome=not_found, 20.005s, 2 attempt(s)); catalog_instruments.date_range_end_daily=2026-05-01"
FLEH,"IBKR contract database returned no matching contract (sweep 2026-07-25); last daily bar 2024-06-28, before the catalog cutoff 2026-05-01 — consistent with delisting","_bmad-output/implementation-artifacts/venue-backfill-evidence/results.csv row 'FLEH' (outcome=not_found, 20.012s, 2 attempt(s)); catalog_instruments.date_range_end_daily=2024-06-28"
FLFR,"IBKR contract database returned no matching contract (sweep 2026-07-25); last daily bar 2023-11-09, before the catalog cutoff 2026-05-01 — consistent with delisting","_bmad-output/implementation-artifacts/venue-backfill-evidence/results.csv row 'FLFR' (outcome=not_found, 20.006s, 2 attempt(s)); catalog_instruments.date_range_end_daily=2023-11-09"
FLHK,"IBKR contract database returned no matching contract (sweep 2026-07-25); last daily bar 2025-07-01, before the catalog cutoff 2026-05-01 — consistent with delisting","_bmad-output/implementation-artifacts/venue-backfill-evidence/results.csv row 'FLHK' (outcome=not_found, 20.003s, 2 attempt(s)); catalog_instruments.date_range_end_daily=2025-07-01"
FLIY,"IBKR contract database returned no matching contract (sweep 2026-07-25); last daily bar 2023-11-09, before the catalog cutoff 2026-05-01 — consistent with delisting","_bmad-output/implementation-artifacts/venue-backfill-evidence/results.csv row 'FLIY' (outcome=not_found, 20.005s, 2 attempt(s)); catalog_instruments.date_range_end_daily=2023-11-09"
FLLV,"IBKR contract database returned no matching contract (sweep 2026-07-25); last daily bar 2024-06-28, before the catalog cutoff 2026-05-01 — consistent with delisting","_bmad-output/implementation-artifacts/venue-backfill-evidence/results.csv row 'FLLV' (outcome=not_found, 20.003s, 2 attempt(s)); catalog_instruments.date_range_end_daily=2024-06-28"
FLZA,"IBKR contract database returned no matching contract (sweep 2026-07-25); last daily bar 2023-11-09, before the catalog cutoff 2026-05-01 — consistent with delisting","_bmad-output/implementation-artifacts/venue-backfill-evidence/results.csv row 'FLZA' (outcome=not_found, 20.002s, 2 attempt(s)); catalog_instruments.date_range_end_daily=2023-11-09"
FM,"IBKR contract database returned no matching contract (sweep 2026-07-25); last daily bar 2025-01-06, before the catalog cutoff 2026-05-01 — consistent with delisting","_bmad-output/implementation-artifacts/venue-backfill-evidence/results.csv row 'FM' (outcome=not_found, 20.004s, 2 attempt(s)); catalog_instruments.date_range_end_daily=2025-01-06"
FMIL,"IBKR contract database returned no matching contract (sweep 2026-07-25); last daily bar 2024-06-28, before the catalog cutoff 2026-05-01 — consistent with delisting","_bmad-output/implementation-artifacts/venue-backfill-evidence/results.csv row 'FMIL' (outcome=not_found, 20.007s, 2 attempt(s)); catalog_instruments.date_range_end_daily=2024-06-28"
FOVL,"IBKR contract database returned no matching contract (sweep 2026-07-25); last daily bar 2025-08-18, before the catalog cutoff 2026-05-01 — consistent with delisting","_bmad-output/implementation-artifacts/venue-backfill-evidence/results.csv row 'FOVL' (outcome=not_found, 20.004s, 2 attempt(s)); catalog_instruments.date_range_end_daily=2025-08-18"
FSBD,"IBKR contract database returned no matching contract (sweep 2026-07-25); last daily bar 2025-11-13, before the catalog cutoff 2026-05-01 — consistent with delisting","_bmad-output/implementation-artifacts/venue-backfill-evidence/results.csv row 'FSBD' (outcome=not_found, 20.010s, 2 attempt(s)); catalog_instruments.date_range_end_daily=2025-11-13"
FSLD,"IBKR contract database returned no matching contract (sweep 2026-07-25); last daily bar 2025-11-13, before the catalog cutoff 2026-05-01 — consistent with delisting","_bmad-output/implementation-artifacts/venue-backfill-evidence/results.csv row 'FSLD' (outcome=not_found, 20.005s, 2 attempt(s)); catalog_instruments.date_range_end_daily=2025-11-13"
FSMO,"IBKR contract database returned no matching contract (sweep 2026-07-25); last daily bar 2024-06-28, before the catalog cutoff 2026-05-01 — consistent with delisting","_bmad-output/implementation-artifacts/venue-backfill-evidence/results.csv row 'FSMO' (outcome=not_found, 20.004s, 2 attempt(s)); catalog_instruments.date_range_end_daily=2024-06-28"
FSST,"IBKR contract database returned no matching contract (sweep 2026-07-25); last daily bar 2025-11-13, before the catalog cutoff 2026-05-01 — consistent with delisting","_bmad-output/implementation-artifacts/venue-backfill-evidence/results.csv row 'FSST' (outcome=not_found, 20.001s, 2 attempt(s)); catalog_instruments.date_range_end_daily=2025-11-13"
FUE,"IBKR contract database returned no matching contract (sweep 2026-07-25); last daily bar 2023-02-10, before the catalog cutoff 2026-05-01 — consistent with delisting","_bmad-output/implementation-artifacts/venue-backfill-evidence/results.csv row 'FUE' (outcome=not_found, 20.005s, 2 attempt(s)); catalog_instruments.date_range_end_daily=2023-02-10"
FUNL,"IBKR contract database returned no matching contract (sweep 2026-07-25); last daily bar 2026-02-27, before the catalog cutoff 2026-05-01 — consistent with delisting","_bmad-output/implementation-artifacts/venue-backfill-evidence/results.csv row 'FUNL' (outcome=not_found, 20.001s, 2 attempt(s)); catalog_instruments.date_range_end_daily=2026-02-27"
FYLG,"IBKR contract database returned no matching contract (sweep 2026-07-25); last daily bar 2025-02-14, before the catalog cutoff 2026-05-01 — consistent with delisting","_bmad-output/implementation-artifacts/venue-backfill-evidence/results.csv row 'FYLG' (outcome=not_found, 20.018s, 2 attempt(s)); catalog_instruments.date_range_end_daily=2025-02-14"
GAST,"IBKR contract database returned no matching contract (sweep 2026-07-25); last daily bar 2025-12-12, before the catalog cutoff 2026-05-01 — consistent with delisting","_bmad-output/implementation-artifacts/venue-backfill-evidence/results.csv row 'GAST' (outcome=not_found, 20.006s, 2 attempt(s)); catalog_instruments.date_range_end_daily=2025-12-12"
GAZ,"IBKR contract database returned no matching contract (sweep 2026-07-25); last daily bar 2023-06-08, before the catalog cutoff 2026-05-01 — consistent with delisting","_bmad-output/implementation-artifacts/venue-backfill-evidence/results.csv row 'GAZ' (outcome=not_found, 20.004s, 2 attempt(s)); catalog_instruments.date_range_end_daily=2023-06-08"
GBLD,"IBKR contract database returned no matching contract (sweep 2026-07-25); last daily bar 2026-02-23, before the catalog cutoff 2026-05-01 — consistent with delisting","_bmad-output/implementation-artifacts/venue-backfill-evidence/results.csv row 'GBLD' (outcome=not_found, 20.006s, 2 attempt(s)); catalog_instruments.date_range_end_daily=2026-02-23"
GBUY,"IBKR contract database returned no matching contract (sweep 2026-07-25); last daily bar 2025-07-18, before the catalog cutoff 2026-05-01 — consistent with delisting","_bmad-output/implementation-artifacts/venue-backfill-evidence/results.csv row 'GBUY' (outcome=not_found, 20.005s, 2 attempt(s)); catalog_instruments.date_range_end_daily=2025-07-18"
GCLN,"IBKR contract database returned no matching contract (sweep 2026-07-25); last daily bar 2025-01-10, before the catalog cutoff 2026-05-01 — consistent with delisting","_bmad-output/implementation-artifacts/venue-backfill-evidence/results.csv row 'GCLN' (outcome=not_found, 20.002s, 2 attempt(s)); catalog_instruments.date_range_end_daily=2025-01-10"
GDFN,"IBKR contract database returned no matching contract (sweep 2026-07-25); last daily bar 2026-03-30, before the catalog cutoff 2026-05-01 — consistent with delisting","_bmad-output/implementation-artifacts/venue-backfill-evidence/results.csv row 'GDFN' (outcome=not_found, 20.006s, 2 attempt(s)); catalog_instruments.date_range_end_daily=2026-03-30"
GDVD,"IBKR contract database returned no matching contract (sweep 2026-07-25); last daily bar 2024-08-28, before the catalog cutoff 2026-05-01 — consistent with delisting","_bmad-output/implementation-artifacts/venue-backfill-evidence/results.csv row 'GDVD' (outcome=not_found, 20.004s, 2 attempt(s)); catalog_instruments.date_range_end_daily=2024-08-28"
GENY,"IBKR contract database returned no matching contract (sweep 2026-07-25); last daily bar 2023-10-13, before the catalog cutoff 2026-05-01 — consistent with delisting","_bmad-output/implementation-artifacts/venue-backfill-evidence/results.csv row 'GENY' (outcome=not_found, 20.004s, 2 attempt(s)); catalog_instruments.date_range_end_daily=2023-10-13"
GERM,"IBKR contract database returned no matching contract (sweep 2026-07-25); last daily bar 2024-09-05, before the catalog cutoff 2026-05-01 — consistent with delisting","_bmad-output/implementation-artifacts/venue-backfill-evidence/results.csv row 'GERM' (outcome=not_found, 20.004s, 2 attempt(s)); catalog_instruments.date_range_end_daily=2024-09-05"
GFOF,"IBKR contract database returned no matching contract (sweep 2026-07-25); last daily bar 2024-12-12, before the catalog cutoff 2026-05-01 — consistent with delisting","_bmad-output/implementation-artifacts/venue-backfill-evidence/results.csv row 'GFOF' (outcome=not_found, 20.006s, 2 attempt(s)); catalog_instruments.date_range_end_daily=2024-12-12"
GHEE,"IBKR contract database returned no matching contract (sweep 2026-07-25); last daily bar 2024-09-24, before the catalog cutoff 2026-05-01 — consistent with delisting","_bmad-output/implementation-artifacts/venue-backfill-evidence/results.csv row 'GHEE' (outcome=not_found, 20.016s, 2 attempt(s)); catalog_instruments.date_range_end_daily=2024-09-24"
GHMS,"IBKR contract database returned no matching contract (sweep 2026-07-25); last daily bar 2025-11-25, before the catalog cutoff 2026-05-01 — consistent with delisting","_bmad-output/implementation-artifacts/venue-backfill-evidence/results.csv row 'GHMS' (outcome=not_found, 20.010s, 2 attempt(s)); catalog_instruments.date_range_end_daily=2025-11-25"
GLCN,"IBKR contract database returned no matching contract (sweep 2026-07-25); last daily bar 2023-09-20, before the catalog cutoff 2026-05-01 — consistent with delisting","_bmad-output/implementation-artifacts/venue-backfill-evidence/results.csv row 'GLCN' (outcome=not_found, 20.007s, 2 attempt(s)); catalog_instruments.date_range_end_daily=2023-09-20"
GLDX,"IBKR contract database returned no matching contract (sweep 2026-07-25); last daily bar 2024-06-28, before the catalog cutoff 2026-05-01 — consistent with delisting","_bmad-output/implementation-artifacts/venue-backfill-evidence/results.csv row 'GLDX' (outcome=not_found, 20.010s, 2 attempt(s)); catalog_instruments.date_range_end_daily=2024-06-28"
GLDY,"IBKR contract database returned no matching contract (sweep 2026-07-25); traded to the catalog cutoff 2026-05-01, so delisted between then and the sweep","_bmad-output/implementation-artifacts/venue-backfill-evidence/results.csv row 'GLDY' (outcome=not_found, 20.012s, 2 attempt(s)); catalog_instruments.date_range_end_daily=2026-05-01"
GLIF,"IBKR contract database returned no matching contract (sweep 2026-07-25); last daily bar 2024-04-12, before the catalog cutoff 2026-05-01 — consistent with delisting","_bmad-output/implementation-artifacts/venue-backfill-evidence/results.csv row 'GLIF' (outcome=not_found, 20.009s, 2 attempt(s)); catalog_instruments.date_range_end_daily=2024-04-12"
GLOV,"IBKR contract database returned no matching contract (sweep 2026-07-25); last daily bar 2026-02-04, before the catalog cutoff 2026-05-01 — consistent with delisting","_bmad-output/implementation-artifacts/venue-backfill-evidence/results.csv row 'GLOV' (outcome=not_found, 20.007s, 2 attempt(s)); catalog_instruments.date_range_end_daily=2026-02-04"
GMUN,"IBKR contract database returned no matching contract (sweep 2026-07-25); traded to the catalog cutoff 2026-05-01, so delisted between then and the sweep","_bmad-output/implementation-artifacts/venue-backfill-evidence/results.csv row 'GMUN' (outcome=not_found, 20.008s, 2 attempt(s)); catalog_instruments.date_range_end_daily=2026-05-01"
GPOW,"IBKR contract database returned no matching contract (sweep 2026-07-25); last daily bar 2025-01-10, before the catalog cutoff 2026-05-01 — consistent with delisting","_bmad-output/implementation-artifacts/venue-backfill-evidence/results.csv row 'GPOW' (outcome=not_found, 20.008s, 2 attempt(s)); catalog_instruments.date_range_end_daily=2025-01-10"
GREI,"IBKR contract database returned no matching contract (sweep 2026-07-25); last daily bar 2025-01-10, before the catalog cutoff 2026-05-01 — consistent with delisting","_bmad-output/implementation-artifacts/venue-backfill-evidence/results.csv row 'GREI' (outcome=not_found, 20.007s, 2 attempt(s)); catalog_instruments.date_range_end_daily=2025-01-10"
GRES,"IBKR contract database returned no matching contract (sweep 2026-07-25); last daily bar 2023-12-12, before the catalog cutoff 2026-05-01 — consistent with delisting","_bmad-output/implementation-artifacts/venue-backfill-evidence/results.csv row 'GRES' (outcome=not_found, 20.005s, 2 attempt(s)); catalog_instruments.date_range_end_daily=2023-12-12"
GRU,"IBKR contract database returned no matching contract (sweep 2026-07-25); last daily bar 2023-02-13, before the catalog cutoff 2026-05-01 — consistent with delisting","_bmad-output/implementation-artifacts/venue-backfill-evidence/results.csv row 'GRU' (outcome=not_found, 20.004s, 2 attempt(s)); catalog_instruments.date_range_end_daily=2023-02-13"
GSFP,"IBKR contract database returned no matching contract (sweep 2026-07-25); last daily bar 2025-07-18, before the catalog cutoff 2026-05-01 — consistent with delisting","_bmad-output/implementation-artifacts/venue-backfill-evidence/results.csv row 'GSFP' (outcome=not_found, 20.005s, 2 attempt(s)); catalog_instruments.date_range_end_daily=2025-07-18"
GSIG,"IBKR contract database returned no matching contract (sweep 2026-07-25); last daily bar 2026-04-30, before the catalog cutoff 2026-05-01 — consistent with delisting","_bmad-output/implementation-artifacts/venue-backfill-evidence/results.csv row 'GSIG' (outcome=not_found, 20.008s, 2 attempt(s)); catalog_instruments.date_range_end_daily=2026-04-30"
GSP,"IBKR contract database returned no matching contract (sweep 2026-07-25); last daily bar 2023-06-07, before the catalog cutoff 2026-05-01 — consistent with delisting","_bmad-output/implementation-artifacts/venue-backfill-evidence/results.csv row 'GSP' (outcome=not_found, 20.004s, 2 attempt(s)); catalog_instruments.date_range_end_daily=2023-06-07"
GXG,"IBKR contract database returned no matching contract (sweep 2026-07-25); last daily bar 2025-06-20, before the catalog cutoff 2026-05-01 — consistent with delisting","_bmad-output/implementation-artifacts/venue-backfill-evidence/results.csv row 'GXG' (outcome=not_found, 20.007s, 2 attempt(s)); catalog_instruments.date_range_end_daily=2025-06-20"
GXTG,"IBKR contract database returned no matching contract (sweep 2026-07-25); last daily bar 2025-03-31, before the catalog cutoff 2026-05-01 — consistent with delisting","_bmad-output/implementation-artifacts/venue-backfill-evidence/results.csv row 'GXTG' (outcome=not_found, 20.010s, 2 attempt(s)); catalog_instruments.date_range_end_daily=2025-03-31"
HAPY,"IBKR contract database returned no matching contract (sweep 2026-07-25); last daily bar 2025-09-11, before the catalog cutoff 2026-05-01 — consistent with delisting","_bmad-output/implementation-artifacts/venue-backfill-evidence/results.csv row 'HAPY' (outcome=not_found, 20.011s, 2 attempt(s)); catalog_instruments.date_range_end_daily=2025-09-11"
HART,"IBKR contract database returned no matching contract (sweep 2026-07-25); last daily bar 2025-08-19, before the catalog cutoff 2026-05-01 — consistent with delisting","_bmad-output/implementation-artifacts/venue-backfill-evidence/results.csv row 'HART' (outcome=not_found, 20.011s, 2 attempt(s)); catalog_instruments.date_range_end_daily=2025-08-19"
HCOM,"IBKR contract database returned no matching contract (sweep 2026-07-25); last daily bar 2025-06-23, before the catalog cutoff 2026-05-01 — consistent with delisting","_bmad-output/implementation-artifacts/venue-backfill-evidence/results.csv row 'HCOM' (outcome=not_found, 20.007s, 2 attempt(s)); catalog_instruments.date_range_end_daily=2025-06-23"
HDAW,"IBKR contract database returned no matching contract (sweep 2026-07-25); last daily bar 2024-07-22, before the catalog cutoff 2026-05-01 — consistent with delisting","_bmad-output/implementation-artifacts/venue-backfill-evidence/results.csv row 'HDAW' (outcome=not_found, 20.006s, 2 attempt(s)); catalog_instruments.date_range_end_daily=2024-07-22"
HDRO,"IBKR contract database returned no matching contract (sweep 2026-07-25); last daily bar 2025-04-28, before the catalog cutoff 2026-05-01 — consistent with delisting","_bmad-output/implementation-artifacts/venue-backfill-evidence/results.csv row 'HDRO' (outcome=not_found, 20.006s, 2 attempt(s)); catalog_instruments.date_range_end_daily=2025-04-28"
HEAT,"IBKR contract database returned no matching contract (sweep 2026-07-25); last daily bar 2025-12-19, before the catalog cutoff 2026-05-01 — consistent with delisting","_bmad-output/implementation-artifacts/venue-backfill-evidence/results.csv row 'HEAT' (outcome=not_found, 20.006s, 2 attempt(s)); catalog_instruments.date_range_end_daily=2025-12-19"
HEJD,"IBKR contract database returned no matching contract (sweep 2026-07-25); last daily bar 2026-01-29, before the catalog cutoff 2026-05-01 — consistent with delisting","_bmad-output/implementation-artifacts/venue-backfill-evidence/results.csv row 'HEJD' (outcome=not_found, 20.008s, 2 attempt(s)); catalog_instruments.date_range_end_daily=2026-01-29"
HEWC,"IBKR contract database returned no matching contract (sweep 2026-07-25); last daily bar 2023-10-30, before the catalog cutoff 2026-05-01 — consistent with delisting","_bmad-output/implementation-artifacts/venue-backfill-evidence/results.csv row 'HEWC' (outcome=not_found, 20.006s, 2 attempt(s)); catalog_instruments.date_range_end_daily=2023-10-30"
HEWG,"IBKR contract database returned no matching contract (sweep 2026-07-25); last daily bar 2024-08-12, before the catalog cutoff 2026-05-01 — consistent with delisting","_bmad-output/implementation-artifacts/venue-backfill-evidence/results.csv row 'HEWG' (outcome=not_found, 20.011s, 2 attempt(s)); catalog_instruments.date_range_end_daily=2024-08-12"
HEWU,"IBKR contract database returned no matching contract (sweep 2026-07-25); last daily bar 2023-10-30, before the catalog cutoff 2026-05-01 — consistent with delisting","_bmad-output/implementation-artifacts/venue-backfill-evidence/results.csv row 'HEWU' (outcome=not_found, 20.005s, 2 attempt(s)); catalog_instruments.date_range_end_daily=2023-10-30"
HIYS,"IBKR contract database returned no matching contract (sweep 2026-07-25); last daily bar 2026-02-20, before the catalog cutoff 2026-05-01 — consistent with delisting","_bmad-output/implementation-artifacts/venue-backfill-evidence/results.csv row 'HIYS' (outcome=not_found, 20.009s, 2 attempt(s)); catalog_instruments.date_range_end_daily=2026-02-20"
HJEN,"IBKR contract database returned no matching contract (sweep 2026-07-25); last daily bar 2024-07-19, before the catalog cutoff 2026-05-01 — consistent with delisting","_bmad-output/implementation-artifacts/venue-backfill-evidence/results.csv row 'HJEN' (outcome=not_found, 20.006s, 2 attempt(s)); catalog_instruments.date_range_end_daily=2024-07-19"
HKND,"IBKR contract database returned no matching contract (sweep 2026-07-25); last daily bar 2025-12-01, before the catalog cutoff 2026-05-01 — consistent with delisting","_bmad-output/implementation-artifacts/venue-backfill-evidence/results.csv row 'HKND' (outcome=not_found, 20.008s, 2 attempt(s)); catalog_instruments.date_range_end_daily=2025-12-01"
HLGE,"IBKR contract database returned no matching contract (sweep 2026-07-25); last daily bar 2025-06-23, before the catalog cutoff 2026-05-01 — consistent with delisting","_bmad-output/implementation-artifacts/venue-backfill-evidence/results.csv row 'HLGE' (outcome=not_found, 20.006s, 2 attempt(s)); catalog_instruments.date_range_end_daily=2025-06-23"
HOCT,"IBKR contract database returned no matching contract (sweep 2026-07-25); last daily bar 2025-10-01, before the catalog cutoff 2026-05-01 — consistent with delisting","_bmad-output/implementation-artifacts/venue-backfill-evidence/results.csv row 'HOCT' (outcome=not_found, 20.005s, 2 attempt(s)); catalog_instruments.date_range_end_daily=2025-10-01"
HOM,"IBKR contract database returned no matching contract (sweep 2026-07-25); last daily bar 2023-06-12, before the catalog cutoff 2026-05-01 — consistent with delisting","_bmad-output/implementation-artifacts/venue-backfill-evidence/results.csv row 'HOM' (outcome=not_found, 20.007s, 2 attempt(s)); catalog_instruments.date_range_end_daily=2023-06-12"
HSRT,"IBKR contract database returned no matching contract (sweep 2026-07-25); last daily bar 2025-04-14, before the catalog cutoff 2026-05-01 — consistent with delisting","_bmad-output/implementation-artifacts/venue-backfill-evidence/results.csv row 'HSRT' (outcome=not_found, 20.009s, 2 attempt(s)); catalog_instruments.date_range_end_daily=2025-04-14"
HSUN,"IBKR contract database returned no matching contract (sweep 2026-07-25); last daily bar 2025-04-14, before the catalog cutoff 2026-05-01 — consistent with delisting","_bmad-output/implementation-artifacts/venue-backfill-evidence/results.csv row 'HSUN' (outcome=not_found, 20.003s, 2 attempt(s)); catalog_instruments.date_range_end_daily=2025-04-14"
HVAL,"IBKR contract database returned no matching contract (sweep 2026-07-25); last daily bar 2023-07-27, before the catalog cutoff 2026-05-01 — consistent with delisting","_bmad-output/implementation-artifacts/venue-backfill-evidence/results.csv row 'HVAL' (outcome=not_found, 20.004s, 2 attempt(s)); catalog_instruments.date_range_end_daily=2023-07-27"
HYGI,"IBKR contract database returned no matching contract (sweep 2026-07-25); last daily bar 2025-08-18, before the catalog cutoff 2026-05-01 — consistent with delisting","_bmad-output/implementation-artifacts/venue-backfill-evidence/results.csv row 'HYGI' (outcome=not_found, 20.005s, 2 attempt(s)); catalog_instruments.date_range_end_daily=2025-08-18"
HYLD,"IBKR contract database returned no matching contract (sweep 2026-07-25); last daily bar 2023-08-25, before the catalog cutoff 2026-05-01 — consistent with delisting","_bmad-output/implementation-artifacts/venue-backfill-evidence/results.csv row 'HYLD' (outcome=not_found, 20.006s, 2 attempt(s)); catalog_instruments.date_range_end_daily=2023-08-25"
HYLG,"IBKR contract database returned no matching contract (sweep 2026-07-25); last daily bar 2025-02-14, before the catalog cutoff 2026-05-01 — consistent with delisting","_bmad-output/implementation-artifacts/venue-backfill-evidence/results.csv row 'HYLG' (outcome=not_found, 20.008s, 2 attempt(s)); catalog_instruments.date_range_end_daily=2025-02-14"
HYMU,"IBKR contract database returned no matching contract (sweep 2026-07-25); last daily bar 2025-02-07, before the catalog cutoff 2026-05-01 — consistent with delisting","_bmad-output/implementation-artifacts/venue-backfill-evidence/results.csv row 'HYMU' (outcome=not_found, 20.008s, 2 attempt(s)); catalog_instruments.date_range_end_daily=2025-02-07"
HYRM,"IBKR contract database returned no matching contract (sweep 2026-07-25); traded to the catalog cutoff 2026-05-01, so delisted between then and the sweep","_bmad-output/implementation-artifacts/venue-backfill-evidence/results.csv row 'HYRM' (outcome=not_found, 20.003s, 2 attempt(s)); catalog_instruments.date_range_end_daily=2026-05-01"
HYXU,"IBKR contract database returned no matching contract (sweep 2026-07-25); last daily bar 2025-10-31, before the catalog cutoff 2026-05-01 — consistent with delisting","_bmad-output/implementation-artifacts/venue-backfill-evidence/results.csv row 'HYXU' (outcome=not_found, 20.006s, 2 attempt(s)); catalog_instruments.date_range_end_daily=2025-10-31"
IAUF,"IBKR contract database returned no matching contract (sweep 2026-07-25); last daily bar 2024-08-12, before the catalog cutoff 2026-05-01 — consistent with delisting","_bmad-output/implementation-artifacts/venue-backfill-evidence/results.csv row 'IAUF' (outcome=not_found, 20.007s, 2 attempt(s)); catalog_instruments.date_range_end_daily=2024-08-12"
IBCE,"IBKR contract database returned no matching contract (sweep 2026-07-25); last daily bar 2023-03-30, before the catalog cutoff 2026-05-01 — consistent with delisting","_bmad-output/implementation-artifacts/venue-backfill-evidence/results.csv row 'IBCE' (outcome=not_found, 20.009s, 2 attempt(s)); catalog_instruments.date_range_end_daily=2023-03-30"
IBDD,"IBKR contract database returned no matching contract (sweep 2026-07-25); last daily bar 2023-03-30, before the catalog cutoff 2026-05-01 — consistent with delisting","_bmad-output/implementation-artifacts/venue-backfill-evidence/results.csv row 'IBDD' (outcome=not_found, 20.007s, 2 attempt(s)); catalog_instruments.date_range_end_daily=2023-03-30"
IBDO,"IBKR contract database returned no matching contract (sweep 2026-07-25); last daily bar 2023-12-15, before the catalog cutoff 2026-05-01 — consistent with delisting","_bmad-output/implementation-artifacts/venue-backfill-evidence/results.csv row 'IBDO' (outcome=not_found, 20.007s, 2 attempt(s)); catalog_instruments.date_range_end_daily=2023-12-15"
IBDP,"IBKR contract database returned no matching contract (sweep 2026-07-25); last daily bar 2024-12-16, before the catalog cutoff 2026-05-01 — consistent with delisting","_bmad-output/implementation-artifacts/venue-backfill-evidence/results.csv row 'IBDP' (outcome=not_found, 20.008s, 2 attempt(s)); catalog_instruments.date_range_end_daily=2024-12-16"
IBDQ,"IBKR contract database returned no matching contract (sweep 2026-07-25); last daily bar 2025-12-15, before the catalog cutoff 2026-05-01 — consistent with delisting","_bmad-output/implementation-artifacts/venue-backfill-evidence/results.csv row 'IBDQ' (outcome=not_found, 20.010s, 2 attempt(s)); catalog_instruments.date_range_end_daily=2025-12-15"
IBET,"IBKR contract database returned no matching contract (sweep 2026-07-25); last daily bar 2023-09-07, before the catalog cutoff 2026-05-01 — consistent with delisting","_bmad-output/implementation-artifacts/venue-backfill-evidence/results.csv row 'IBET' (outcome=not_found, 20.005s, 2 attempt(s)); catalog_instruments.date_range_end_daily=2023-09-07"
IBHC,"IBKR contract database returned no matching contract (sweep 2026-07-25); last daily bar 2023-12-15, before the catalog cutoff 2026-05-01 — consistent with delisting","_bmad-output/implementation-artifacts/venue-backfill-evidence/results.csv row 'IBHC' (outcome=not_found, 20.006s, 2 attempt(s)); catalog_instruments.date_range_end_daily=2023-12-15"
IBHD,"IBKR contract database returned no matching contract (sweep 2026-07-25); last daily bar 2024-12-16, before the catalog cutoff 2026-05-01 — consistent with delisting","_bmad-output/implementation-artifacts/venue-backfill-evidence/results.csv row 'IBHD' (outcome=not_found, 20.007s, 2 attempt(s)); catalog_instruments.date_range_end_daily=2024-12-16"
IBHE,"IBKR contract database returned no matching contract (sweep 2026-07-25); last daily bar 2025-12-15, before the catalog cutoff 2026-05-01 — consistent with delisting","_bmad-output/implementation-artifacts/venue-backfill-evidence/results.csv row 'IBHE' (outcome=not_found, 20.007s, 2 attempt(s)); catalog_instruments.date_range_end_daily=2025-12-15"
IBIA,"IBKR contract database returned no matching contract (sweep 2026-07-25); last daily bar 2024-10-15, before the catalog cutoff 2026-05-01 — consistent with delisting","_bmad-output/implementation-artifacts/venue-backfill-evidence/results.csv row 'IBIA' (outcome=not_found, 20.004s, 2 attempt(s)); catalog_instruments.date_range_end_daily=2024-10-15"
IBIB,"IBKR contract database returned no matching contract (sweep 2026-07-25); last daily bar 2025-10-15, before the catalog cutoff 2026-05-01 — consistent with delisting","_bmad-output/implementation-artifacts/venue-backfill-evidence/results.csv row 'IBIB' (outcome=not_found, 20.008s, 2 attempt(s)); catalog_instruments.date_range_end_daily=2025-10-15"
IBML,"IBKR contract database returned no matching contract (sweep 2026-07-25); last daily bar 2023-12-01, before the catalog cutoff 2026-05-01 — consistent with delisting","_bmad-output/implementation-artifacts/venue-backfill-evidence/results.csv row 'IBML' (outcome=not_found, 20.010s, 2 attempt(s)); catalog_instruments.date_range_end_daily=2023-12-01"
IBMM,"IBKR contract database returned no matching contract (sweep 2026-07-25); last daily bar 2024-12-02, before the catalog cutoff 2026-05-01 — consistent with delisting","_bmad-output/implementation-artifacts/venue-backfill-evidence/results.csv row 'IBMM' (outcome=not_found, 20.005s, 2 attempt(s)); catalog_instruments.date_range_end_daily=2024-12-02"
IBMN,"IBKR contract database returned no matching contract (sweep 2026-07-25); last daily bar 2025-12-01, before the catalog cutoff 2026-05-01 — consistent with delisting","_bmad-output/implementation-artifacts/venue-backfill-evidence/results.csv row 'IBMN' (outcome=not_found, 20.003s, 2 attempt(s)); catalog_instruments.date_range_end_daily=2025-12-01"
IBTD,"IBKR contract database returned no matching contract (sweep 2026-07-25); last daily bar 2023-12-15, before the catalog cutoff 2026-05-01 — consistent with delisting","_bmad-output/implementation-artifacts/venue-backfill-evidence/results.csv row 'IBTD' (outcome=not_found, 20.001s, 2 attempt(s)); catalog_instruments.date_range_end_daily=2023-12-15"
IBTE,"IBKR contract database returned no matching contract (sweep 2026-07-25); last daily bar 2024-12-16, before the catalog cutoff 2026-05-01 — consistent with delisting","_bmad-output/implementation-artifacts/venue-backfill-evidence/results.csv row 'IBTE' (outcome=not_found, 20.007s, 2 attempt(s)); catalog_instruments.date_range_end_daily=2024-12-16"
IDAT,"IBKR contract database returned no matching contract (sweep 2026-07-25); last daily bar 2025-08-18, before the catalog cutoff 2026-05-01 — consistent with delisting","_bmad-output/implementation-artifacts/venue-backfill-evidence/results.csv row 'IDAT' (outcome=not_found, 20.002s, 2 attempt(s)); catalog_instruments.date_range_end_daily=2025-08-18"
IDHD,"IBKR contract database returned no matching contract (sweep 2026-07-25); last daily bar 2023-03-30, before the catalog cutoff 2026-05-01 — consistent with delisting","_bmad-output/implementation-artifacts/venue-backfill-evidence/results.csv row 'IDHD' (outcome=not_found, 20.002s, 2 attempt(s)); catalog_instruments.date_range_end_daily=2023-03-30"
IDLB,"IBKR contract database returned no matching contract (sweep 2026-07-25); last daily bar 2023-03-30, before the catalog cutoff 2026-05-01 — consistent with delisting","_bmad-output/implementation-artifacts/venue-backfill-evidence/results.csv row 'IDLB' (outcome=not_found, 20.006s, 2 attempt(s)); catalog_instruments.date_range_end_daily=2023-03-30"
IDME,"IBKR contract database returned no matching contract (sweep 2026-07-25); last daily bar 2024-07-01, before the catalog cutoff 2026-05-01 — consistent with delisting","_bmad-output/implementation-artifacts/venue-backfill-evidence/results.csv row 'IDME' (outcome=not_found, 20.003s, 2 attempt(s)); catalog_instruments.date_range_end_daily=2024-07-01"
IGN,"IBKR contract database returned no matching contract (sweep 2026-07-25); last daily bar 2024-07-01, before the catalog cutoff 2026-05-01 — consistent with delisting","_bmad-output/implementation-artifacts/venue-backfill-evidence/results.csv row 'IGN' (outcome=not_found, 20.002s, 2 attempt(s)); catalog_instruments.date_range_end_daily=2024-07-01"
IGTR,"IBKR contract database returned no matching contract (sweep 2026-07-25); traded to the catalog cutoff 2026-05-01, so delisted between then and the sweep","_bmad-output/implementation-artifacts/venue-backfill-evidence/results.csv row 'IGTR' (outcome=not_found, 20.002s, 2 attempt(s)); catalog_instruments.date_range_end_daily=2026-05-01"
IIGV,"IBKR contract database returned no matching contract (sweep 2026-07-25); last daily bar 2023-03-30, before the catalog cutoff 2026-05-01 — consistent with delisting","_bmad-output/implementation-artifacts/venue-backfill-evidence/results.csv row 'IIGV' (outcome=not_found, 20.002s, 2 attempt(s)); catalog_instruments.date_range_end_daily=2023-03-30"
INC,"IBKR contract database returned no matching contract (sweep 2026-07-25); last daily bar 2024-10-08, before the catalog cutoff 2026-05-01 — consistent with delisting","_bmad-output/implementation-artifacts/venue-backfill-evidence/results.csv row 'INC' (outcome=not_found, 20.006s, 2 attempt(s)); catalog_instruments.date_range_end_daily=2024-10-08"
INDF,"IBKR contract database returned no matching contract (sweep 2026-07-25); last daily bar 2025-08-26, before the catalog cutoff 2026-05-01 — consistent with delisting","_bmad-output/implementation-artifacts/venue-backfill-evidence/results.csv row 'INDF' (outcome=not_found, 20.004s, 2 attempt(s)); catalog_instruments.date_range_end_daily=2025-08-26"
INFR,"IBKR contract database returned no matching contract (sweep 2026-07-25); last daily bar 2026-01-22, before the catalog cutoff 2026-05-01 — consistent with delisting","_bmad-output/implementation-artifacts/venue-backfill-evidence/results.csv row 'INFR' (outcome=not_found, 20.002s, 2 attempt(s)); catalog_instruments.date_range_end_daily=2026-01-22"
INNO,"IBKR contract database returned no matching contract (sweep 2026-07-25); last daily bar 2024-12-13, before the catalog cutoff 2026-05-01 — consistent with delisting","_bmad-output/implementation-artifacts/venue-backfill-evidence/results.csv row 'INNO' (outcome=not_found, 20.003s, 2 attempt(s)); catalog_instruments.date_range_end_daily=2024-12-13"
IPDP,"IBKR contract database returned no matching contract (sweep 2026-07-25); last daily bar 2025-08-25, before the catalog cutoff 2026-05-01 — consistent with delisting","_bmad-output/implementation-artifacts/venue-backfill-evidence/results.csv row 'IPDP' (outcome=not_found, 20.004s, 2 attempt(s)); catalog_instruments.date_range_end_daily=2025-08-25"
IPPP,"IBKR contract database returned no matching contract (sweep 2026-07-25); last daily bar 2025-08-25, before the catalog cutoff 2026-05-01 — consistent with delisting","_bmad-output/implementation-artifacts/venue-backfill-evidence/results.csv row 'IPPP' (outcome=not_found, 20.011s, 2 attempt(s)); catalog_instruments.date_range_end_daily=2025-08-25"
IQDE,"IBKR contract database returned no matching contract (sweep 2026-07-25); last daily bar 2025-01-21, before the catalog cutoff 2026-05-01 — consistent with delisting","_bmad-output/implementation-artifacts/venue-backfill-evidence/results.csv row 'IQDE' (outcome=not_found, 20.004s, 2 attempt(s)); catalog_instruments.date_range_end_daily=2025-01-21"
IQIN,"IBKR contract database returned no matching contract (sweep 2026-07-25); last daily bar 2024-11-20, before the catalog cutoff 2026-05-01 — consistent with delisting","_bmad-output/implementation-artifacts/venue-backfill-evidence/results.csv row 'IQIN' (outcome=not_found, 20.004s, 2 attempt(s)); catalog_instruments.date_range_end_daily=2024-11-20"
IRBO,"IBKR contract database returned no matching contract (sweep 2026-07-25); last daily bar 2024-08-09, before the catalog cutoff 2026-05-01 — consistent with delisting","_bmad-output/implementation-artifacts/venue-backfill-evidence/results.csv row 'IRBO' (outcome=not_found, 20.005s, 2 attempt(s)); catalog_instruments.date_range_end_daily=2024-08-09"
IRET,"IBKR contract database returned no matching contract (sweep 2026-07-25); last daily bar 2026-04-30, before the catalog cutoff 2026-05-01 — consistent with delisting","_bmad-output/implementation-artifacts/venue-backfill-evidence/results.csv row 'IRET' (outcome=not_found, 20.004s, 2 attempt(s)); catalog_instruments.date_range_end_daily=2026-04-30"
ISDB,"IBKR contract database returned no matching contract (sweep 2026-07-25); last daily bar 2025-02-21, before the catalog cutoff 2026-05-01 — consistent with delisting","_bmad-output/implementation-artifacts/venue-backfill-evidence/results.csv row 'ISDB' (outcome=not_found, 20.002s, 2 attempt(s)); catalog_instruments.date_range_end_daily=2025-02-21"
ISDX,"IBKR contract database returned no matching contract (sweep 2026-07-25); last daily bar 2023-03-30, before the catalog cutoff 2026-05-01 — consistent with delisting","_bmad-output/implementation-artifacts/venue-backfill-evidence/results.csv row 'ISDX' (outcome=not_found, 20.006s, 2 attempt(s)); catalog_instruments.date_range_end_daily=2023-03-30"
ISEM,"IBKR contract database returned no matching contract (sweep 2026-07-25); last daily bar 2023-03-30, before the catalog cutoff 2026-05-01 — consistent with delisting","_bmad-output/implementation-artifacts/venue-backfill-evidence/results.csv row 'ISEM' (outcome=not_found, 20.006s, 2 attempt(s)); catalog_instruments.date_range_end_daily=2023-03-30"
ISZE,"IBKR contract database returned no matching contract (sweep 2026-07-25); last daily bar 2024-08-12, before the catalog cutoff 2026-05-01 — consistent with delisting","_bmad-output/implementation-artifacts/venue-backfill-evidence/results.csv row 'ISZE' (outcome=not_found, 20.004s, 2 attempt(s)); catalog_instruments.date_range_end_daily=2024-08-12"
ITDA,"IBKR contract database returned no matching contract (sweep 2026-07-25); last daily bar 2024-11-15, before the catalog cutoff 2026-05-01 — consistent with delisting","_bmad-output/implementation-artifacts/venue-backfill-evidence/results.csv row 'ITDA' (outcome=not_found, 20.006s, 2 attempt(s)); catalog_instruments.date_range_end_daily=2024-11-15"
IUSS,"IBKR contract database returned no matching contract (sweep 2026-07-25); last daily bar 2023-03-30, before the catalog cutoff 2026-05-01 — consistent with delisting","_bmad-output/implementation-artifacts/venue-backfill-evidence/results.csv row 'IUSS' (outcome=not_found, 20.004s, 2 attempt(s)); catalog_instruments.date_range_end_daily=2023-03-30"
IVDG,"IBKR contract database returned no matching contract (sweep 2026-07-25); last daily bar 2023-03-30, before the catalog cutoff 2026-05-01 — consistent with delisting","_bmad-output/implementation-artifacts/venue-backfill-evidence/results.csv row 'IVDG' (outcome=not_found, 20.004s, 2 attempt(s)); catalog_instruments.date_range_end_daily=2023-03-30"
IVEG,"IBKR contract database returned no matching contract (sweep 2026-07-25); last daily bar 2025-08-18, before the catalog cutoff 2026-05-01 — consistent with delisting","_bmad-output/implementation-artifacts/venue-backfill-evidence/results.csv row 'IVEG' (outcome=not_found, 20.004s, 2 attempt(s)); catalog_instruments.date_range_end_daily=2025-08-18"
IVLC,"IBKR contract database returned no matching contract (sweep 2026-07-25); last daily bar 2023-03-30, before the catalog cutoff 2026-05-01 — consistent with delisting","_bmad-output/implementation-artifacts/venue-backfill-evidence/results.csv row 'IVLC' (outcome=not_found, 20.005s, 2 attempt(s)); catalog_instruments.date_range_end_daily=2023-03-30"
IVRA,"IBKR contract database returned no matching contract (sweep 2026-07-25); last daily bar 2026-02-23, before the catalog cutoff 2026-05-01 — consistent with delisting","_bmad-output/implementation-artifacts/venue-backfill-evidence/results.csv row 'IVRA' (outcome=not_found, 20.004s, 2 attempt(s)); catalog_instruments.date_range_end_daily=2026-02-23"
IVSG,"IBKR contract database returned no matching contract (sweep 2026-07-25); last daily bar 2023-03-30, before the catalog cutoff 2026-05-01 — consistent with delisting","_bmad-output/implementation-artifacts/venue-backfill-evidence/results.csv row 'IVSG' (outcome=not_found, 20.007s, 2 attempt(s)); catalog_instruments.date_range_end_daily=2023-03-30"
IWFH,"IBKR contract database returned no matching contract (sweep 2026-07-25); last daily bar 2024-08-12, before the catalog cutoff 2026-05-01 — consistent with delisting","_bmad-output/implementation-artifacts/venue-backfill-evidence/results.csv row 'IWFH' (outcome=not_found, 20.005s, 2 attempt(s)); catalog_instruments.date_range_end_daily=2024-08-12"
IWIN,"IBKR contract database returned no matching contract (sweep 2026-07-25); last daily bar 2024-09-03, before the catalog cutoff 2026-05-01 — consistent with delisting","_bmad-output/implementation-artifacts/venue-backfill-evidence/results.csv row 'IWIN' (outcome=not_found, 20.004s, 2 attempt(s)); catalog_instruments.date_range_end_daily=2024-09-03"
IWTR,"IBKR contract database returned no matching contract (sweep 2026-07-25); last daily bar 2025-08-18, before the catalog cutoff 2026-05-01 — consistent with delisting","_bmad-output/implementation-artifacts/venue-backfill-evidence/results.csv row 'IWTR' (outcome=not_found, 20.004s, 2 attempt(s)); catalog_instruments.date_range_end_daily=2025-08-18"
IXSE,"IBKR contract database returned no matching contract (sweep 2026-07-25); last daily bar 2023-10-20, before the catalog cutoff 2026-05-01 — consistent with delisting","_bmad-output/implementation-artifacts/venue-backfill-evidence/results.csv row 'IXSE' (outcome=not_found, 20.002s, 2 attempt(s)); catalog_instruments.date_range_end_daily=2023-10-20"
JCTR,"IBKR contract database returned no matching contract (sweep 2026-07-25); last daily bar 2025-10-03, before the catalog cutoff 2026-05-01 — consistent with delisting","_bmad-output/implementation-artifacts/venue-backfill-evidence/results.csv row 'JCTR' (outcome=not_found, 20.005s, 2 attempt(s)); catalog_instruments.date_range_end_daily=2025-10-03"
JFWD,"IBKR contract database returned no matching contract (sweep 2026-07-25); last daily bar 2024-12-20, before the catalog cutoff 2026-05-01 — consistent with delisting","_bmad-output/implementation-artifacts/venue-backfill-evidence/results.csv row 'JFWD' (outcome=not_found, 20.007s, 2 attempt(s)); catalog_instruments.date_range_end_daily=2024-12-20"
JIDA,"IBKR contract database returned no matching contract (sweep 2026-07-25); last daily bar 2023-10-10, before the catalog cutoff 2026-05-01 — consistent with delisting","_bmad-output/implementation-artifacts/venue-backfill-evidence/results.csv row 'JIDA' (outcome=not_found, 20.008s, 2 attempt(s)); catalog_instruments.date_range_end_daily=2023-10-10"
JJA,"IBKR contract database returned no matching contract (sweep 2026-07-25); last daily bar 2023-06-08, before the catalog cutoff 2026-05-01 — consistent with delisting","_bmad-output/implementation-artifacts/venue-backfill-evidence/results.csv row 'JJA' (outcome=not_found, 20.004s, 2 attempt(s)); catalog_instruments.date_range_end_daily=2023-06-08"
JJC,"IBKR contract database returned no matching contract (sweep 2026-07-25); last daily bar 2023-06-08, before the catalog cutoff 2026-05-01 — consistent with delisting","_bmad-output/implementation-artifacts/venue-backfill-evidence/results.csv row 'JJC' (outcome=not_found, 20.003s, 2 attempt(s)); catalog_instruments.date_range_end_daily=2023-06-08"
JJE,"IBKR contract database returned no matching contract (sweep 2026-07-25); last daily bar 2023-06-07, before the catalog cutoff 2026-05-01 — consistent with delisting","_bmad-output/implementation-artifacts/venue-backfill-evidence/results.csv row 'JJE' (outcome=not_found, 20.003s, 2 attempt(s)); catalog_instruments.date_range_end_daily=2023-06-07"
JJG,"IBKR contract database returned no matching contract (sweep 2026-07-25); last daily bar 2023-06-07, before the catalog cutoff 2026-05-01 — consistent with delisting","_bmad-output/implementation-artifacts/venue-backfill-evidence/results.csv row 'JJG' (outcome=not_found, 20.005s, 2 attempt(s)); catalog_instruments.date_range_end_daily=2023-06-07"
JJM,"IBKR contract database returned no matching contract (sweep 2026-07-25); last daily bar 2023-06-08, before the catalog cutoff 2026-05-01 — consistent with delisting","_bmad-output/implementation-artifacts/venue-backfill-evidence/results.csv row 'JJM' (outcome=not_found, 20.004s, 2 attempt(s)); catalog_instruments.date_range_end_daily=2023-06-08"
JJN,"IBKR contract database returned no matching contract (sweep 2026-07-25); last daily bar 2023-06-07, before the catalog cutoff 2026-05-01 — consistent with delisting","_bmad-output/implementation-artifacts/venue-backfill-evidence/results.csv row 'JJN' (outcome=not_found, 20.003s, 2 attempt(s)); catalog_instruments.date_range_end_daily=2023-06-07"
JJP,"IBKR contract database returned no matching contract (sweep 2026-07-25); last daily bar 2023-06-07, before the catalog cutoff 2026-05-01 — consistent with delisting","_bmad-output/implementation-artifacts/venue-backfill-evidence/results.csv row 'JJP' (outcome=not_found, 20.004s, 2 attempt(s)); catalog_instruments.date_range_end_daily=2023-06-07"
JJS,"IBKR contract database returned no matching contract (sweep 2026-07-25); last daily bar 2023-06-07, before the catalog cutoff 2026-05-01 — consistent with delisting","_bmad-output/implementation-artifacts/venue-backfill-evidence/results.csv row 'JJS' (outcome=not_found, 20.006s, 2 attempt(s)); catalog_instruments.date_range_end_daily=2023-06-07"
JJT,"IBKR contract database returned no matching contract (sweep 2026-07-25); last daily bar 2023-06-07, before the catalog cutoff 2026-05-01 — consistent with delisting","_bmad-output/implementation-artifacts/venue-backfill-evidence/results.csv row 'JJT' (outcome=not_found, 20.008s, 2 attempt(s)); catalog_instruments.date_range_end_daily=2023-06-07"
JJU,"IBKR contract database returned no matching contract (sweep 2026-07-25); last daily bar 2023-06-07, before the catalog cutoff 2026-05-01 — consistent with delisting","_bmad-output/implementation-artifacts/venue-backfill-evidence/results.csv row 'JJU' (outcome=not_found, 20.010s, 2 attempt(s)); catalog_instruments.date_range_end_daily=2023-06-07"
JO,"IBKR contract database returned no matching contract (sweep 2026-07-25); last daily bar 2023-06-08, before the catalog cutoff 2026-05-01 — consistent with delisting","_bmad-output/implementation-artifacts/venue-backfill-evidence/results.csv row 'JO' (outcome=not_found, 20.006s, 2 attempt(s)); catalog_instruments.date_range_end_daily=2023-06-08"
JPMO,"IBKR contract database returned no matching contract (sweep 2026-07-25); last daily bar 2026-02-27, before the catalog cutoff 2026-05-01 — consistent with delisting","_bmad-output/implementation-artifacts/venue-backfill-evidence/results.csv row 'JPMO' (outcome=not_found, 20.006s, 2 attempt(s)); catalog_instruments.date_range_end_daily=2026-02-27"
JRNY,"IBKR contract database returned no matching contract (sweep 2026-07-25); last daily bar 2024-10-17, before the catalog cutoff 2026-05-01 — consistent with delisting","_bmad-output/implementation-artifacts/venue-backfill-evidence/results.csv row 'JRNY' (outcome=not_found, 20.009s, 2 attempt(s)); catalog_instruments.date_range_end_daily=2024-10-17"
JULD,"IBKR contract database returned no matching contract (sweep 2026-07-25); last daily bar 2025-07-01, before the catalog cutoff 2026-05-01 — consistent with delisting","_bmad-output/implementation-artifacts/venue-backfill-evidence/results.csv row 'JULD' (outcome=not_found, 20.007s, 2 attempt(s)); catalog_instruments.date_range_end_daily=2025-07-01"
JULQ,"IBKR contract database returned no matching contract (sweep 2026-07-25); last daily bar 2025-07-01, before the catalog cutoff 2026-05-01 — consistent with delisting","_bmad-output/implementation-artifacts/venue-backfill-evidence/results.csv row 'JULQ' (outcome=not_found, 20.006s, 2 attempt(s)); catalog_instruments.date_range_end_daily=2025-07-01"
JUNE,"IBKR contract database returned no matching contract (sweep 2026-07-25); last daily bar 2025-05-30, before the catalog cutoff 2026-05-01 — consistent with delisting","_bmad-output/implementation-artifacts/venue-backfill-evidence/results.csv row 'JUNE' (outcome=not_found, 20.005s, 2 attempt(s)); catalog_instruments.date_range_end_daily=2025-05-30"
JZRO,"IBKR contract database returned no matching contract (sweep 2026-07-25); last daily bar 2023-10-19, before the catalog cutoff 2026-05-01 — consistent with delisting","_bmad-output/implementation-artifacts/venue-backfill-evidence/results.csv row 'JZRO' (outcome=not_found, 20.010s, 2 attempt(s)); catalog_instruments.date_range_end_daily=2023-10-19"
KALL,"IBKR contract database returned no matching contract (sweep 2026-07-25); last daily bar 2025-05-20, before the catalog cutoff 2026-05-01 — consistent with delisting","_bmad-output/implementation-artifacts/venue-backfill-evidence/results.csv row 'KALL' (outcome=not_found, 20.006s, 2 attempt(s)); catalog_instruments.date_range_end_daily=2025-05-20"
KBND,"IBKR contract database returned no matching contract (sweep 2026-07-25); last daily bar 2024-03-14, before the catalog cutoff 2026-05-01 — consistent with delisting","_bmad-output/implementation-artifacts/venue-backfill-evidence/results.csv row 'KBND' (outcome=not_found, 20.007s, 2 attempt(s)); catalog_instruments.date_range_end_daily=2024-03-14"
KBUY,"IBKR contract database returned no matching contract (sweep 2026-07-25); last daily bar 2024-03-14, before the catalog cutoff 2026-05-01 — consistent with delisting","_bmad-output/implementation-artifacts/venue-backfill-evidence/results.csv row 'KBUY' (outcome=not_found, 20.005s, 2 attempt(s)); catalog_instruments.date_range_end_daily=2024-03-14"
KBWR,"IBKR contract database returned no matching contract (sweep 2026-07-25); last daily bar 2026-02-20, before the catalog cutoff 2026-05-01 — consistent with delisting","_bmad-output/implementation-artifacts/venue-backfill-evidence/results.csv row 'KBWR' (outcome=not_found, 20.010s, 2 attempt(s)); catalog_instruments.date_range_end_daily=2026-02-20"
KDIV,"IBKR contract database returned no matching contract (sweep 2026-07-25); last daily bar 2024-09-06, before the catalog cutoff 2026-05-01 — consistent with delisting","_bmad-output/implementation-artifacts/venue-backfill-evidence/results.csv row 'KDIV' (outcome=not_found, 20.006s, 2 attempt(s)); catalog_instruments.date_range_end_daily=2024-09-06"
KEJI,"IBKR contract database returned no matching contract (sweep 2026-07-25); last daily bar 2023-11-10, before the catalog cutoff 2026-05-01 — consistent with delisting","_bmad-output/implementation-artifacts/venue-backfill-evidence/results.csv row 'KEJI' (outcome=not_found, 20.006s, 2 attempt(s)); catalog_instruments.date_range_end_daily=2023-11-10"
KEM,"IBKR contract database returned no matching contract (sweep 2026-07-25); last daily bar 2025-05-20, before the catalog cutoff 2026-05-01 — consistent with delisting","_bmad-output/implementation-artifacts/venue-backfill-evidence/results.csv row 'KEM' (outcome=not_found, 20.009s, 2 attempt(s)); catalog_instruments.date_range_end_daily=2025-05-20"
KESG,"IBKR contract database returned no matching contract (sweep 2026-07-25); last daily bar 2023-10-18, before the catalog cutoff 2026-05-01 — consistent with delisting","_bmad-output/implementation-artifacts/venue-backfill-evidence/results.csv row 'KESG' (outcome=not_found, 20.014s, 2 attempt(s)); catalog_instruments.date_range_end_daily=2023-10-18"
KEUA,"IBKR contract database returned no matching contract (sweep 2026-07-25); last daily bar 2026-03-13, before the catalog cutoff 2026-05-01 — consistent with delisting","_bmad-output/implementation-artifacts/venue-backfill-evidence/results.csv row 'KEUA' (outcome=not_found, 20.008s, 2 attempt(s)); catalog_instruments.date_range_end_daily=2026-03-13"
KFVG,"IBKR contract database returned no matching contract (sweep 2026-07-25); last daily bar 2024-09-19, before the catalog cutoff 2026-05-01 — consistent with delisting","_bmad-output/implementation-artifacts/venue-backfill-evidence/results.csv row 'KFVG' (outcome=not_found, 20.004s, 2 attempt(s)); catalog_instruments.date_range_end_daily=2024-09-19"
KFYP,"IBKR contract database returned no matching contract (sweep 2026-07-25); last daily bar 2023-10-18, before the catalog cutoff 2026-05-01 — consistent with delisting","_bmad-output/implementation-artifacts/venue-backfill-evidence/results.csv row 'KFYP' (outcome=not_found, 20.010s, 2 attempt(s)); catalog_instruments.date_range_end_daily=2023-10-18"
KLCD,"IBKR contract database returned no matching contract (sweep 2026-07-25); last daily bar 2023-02-01, before the catalog cutoff 2026-05-01 — consistent with delisting","_bmad-output/implementation-artifacts/venue-backfill-evidence/results.csv row 'KLCD' (outcome=not_found, 20.004s, 2 attempt(s)); catalog_instruments.date_range_end_daily=2023-02-01"
KLDW,"IBKR contract database returned no matching contract (sweep 2026-07-25); last daily bar 2024-07-19, before the catalog cutoff 2026-05-01 — consistent with delisting","_bmad-output/implementation-artifacts/venue-backfill-evidence/results.csv row 'KLDW' (outcome=not_found, 20.007s, 2 attempt(s)); catalog_instruments.date_range_end_daily=2024-07-19"
KLNE,"IBKR contract database returned no matching contract (sweep 2026-07-25); last daily bar 2024-07-19, before the catalog cutoff 2026-05-01 — consistent with delisting","_bmad-output/implementation-artifacts/venue-backfill-evidence/results.csv row 'KLNE' (outcome=not_found, 20.004s, 2 attempt(s)); catalog_instruments.date_range_end_daily=2024-07-19"
KLXY,"IBKR contract database returned no matching contract (sweep 2026-07-25); last daily bar 2026-03-13, before the catalog cutoff 2026-05-01 — consistent with delisting","_bmad-output/implementation-artifacts/venue-backfill-evidence/results.csv row 'KLXY' (outcome=not_found, 20.007s, 2 attempt(s)); catalog_instruments.date_range_end_daily=2026-03-13"
KMED,"IBKR contract database returned no matching contract (sweep 2026-07-25); last daily bar 2023-10-18, before the catalog cutoff 2026-05-01 — consistent with delisting","_bmad-output/implementation-artifacts/venue-backfill-evidence/results.csv row 'KMED' (outcome=not_found, 20.006s, 2 attempt(s)); catalog_instruments.date_range_end_daily=2023-10-18"
KMET,"IBKR contract database returned no matching contract (sweep 2026-07-25); last daily bar 2024-09-19, before the catalog cutoff 2026-05-01 — consistent with delisting","_bmad-output/implementation-artifacts/venue-backfill-evidence/results.csv row 'KMET' (outcome=not_found, 20.007s, 2 attempt(s)); catalog_instruments.date_range_end_daily=2024-09-19"
KNGS,"IBKR contract database returned no matching contract (sweep 2026-07-25); last daily bar 2024-11-27, before the catalog cutoff 2026-05-01 — consistent with delisting","_bmad-output/implementation-artifacts/venue-backfill-evidence/results.csv row 'KNGS' (outcome=not_found, 20.006s, 2 attempt(s)); catalog_instruments.date_range_end_daily=2024-11-27"
KOCG,"IBKR contract database returned no matching contract (sweep 2026-07-25); last daily bar 2025-07-18, before the catalog cutoff 2026-05-01 — consistent with delisting","_bmad-output/implementation-artifacts/venue-backfill-evidence/results.csv row 'KOCG' (outcome=not_found, 20.005s, 2 attempt(s)); catalog_instruments.date_range_end_daily=2025-07-18"
KOIN,"IBKR contract database returned no matching contract (sweep 2026-07-25); last daily bar 2024-05-22, before the catalog cutoff 2026-05-01 — consistent with delisting","_bmad-output/implementation-artifacts/venue-backfill-evidence/results.csv row 'KOIN' (outcome=not_found, 20.005s, 2 attempt(s)); catalog_instruments.date_range_end_daily=2024-05-22"
KPOP,"IBKR contract database returned no matching contract (sweep 2026-07-25); last daily bar 2025-04-01, before the catalog cutoff 2026-05-01 — consistent with delisting","_bmad-output/implementation-artifacts/venue-backfill-evidence/results.csv row 'KPOP' (outcome=not_found, 20.004s, 2 attempt(s)); catalog_instruments.date_range_end_daily=2025-04-01"
KRMA,"IBKR contract database returned no matching contract (sweep 2026-07-25); traded to the catalog cutoff 2026-05-01, so delisted between then and the sweep","_bmad-output/implementation-artifacts/venue-backfill-evidence/results.csv row 'KRMA' (outcome=not_found, 20.008s, 2 attempt(s)); catalog_instruments.date_range_end_daily=2026-05-01"
KRUZ,"IBKR contract database returned no matching contract (sweep 2026-07-25); last daily bar 2025-03-20, before the catalog cutoff 2026-05-01 — consistent with delisting","_bmad-output/implementation-artifacts/venue-backfill-evidence/results.csv row 'KRUZ' (outcome=not_found, 20.002s, 2 attempt(s)); catalog_instruments.date_range_end_daily=2025-03-20"
KSEA,"IBKR contract database returned no matching contract (sweep 2026-07-25); last daily bar 2025-05-20, before the catalog cutoff 2026-05-01 — consistent with delisting","_bmad-output/implementation-artifacts/venue-backfill-evidence/results.csv row 'KSEA' (outcome=not_found, 20.006s, 2 attempt(s)); catalog_instruments.date_range_end_daily=2025-05-20"
LAYS,"IBKR contract database returned no matching contract (sweep 2026-07-25); last daily bar 2026-04-23, before the catalog cutoff 2026-05-01 — consistent with delisting","_bmad-output/implementation-artifacts/venue-backfill-evidence/results.csv row 'LAYS' (outcome=not_found, 20.005s, 2 attempt(s)); catalog_instruments.date_range_end_daily=2026-04-23"
LCDL,"IBKR contract database returned no matching contract (sweep 2026-07-25); traded to the catalog cutoff 2026-05-01, so delisted between then and the sweep","_bmad-output/implementation-artifacts/venue-backfill-evidence/results.csv row 'LCDL' (outcome=not_found, 20.001s, 2 attempt(s)); catalog_instruments.date_range_end_daily=2026-05-01"
LCG,"IBKR contract database returned no matching contract (sweep 2026-07-25); last daily bar 2025-11-17, before the catalog cutoff 2026-05-01 — consistent with delisting","_bmad-output/implementation-artifacts/venue-backfill-evidence/results.csv row 'LCG' (outcome=not_found, 20.007s, 2 attempt(s)); catalog_instruments.date_range_end_daily=2025-11-17"
LD,"IBKR contract database returned no matching contract (sweep 2026-07-25); last daily bar 2023-06-07, before the catalog cutoff 2026-05-01 — consistent with delisting","_bmad-output/implementation-artifacts/venue-backfill-evidence/results.csv row 'LD' (outcome=not_found, 20.006s, 2 attempt(s)); catalog_instruments.date_range_end_daily=2023-06-07"
LEAD,"IBKR contract database returned no matching contract (sweep 2026-07-25); traded to the catalog cutoff 2026-05-01, so delisted between then and the sweep","_bmad-output/implementation-artifacts/venue-backfill-evidence/results.csv row 'LEAD' (outcome=not_found, 20.002s, 2 attempt(s)); catalog_instruments.date_range_end_daily=2026-05-01"
LIVR,"IBKR contract database returned no matching contract (sweep 2026-07-25); last daily bar 2025-09-26, before the catalog cutoff 2026-05-01 — consistent with delisting","_bmad-output/implementation-artifacts/venue-backfill-evidence/results.csv row 'LIVR' (outcome=not_found, 20.005s, 2 attempt(s)); catalog_instruments.date_range_end_daily=2025-09-26"
LMBO,"IBKR contract database returned no matching contract (sweep 2026-07-25); last daily bar 2026-04-10, before the catalog cutoff 2026-05-01 — consistent with delisting","_bmad-output/implementation-artifacts/venue-backfill-evidence/results.csv row 'LMBO' (outcome=not_found, 20.005s, 2 attempt(s)); catalog_instruments.date_range_end_daily=2026-04-10"
LNGG,"IBKR contract database returned no matching contract (sweep 2026-07-25); last daily bar 2024-11-27, before the catalog cutoff 2026-05-01 — consistent with delisting","_bmad-output/implementation-artifacts/venue-backfill-evidence/results.csv row 'LNGG' (outcome=not_found, 20.006s, 2 attempt(s)); catalog_instruments.date_range_end_daily=2024-11-27"
LNGZ,"IBKR contract database returned no matching contract (sweep 2026-07-25); last daily bar 2025-05-13, before the catalog cutoff 2026-05-01 — consistent with delisting","_bmad-output/implementation-artifacts/venue-backfill-evidence/results.csv row 'LNGZ' (outcome=not_found, 20.005s, 2 attempt(s)); catalog_instruments.date_range_end_daily=2025-05-13"
LQIG,"IBKR contract database returned no matching contract (sweep 2026-07-25); traded to the catalog cutoff 2026-05-01, so delisted between then and the sweep","_bmad-output/implementation-artifacts/venue-backfill-evidence/results.csv row 'LQIG' (outcome=not_found, 20.008s, 2 attempt(s)); catalog_instruments.date_range_end_daily=2026-05-01"
LQPE,"IBKR contract database returned no matching contract (sweep 2026-07-25); last daily bar 2026-03-23, before the catalog cutoff 2026-05-01 — consistent with delisting","_bmad-output/implementation-artifacts/venue-backfill-evidence/results.csv row 'LQPE' (outcome=not_found, 20.004s, 2 attempt(s)); catalog_instruments.date_range_end_daily=2026-03-23"
LSST,"IBKR contract database returned no matching contract (sweep 2026-07-25); last daily bar 2024-09-25, before the catalog cutoff 2026-05-01 — consistent with delisting","_bmad-output/implementation-artifacts/venue-backfill-evidence/results.csv row 'LSST' (outcome=not_found, 20.006s, 2 attempt(s)); catalog_instruments.date_range_end_daily=2024-09-25"
LUX,"IBKR contract database returned no matching contract (sweep 2026-07-25); last daily bar 2025-08-06, before the catalog cutoff 2026-05-01 — consistent with delisting","_bmad-output/implementation-artifacts/venue-backfill-evidence/results.csv row 'LUX' (outcome=not_found, 20.005s, 2 attempt(s)); catalog_instruments.date_range_end_daily=2025-08-06"
LUXX,"IBKR contract database returned no matching contract (sweep 2026-07-25); last daily bar 2024-11-27, before the catalog cutoff 2026-05-01 — consistent with delisting","_bmad-output/implementation-artifacts/venue-backfill-evidence/results.csv row 'LUXX' (outcome=not_found, 20.008s, 2 attempt(s)); catalog_instruments.date_range_end_daily=2024-11-27"
LVOL,"IBKR contract database returned no matching contract (sweep 2026-07-25); last daily bar 2025-04-22, before the catalog cutoff 2026-05-01 — consistent with delisting","_bmad-output/implementation-artifacts/venue-backfill-evidence/results.csv row 'LVOL' (outcome=not_found, 20.008s, 2 attempt(s)); catalog_instruments.date_range_end_daily=2025-04-22"
LYFE,"IBKR contract database returned no matching contract (sweep 2026-07-25); last daily bar 2023-08-03, before the catalog cutoff 2026-05-01 — consistent with delisting","_bmad-output/implementation-artifacts/venue-backfill-evidence/results.csv row 'LYFE' (outcome=not_found, 20.010s, 2 attempt(s)); catalog_instruments.date_range_end_daily=2023-08-03"
MAAX,"IBKR contract database returned no matching contract (sweep 2026-07-25); last daily bar 2023-06-22, before the catalog cutoff 2026-05-01 — consistent with delisting","_bmad-output/implementation-artifacts/venue-backfill-evidence/results.csv row 'MAAX' (outcome=not_found, 20.010s, 2 attempt(s)); catalog_instruments.date_range_end_daily=2023-06-22"
MAGQ,"IBKR contract database returned no matching contract (sweep 2026-07-25); last daily bar 2024-11-27, before the catalog cutoff 2026-05-01 — consistent with delisting","_bmad-output/implementation-artifacts/venue-backfill-evidence/results.csv row 'MAGQ' (outcome=not_found, 20.005s, 2 attempt(s)); catalog_instruments.date_range_end_daily=2024-11-27"
MARB,"IBKR contract database returned no matching contract (sweep 2026-07-25); traded to the catalog cutoff 2026-05-01, so delisted between then and the sweep","_bmad-output/implementation-artifacts/venue-backfill-evidence/results.csv row 'MARB' (outcome=not_found, 20.005s, 2 attempt(s)); catalog_instruments.date_range_end_daily=2026-05-01"
MBCC,"IBKR contract database returned no matching contract (sweep 2026-07-25); traded to the catalog cutoff 2026-05-01, so delisted between then and the sweep","_bmad-output/implementation-artifacts/venue-backfill-evidence/results.csv row 'MBCC' (outcome=not_found, 20.009s, 2 attempt(s)); catalog_instruments.date_range_end_daily=2026-05-01"
MBNE,"IBKR contract database returned no matching contract (sweep 2026-07-25); traded to the catalog cutoff 2026-05-01, so delisted between then and the sweep","_bmad-output/implementation-artifacts/venue-backfill-evidence/results.csv row 'MBNE' (outcome=not_found, 20.006s, 2 attempt(s)); catalog_instruments.date_range_end_daily=2026-05-01"
MCSE,"IBKR contract database returned no matching contract (sweep 2026-07-25); last daily bar 2026-01-08, before the catalog cutoff 2026-05-01 — consistent with delisting","_bmad-output/implementation-artifacts/venue-backfill-evidence/results.csv row 'MCSE' (outcome=not_found, 20.002s, 2 attempt(s)); catalog_instruments.date_range_end_daily=2026-01-08"
MDCP,"IBKR contract database returned no matching contract (sweep 2026-07-25); last daily bar 2025-04-23, before the catalog cutoff 2026-05-01 — consistent with delisting","_bmad-output/implementation-artifacts/venue-backfill-evidence/results.csv row 'MDCP' (outcome=not_found, 20.005s, 2 attempt(s)); catalog_instruments.date_range_end_daily=2025-04-23"
MINC,"IBKR contract database returned no matching contract (sweep 2026-07-25); last daily bar 2023-09-22, before the catalog cutoff 2026-05-01 — consistent with delisting","_bmad-output/implementation-artifacts/venue-backfill-evidence/results.csv row 'MINC' (outcome=not_found, 20.003s, 2 attempt(s)); catalog_instruments.date_range_end_daily=2023-09-22"
MJUS,"IBKR contract database returned no matching contract (sweep 2026-07-25); last daily bar 2025-01-27, before the catalog cutoff 2026-05-01 — consistent with delisting","_bmad-output/implementation-artifacts/venue-backfill-evidence/results.csv row 'MJUS' (outcome=not_found, 20.002s, 2 attempt(s)); catalog_instruments.date_range_end_daily=2025-01-27"
MLPO,"IBKR contract database returned no matching contract (sweep 2026-07-25); last daily bar 2023-11-07, before the catalog cutoff 2026-05-01 — consistent with delisting","_bmad-output/implementation-artifacts/venue-backfill-evidence/results.csv row 'MLPO' (outcome=not_found, 20.002s, 2 attempt(s)); catalog_instruments.date_range_end_daily=2023-11-07"
MMLG,"IBKR contract database returned no matching contract (sweep 2026-07-25); traded to the catalog cutoff 2026-05-01, so delisted between then and the sweep","_bmad-output/implementation-artifacts/venue-backfill-evidence/results.csv row 'MMLG' (outcome=not_found, 20.009s, 2 attempt(s)); catalog_instruments.date_range_end_daily=2026-05-01"
MNTL,"IBKR contract database returned no matching contract (sweep 2026-07-25); last daily bar 2025-08-06, before the catalog cutoff 2026-05-01 — consistent with delisting","_bmad-output/implementation-artifacts/venue-backfill-evidence/results.csv row 'MNTL' (outcome=not_found, 20.005s, 2 attempt(s)); catalog_instruments.date_range_end_daily=2025-08-06"
MOHR,"IBKR contract database returned no matching contract (sweep 2026-07-25); last daily bar 2024-09-27, before the catalog cutoff 2026-05-01 — consistent with delisting","_bmad-output/implementation-artifacts/venue-backfill-evidence/results.csv row 'MOHR' (outcome=not_found, 20.003s, 2 attempt(s)); catalog_instruments.date_range_end_daily=2024-09-27"
MOON,"IBKR contract database returned no matching contract (sweep 2026-07-25); last daily bar 2024-07-19, before the catalog cutoff 2026-05-01 — consistent with delisting","_bmad-output/implementation-artifacts/venue-backfill-evidence/results.csv row 'MOON' (outcome=not_found, 20.004s, 2 attempt(s)); catalog_instruments.date_range_end_daily=2024-07-19"
MPAY,"IBKR contract database returned no matching contract (sweep 2026-07-25); last daily bar 2025-04-22, before the catalog cutoff 2026-05-01 — consistent with delisting","_bmad-output/implementation-artifacts/venue-backfill-evidence/results.csv row 'MPAY' (outcome=not_found, 20.005s, 2 attempt(s)); catalog_instruments.date_range_end_daily=2025-04-22"
MRAD,"IBKR contract database returned no matching contract (sweep 2026-07-25); last daily bar 2024-10-30, before the catalog cutoff 2026-05-01 — consistent with delisting","_bmad-output/implementation-artifacts/venue-backfill-evidence/results.csv row 'MRAD' (outcome=not_found, 20.002s, 2 attempt(s)); catalog_instruments.date_range_end_daily=2024-10-30"
MSDD,"IBKR contract database returned no matching contract (sweep 2026-07-25); traded to the catalog cutoff 2026-05-01, so delisted between then and the sweep","_bmad-output/implementation-artifacts/venue-backfill-evidence/results.csv row 'MSDD' (outcome=not_found, 20.005s, 2 attempt(s)); catalog_instruments.date_range_end_daily=2026-05-01"
MSII,"IBKR contract database returned no matching contract (sweep 2026-07-25); traded to the catalog cutoff 2026-05-01, so delisted between then and the sweep","_bmad-output/implementation-artifacts/venue-backfill-evidence/results.csv row 'MSII' (outcome=not_found, 20.004s, 2 attempt(s)); catalog_instruments.date_range_end_daily=2026-05-01"
MSVX,"IBKR contract database returned no matching contract (sweep 2026-07-25); last daily bar 2024-12-19, before the catalog cutoff 2026-05-01 — consistent with delisting","_bmad-output/implementation-artifacts/venue-backfill-evidence/results.csv row 'MSVX' (outcome=not_found, 20.001s, 2 attempt(s)); catalog_instruments.date_range_end_daily=2024-12-19"
MTVR,"IBKR contract database returned no matching contract (sweep 2026-07-25); last daily bar 2023-07-25, before the catalog cutoff 2026-05-01 — consistent with delisting","_bmad-output/implementation-artifacts/venue-backfill-evidence/results.csv row 'MTVR' (outcome=not_found, 20.008s, 2 attempt(s)); catalog_instruments.date_range_end_daily=2023-07-25"
MVPS,"IBKR contract database returned no matching contract (sweep 2026-07-25); last daily bar 2025-03-05, before the catalog cutoff 2026-05-01 — consistent with delisting","_bmad-output/implementation-artifacts/venue-backfill-evidence/results.csv row 'MVPS' (outcome=not_found, 20.005s, 2 attempt(s)); catalog_instruments.date_range_end_daily=2025-03-05"
NBCC,"IBKR contract database returned no matching contract (sweep 2026-07-25); last daily bar 2025-08-14, before the catalog cutoff 2026-05-01 — consistent with delisting","_bmad-output/implementation-artifacts/venue-backfill-evidence/results.csv row 'NBCC' (outcome=not_found, 20.005s, 2 attempt(s)); catalog_instruments.date_range_end_daily=2025-08-14"
NBCT,"IBKR contract database returned no matching contract (sweep 2026-07-25); last daily bar 2024-10-31, before the catalog cutoff 2026-05-01 — consistent with delisting","_bmad-output/implementation-artifacts/venue-backfill-evidence/results.csv row 'NBCT' (outcome=not_found, 20.001s, 2 attempt(s)); catalog_instruments.date_range_end_daily=2024-10-31"
NBGR,"IBKR contract database returned no matching contract (sweep 2026-07-25); last daily bar 2025-01-10, before the catalog cutoff 2026-05-01 — consistent with delisting","_bmad-output/implementation-artifacts/venue-backfill-evidence/results.csv row 'NBGR' (outcome=not_found, 20.005s, 2 attempt(s)); catalog_instruments.date_range_end_daily=2025-01-10"
NDVG,"IBKR contract database returned no matching contract (sweep 2026-07-25); last daily bar 2026-04-06, before the catalog cutoff 2026-05-01 — consistent with delisting","_bmad-output/implementation-artifacts/venue-backfill-evidence/results.csv row 'NDVG' (outcome=not_found, 20.004s, 2 attempt(s)); catalog_instruments.date_range_end_daily=2026-04-06"
NETZ,"IBKR contract database returned no matching contract (sweep 2026-07-25); last daily bar 2025-01-31, before the catalog cutoff 2026-05-01 — consistent with delisting","_bmad-output/implementation-artifacts/venue-backfill-evidence/results.csv row 'NETZ' (outcome=not_found, 20.006s, 2 attempt(s)); catalog_instruments.date_range_end_daily=2025-01-31"
NGE,"IBKR contract database returned no matching contract (sweep 2026-07-25); last daily bar 2024-03-25, before the catalog cutoff 2026-05-01 — consistent with delisting","_bmad-output/implementation-artifacts/venue-backfill-evidence/results.csv row 'NGE' (outcome=not_found, 20.002s, 2 attempt(s)); catalog_instruments.date_range_end_daily=2024-03-25"
NIB,"IBKR contract database returned no matching contract (sweep 2026-07-25); last daily bar 2023-06-08, before the catalog cutoff 2026-05-01 — consistent with delisting","_bmad-output/implementation-artifacts/venue-backfill-evidence/results.csv row 'NIB' (outcome=not_found, 20.006s, 2 attempt(s)); catalog_instruments.date_range_end_daily=2023-06-08"
NSCR,"IBKR contract database returned no matching contract (sweep 2026-07-25); last daily bar 2026-04-06, before the catalog cutoff 2026-05-01 — consistent with delisting","_bmad-output/implementation-artifacts/venue-backfill-evidence/results.csv row 'NSCR' (outcome=not_found, 20.006s, 2 attempt(s)); catalog_instruments.date_range_end_daily=2026-04-06"
NSCS,"IBKR contract database returned no matching contract (sweep 2026-07-25); last daily bar 2025-06-23, before the catalog cutoff 2026-05-01 — consistent with delisting","_bmad-output/implementation-artifacts/venue-backfill-evidence/results.csv row 'NSCS' (outcome=not_found, 20.004s, 2 attempt(s)); catalog_instruments.date_range_end_daily=2025-06-23"
NTZG,"IBKR contract database returned no matching contract (sweep 2026-07-25); last daily bar 2024-10-14, before the catalog cutoff 2026-05-01 — consistent with delisting","_bmad-output/implementation-artifacts/venue-backfill-evidence/results.csv row 'NTZG' (outcome=not_found, 20.003s, 2 attempt(s)); catalog_instruments.date_range_end_daily=2024-10-14"
NUSI,"IBKR contract database returned no matching contract (sweep 2026-07-25); last daily bar 2025-02-20, before the catalog cutoff 2026-05-01 — consistent with delisting","_bmad-output/implementation-artifacts/venue-backfill-evidence/results.csv row 'NUSI' (outcome=not_found, 20.010s, 2 attempt(s)); catalog_instruments.date_range_end_daily=2025-02-20"
NVQ,"IBKR contract database returned no matching contract (sweep 2026-07-25); last daily bar 2024-02-14, before the catalog cutoff 2026-05-01 — consistent with delisting","_bmad-output/implementation-artifacts/venue-backfill-evidence/results.csv row 'NVQ' (outcome=not_found, 20.004s, 2 attempt(s)); catalog_instruments.date_range_end_daily=2024-02-14"
NWLG,"IBKR contract database returned no matching contract (sweep 2026-07-25); last daily bar 2026-04-06, before the catalog cutoff 2026-05-01 — consistent with delisting","_bmad-output/implementation-artifacts/venue-backfill-evidence/results.csv row 'NWLG' (outcome=not_found, 20.008s, 2 attempt(s)); catalog_instruments.date_range_end_daily=2026-04-06"
NXTV,"IBKR contract database returned no matching contract (sweep 2026-07-25); last daily bar 2025-05-23, before the catalog cutoff 2026-05-01 — consistent with delisting","_bmad-output/implementation-artifacts/venue-backfill-evidence/results.csv row 'NXTV' (outcome=not_found, 20.003s, 2 attempt(s)); catalog_instruments.date_range_end_daily=2025-05-23"
NZUS,"IBKR contract database returned no matching contract (sweep 2026-07-25); traded to the catalog cutoff 2026-05-01, so delisted between then and the sweep","_bmad-output/implementation-artifacts/venue-backfill-evidence/results.csv row 'NZUS' (outcome=not_found, 20.004s, 2 attempt(s)); catalog_instruments.date_range_end_daily=2026-05-01"
OAIA,"IBKR contract database returned no matching contract (sweep 2026-07-25); last daily bar 2024-09-10, before the catalog cutoff 2026-05-01 — consistent with delisting","_bmad-output/implementation-artifacts/venue-backfill-evidence/results.csv row 'OAIA' (outcome=not_found, 20.006s, 2 attempt(s)); catalog_instruments.date_range_end_daily=2024-09-10"
OCFS,"IBKR contract database returned no matching contract (sweep 2026-07-25); last daily bar 2025-10-29, before the catalog cutoff 2026-05-01 — consistent with delisting","_bmad-output/implementation-artifacts/venue-backfill-evidence/results.csv row 'OCFS' (outcome=not_found, 20.004s, 2 attempt(s)); catalog_instruments.date_range_end_daily=2025-10-29"
OCTD,"IBKR contract database returned no matching contract (sweep 2026-07-25); last daily bar 2025-10-01, before the catalog cutoff 2026-05-01 — consistent with delisting","_bmad-output/implementation-artifacts/venue-backfill-evidence/results.csv row 'OCTD' (outcome=not_found, 20.006s, 2 attempt(s)); catalog_instruments.date_range_end_daily=2025-10-01"
OCTQ,"IBKR contract database returned no matching contract (sweep 2026-07-25); last daily bar 2025-10-01, before the catalog cutoff 2026-05-01 — consistent with delisting","_bmad-output/implementation-artifacts/venue-backfill-evidence/results.csv row 'OCTQ' (outcome=not_found, 20.007s, 2 attempt(s)); catalog_instruments.date_range_end_daily=2025-10-01"
OEUR,"IBKR contract database returned no matching contract (sweep 2026-07-25); last daily bar 2025-09-30, before the catalog cutoff 2026-05-01 — consistent with delisting","_bmad-output/implementation-artifacts/venue-backfill-evidence/results.csv row 'OEUR' (outcome=not_found, 20.004s, 2 attempt(s)); catalog_instruments.date_range_end_daily=2025-09-30"
OFOS,"IBKR contract database returned no matching contract (sweep 2026-07-25); last daily bar 2025-06-17, before the catalog cutoff 2026-05-01 — consistent with delisting","_bmad-output/implementation-artifacts/venue-backfill-evidence/results.csv row 'OFOS' (outcome=not_found, 20.007s, 2 attempt(s)); catalog_instruments.date_range_end_daily=2025-06-17"
OIL,"IBKR contract database returned no matching contract (sweep 2026-07-25); last daily bar 2023-06-08, before the catalog cutoff 2026-05-01 — consistent with delisting","_bmad-output/implementation-artifacts/venue-backfill-evidence/results.csv row 'OIL' (outcome=not_found, 20.006s, 2 attempt(s)); catalog_instruments.date_range_end_daily=2023-06-08"
OLO,"IBKR contract database returned no matching contract (sweep 2026-07-25); last daily bar 2025-07-15, before the catalog cutoff 2026-05-01 — consistent with delisting","_bmad-output/implementation-artifacts/venue-backfill-evidence/results.csv row 'OLO' (outcome=not_found, 20.005s, 2 attempt(s)); catalog_instruments.date_range_end_daily=2025-07-15"
OOQB,"IBKR contract database returned no matching contract (sweep 2026-07-25); last daily bar 2026-04-10, before the catalog cutoff 2026-05-01 — consistent with delisting","_bmad-output/implementation-artifacts/venue-backfill-evidence/results.csv row 'OOQB' (outcome=not_found, 20.010s, 2 attempt(s)); catalog_instruments.date_range_end_daily=2026-04-10"
OOSB,"IBKR contract database returned no matching contract (sweep 2026-07-25); last daily bar 2026-04-10, before the catalog cutoff 2026-05-01 — consistent with delisting","_bmad-output/implementation-artifacts/venue-backfill-evidence/results.csv row 'OOSB' (outcome=not_found, 20.010s, 2 attempt(s)); catalog_instruments.date_range_end_daily=2026-04-10"
OOTO,"IBKR contract database returned no matching contract (sweep 2026-07-25); last daily bar 2025-07-24, before the catalog cutoff 2026-05-01 — consistent with delisting","_bmad-output/implementation-artifacts/venue-backfill-evidence/results.csv row 'OOTO' (outcome=not_found, 20.006s, 2 attempt(s)); catalog_instruments.date_range_end_daily=2025-07-24"
OPPX,"IBKR contract database returned no matching contract (sweep 2026-07-25); last daily bar 2023-12-27, before the catalog cutoff 2026-05-01 — consistent with delisting","_bmad-output/implementation-artifacts/venue-backfill-evidence/results.csv row 'OPPX' (outcome=not_found, 20.006s, 2 attempt(s)); catalog_instruments.date_range_end_daily=2023-12-27"
PAK,"IBKR contract database returned no matching contract (sweep 2026-07-25); last daily bar 2024-02-16, before the catalog cutoff 2026-05-01 — consistent with delisting","_bmad-output/implementation-artifacts/venue-backfill-evidence/results.csv row 'PAK' (outcome=not_found, 20.005s, 2 attempt(s)); catalog_instruments.date_range_end_daily=2024-02-16"
PBDM,"IBKR contract database returned no matching contract (sweep 2026-07-25); last daily bar 2023-06-23, before the catalog cutoff 2026-05-01 — consistent with delisting","_bmad-output/implementation-artifacts/venue-backfill-evidence/results.csv row 'PBDM' (outcome=not_found, 20.007s, 2 attempt(s)); catalog_instruments.date_range_end_daily=2023-06-23"
PBEE,"IBKR contract database returned no matching contract (sweep 2026-07-25); last daily bar 2023-06-23, before the catalog cutoff 2026-05-01 — consistent with delisting","_bmad-output/implementation-artifacts/venue-backfill-evidence/results.csv row 'PBEE' (outcome=not_found, 20.009s, 2 attempt(s)); catalog_instruments.date_range_end_daily=2023-06-23"
PBND,"IBKR contract database returned no matching contract (sweep 2026-07-25); last daily bar 2023-06-23, before the catalog cutoff 2026-05-01 — consistent with delisting","_bmad-output/implementation-artifacts/venue-backfill-evidence/results.csv row 'PBND' (outcome=not_found, 20.006s, 2 attempt(s)); catalog_instruments.date_range_end_daily=2023-06-23"
PBS,"IBKR contract database returned no matching contract (sweep 2026-07-25); last daily bar 2024-07-01, before the catalog cutoff 2026-05-01 — consistent with delisting","_bmad-output/implementation-artifacts/venue-backfill-evidence/results.csv row 'PBS' (outcome=not_found, 20.003s, 2 attempt(s)); catalog_instruments.date_range_end_daily=2024-07-01"
PBSM,"IBKR contract database returned no matching contract (sweep 2026-07-25); last daily bar 2023-06-23, before the catalog cutoff 2026-05-01 — consistent with delisting","_bmad-output/implementation-artifacts/venue-backfill-evidence/results.csv row 'PBSM' (outcome=not_found, 20.005s, 2 attempt(s)); catalog_instruments.date_range_end_daily=2023-06-23"
PCEM,"IBKR contract database returned no matching contract (sweep 2026-07-25); last daily bar 2026-03-16, before the catalog cutoff 2026-05-01 — consistent with delisting","_bmad-output/implementation-artifacts/venue-backfill-evidence/results.csv row 'PCEM' (outcome=not_found, 20.008s, 2 attempt(s)); catalog_instruments.date_range_end_daily=2026-03-16"
PCRB,"IBKR contract database returned no matching contract (sweep 2026-07-25); last daily bar 2026-04-30, before the catalog cutoff 2026-05-01 — consistent with delisting","_bmad-output/implementation-artifacts/venue-backfill-evidence/results.csv row 'PCRB' (outcome=not_found, 20.003s, 2 attempt(s)); catalog_instruments.date_range_end_daily=2026-04-30"
PFUT,"IBKR contract database returned no matching contract (sweep 2026-07-25); traded to the catalog cutoff 2026-05-01, so delisted between then and the sweep","_bmad-output/implementation-artifacts/venue-backfill-evidence/results.csv row 'PFUT' (outcome=not_found, 20.011s, 2 attempt(s)); catalog_instruments.date_range_end_daily=2026-05-01"
PGAL,"IBKR contract database returned no matching contract (sweep 2026-07-25); last daily bar 2024-02-16, before the catalog cutoff 2026-05-01 — consistent with delisting","_bmad-output/implementation-artifacts/venue-backfill-evidence/results.csv row 'PGAL' (outcome=not_found, 20.006s, 2 attempt(s)); catalog_instruments.date_range_end_daily=2024-02-16"
PGM,"IBKR contract database returned no matching contract (sweep 2026-07-25); last daily bar 2023-06-07, before the catalog cutoff 2026-05-01 — consistent with delisting","_bmad-output/implementation-artifacts/venue-backfill-evidence/results.csv row 'PGM' (outcome=not_found, 20.010s, 2 attempt(s)); catalog_instruments.date_range_end_daily=2023-06-07"
PHB,"IBKR contract database returned no matching contract (sweep 2026-07-25); last daily bar 2026-02-20, before the catalog cutoff 2026-05-01 — consistent with delisting","_bmad-output/implementation-artifacts/venue-backfill-evidence/results.csv row 'PHB' (outcome=not_found, 20.010s, 2 attempt(s)); catalog_instruments.date_range_end_daily=2026-02-20"
PHYD,"IBKR contract database returned no matching contract (sweep 2026-07-25); traded to the catalog cutoff 2026-05-01, so delisted between then and the sweep","_bmad-output/implementation-artifacts/venue-backfill-evidence/results.csv row 'PHYD' (outcome=not_found, 20.015s, 2 attempt(s)); catalog_instruments.date_range_end_daily=2026-05-01"
PIN,"IBKR contract database returned no matching contract (sweep 2026-07-25); last daily bar 2026-02-20, before the catalog cutoff 2026-05-01 — consistent with delisting","_bmad-output/implementation-artifacts/venue-backfill-evidence/results.csv row 'PIN' (outcome=not_found, 20.008s, 2 attempt(s)); catalog_instruments.date_range_end_daily=2026-02-20"
PJBF,"IBKR contract database returned no matching contract (sweep 2026-07-25); last daily bar 2026-04-24, before the catalog cutoff 2026-05-01 — consistent with delisting","_bmad-output/implementation-artifacts/venue-backfill-evidence/results.csv row 'PJBF' (outcome=not_found, 20.008s, 2 attempt(s)); catalog_instruments.date_range_end_daily=2026-04-24"
PLAT,"IBKR contract database returned no matching contract (sweep 2026-07-25); last daily bar 2023-10-20, before the catalog cutoff 2026-05-01 — consistent with delisting","_bmad-output/implementation-artifacts/venue-backfill-evidence/results.csv row 'PLAT' (outcome=not_found, 20.008s, 2 attempt(s)); catalog_instruments.date_range_end_daily=2023-10-20"
PLDR,"IBKR contract database returned no matching contract (sweep 2026-07-25); traded to the catalog cutoff 2026-05-01, so delisted between then and the sweep","_bmad-output/implementation-artifacts/venue-backfill-evidence/results.csv row 'PLDR' (outcome=not_found, 20.008s, 2 attempt(s)); catalog_instruments.date_range_end_daily=2026-05-01"
PLRG,"IBKR contract database returned no matching contract (sweep 2026-07-25); last daily bar 2023-10-13, before the catalog cutoff 2026-05-01 — consistent with delisting","_bmad-output/implementation-artifacts/venue-backfill-evidence/results.csv row 'PLRG' (outcome=not_found, 20.006s, 2 attempt(s)); catalog_instruments.date_range_end_daily=2023-10-13"
PLW,"IBKR contract database returned no matching contract (sweep 2026-07-25); last daily bar 2024-07-01, before the catalog cutoff 2026-05-01 — consistent with delisting","_bmad-output/implementation-artifacts/venue-backfill-evidence/results.csv row 'PLW' (outcome=not_found, 20.004s, 2 attempt(s)); catalog_instruments.date_range_end_daily=2024-07-01"
POTX,"IBKR contract database returned no matching contract (sweep 2026-07-25); last daily bar 2024-02-16, before the catalog cutoff 2026-05-01 — consistent with delisting","_bmad-output/implementation-artifacts/venue-backfill-evidence/results.csv row 'POTX' (outcome=not_found, 20.009s, 2 attempt(s)); catalog_instruments.date_range_end_daily=2024-02-16"
PP,"IBKR contract database returned no matching contract (sweep 2026-07-25); last daily bar 2025-02-25, before the catalog cutoff 2026-05-01 — consistent with delisting","_bmad-output/implementation-artifacts/venue-backfill-evidence/results.csv row 'PP' (outcome=not_found, 20.010s, 2 attempt(s)); catalog_instruments.date_range_end_daily=2025-02-25"
PPEM,"IBKR contract database returned no matching contract (sweep 2026-07-25); last daily bar 2026-04-30, before the catalog cutoff 2026-05-01 — consistent with delisting","_bmad-output/implementation-artifacts/venue-backfill-evidence/results.csv row 'PPEM' (outcome=not_found, 20.005s, 2 attempt(s)); catalog_instruments.date_range_end_daily=2026-04-30"
PPIE,"IBKR contract database returned no matching contract (sweep 2026-07-25); last daily bar 2026-04-30, before the catalog cutoff 2026-05-01 — consistent with delisting","_bmad-output/implementation-artifacts/venue-backfill-evidence/results.csv row 'PPIE' (outcome=not_found, 20.007s, 2 attempt(s)); catalog_instruments.date_range_end_daily=2026-04-30"
PRMN,"IBKR contract database returned no matching contract (sweep 2026-07-25); last daily bar 2025-03-21, before the catalog cutoff 2026-05-01 — consistent with delisting","_bmad-output/implementation-artifacts/venue-backfill-evidence/results.csv row 'PRMN' (outcome=not_found, 20.008s, 2 attempt(s)); catalog_instruments.date_range_end_daily=2025-03-21"
PSDN,"IBKR contract database returned no matching contract (sweep 2026-07-25); last daily bar 2023-08-25, before the catalog cutoff 2026-05-01 — consistent with delisting","_bmad-output/implementation-artifacts/venue-backfill-evidence/results.csv row 'PSDN' (outcome=not_found, 20.002s, 2 attempt(s)); catalog_instruments.date_range_end_daily=2023-08-25"
PSJ,"IBKR contract database returned no matching contract (sweep 2026-07-25); last daily bar 2024-07-01, before the catalog cutoff 2026-05-01 — consistent with delisting","_bmad-output/implementation-artifacts/venue-backfill-evidence/results.csv row 'PSJ' (outcome=not_found, 20.003s, 2 attempt(s)); catalog_instruments.date_range_end_daily=2024-07-01"
PSMB,"IBKR contract database returned no matching contract (sweep 2026-07-25); last daily bar 2023-06-23, before the catalog cutoff 2026-05-01 — consistent with delisting","_bmad-output/implementation-artifacts/venue-backfill-evidence/results.csv row 'PSMB' (outcome=not_found, 20.003s, 2 attempt(s)); catalog_instruments.date_range_end_daily=2023-06-23"
PSMC,"IBKR contract database returned no matching contract (sweep 2026-07-25); last daily bar 2023-06-23, before the catalog cutoff 2026-05-01 — consistent with delisting","_bmad-output/implementation-artifacts/venue-backfill-evidence/results.csv row 'PSMC' (outcome=not_found, 20.007s, 2 attempt(s)); catalog_instruments.date_range_end_daily=2023-06-23"
PSMG,"IBKR contract database returned no matching contract (sweep 2026-07-25); last daily bar 2023-06-23, before the catalog cutoff 2026-05-01 — consistent with delisting","_bmad-output/implementation-artifacts/venue-backfill-evidence/results.csv row 'PSMG' (outcome=not_found, 20.007s, 2 attempt(s)); catalog_instruments.date_range_end_daily=2023-06-23"
PSMM,"IBKR contract database returned no matching contract (sweep 2026-07-25); last daily bar 2023-06-23, before the catalog cutoff 2026-05-01 — consistent with delisting","_bmad-output/implementation-artifacts/venue-backfill-evidence/results.csv row 'PSMM' (outcome=not_found, 20.003s, 2 attempt(s)); catalog_instruments.date_range_end_daily=2023-06-23"
PTEC,"IBKR contract database returned no matching contract (sweep 2026-07-25); last daily bar 2025-08-22, before the catalog cutoff 2026-05-01 — consistent with delisting","_bmad-output/implementation-artifacts/venue-backfill-evidence/results.csv row 'PTEC' (outcome=not_found, 20.003s, 2 attempt(s)); catalog_instruments.date_range_end_daily=2025-08-22"
PULT,"IBKR contract database returned no matching contract (sweep 2026-07-25); last daily bar 2026-04-30, before the catalog cutoff 2026-05-01 — consistent with delisting","_bmad-output/implementation-artifacts/venue-backfill-evidence/results.csv row 'PULT' (outcome=not_found, 20.003s, 2 attempt(s)); catalog_instruments.date_range_end_daily=2026-04-30"
PUTD,"IBKR contract database returned no matching contract (sweep 2026-07-25); last daily bar 2025-10-13, before the catalog cutoff 2026-05-01 — consistent with delisting","_bmad-output/implementation-artifacts/venue-backfill-evidence/results.csv row 'PUTD' (outcome=not_found, 20.002s, 2 attempt(s)); catalog_instruments.date_range_end_daily=2025-10-13"
PUTW,"IBKR contract database returned no matching contract (sweep 2026-07-25); last daily bar 2025-04-03, before the catalog cutoff 2026-05-01 — consistent with delisting","_bmad-output/implementation-artifacts/venue-backfill-evidence/results.csv row 'PUTW' (outcome=not_found, 20.010s, 2 attempt(s)); catalog_instruments.date_range_end_daily=2025-04-03"
PWC,"IBKR contract database returned no matching contract (sweep 2026-07-25); last daily bar 2024-07-01, before the catalog cutoff 2026-05-01 — consistent with delisting","_bmad-output/implementation-artifacts/venue-backfill-evidence/results.csv row 'PWC' (outcome=not_found, 20.004s, 2 attempt(s)); catalog_instruments.date_range_end_daily=2024-07-01"
PXQ,"IBKR contract database returned no matching contract (sweep 2026-07-25); last daily bar 2024-07-01, before the catalog cutoff 2026-05-01 — consistent with delisting","_bmad-output/implementation-artifacts/venue-backfill-evidence/results.csv row 'PXQ' (outcome=not_found, 20.002s, 2 attempt(s)); catalog_instruments.date_range_end_daily=2024-07-01"
PXUS,"IBKR contract database returned no matching contract (sweep 2026-07-25); last daily bar 2023-10-13, before the catalog cutoff 2026-05-01 — consistent with delisting","_bmad-output/implementation-artifacts/venue-backfill-evidence/results.csv row 'PXUS' (outcome=not_found, 20.004s, 2 attempt(s)); catalog_instruments.date_range_end_daily=2023-10-13"
PYPE,"IBKR contract database returned no matching contract (sweep 2026-07-25); last daily bar 2023-06-15, before the catalog cutoff 2026-05-01 — consistent with delisting","_bmad-output/implementation-artifacts/venue-backfill-evidence/results.csv row 'PYPE' (outcome=not_found, 20.002s, 2 attempt(s)); catalog_instruments.date_range_end_daily=2023-06-15"
QCON,"IBKR contract database returned no matching contract (sweep 2026-07-25); last daily bar 2025-09-08, before the catalog cutoff 2026-05-01 — consistent with delisting","_bmad-output/implementation-artifacts/venue-backfill-evidence/results.csv row 'QCON' (outcome=not_found, 20.005s, 2 attempt(s)); catalog_instruments.date_range_end_daily=2025-09-08"
QDCC,"IBKR contract database returned no matching contract (sweep 2026-07-25); last daily bar 2025-08-22, before the catalog cutoff 2026-05-01 — consistent with delisting","_bmad-output/implementation-artifacts/venue-backfill-evidence/results.csv row 'QDCC' (outcome=not_found, 20.002s, 2 attempt(s)); catalog_instruments.date_range_end_daily=2025-08-22"
QDYN,"IBKR contract database returned no matching contract (sweep 2026-07-25); last daily bar 2023-06-30, before the catalog cutoff 2026-05-01 — consistent with delisting","_bmad-output/implementation-artifacts/venue-backfill-evidence/results.csv row 'QDYN' (outcome=not_found, 20.003s, 2 attempt(s)); catalog_instruments.date_range_end_daily=2023-06-30"
QHDG,"IBKR contract database returned no matching contract (sweep 2026-07-25); traded to the catalog cutoff 2026-05-01, so delisted between then and the sweep","_bmad-output/implementation-artifacts/venue-backfill-evidence/results.csv row 'QHDG' (outcome=not_found, 20.003s, 2 attempt(s)); catalog_instruments.date_range_end_daily=2026-05-01"
QPFF,"IBKR contract database returned no matching contract (sweep 2026-07-25); last daily bar 2025-09-08, before the catalog cutoff 2026-05-01 — consistent with delisting","_bmad-output/implementation-artifacts/venue-backfill-evidence/results.csv row 'QPFF' (outcome=not_found, 20.009s, 2 attempt(s)); catalog_instruments.date_range_end_daily=2025-09-08"
QQC,"IBKR contract database returned no matching contract (sweep 2026-07-25); last daily bar 2023-04-28, before the catalog cutoff 2026-05-01 — consistent with delisting","_bmad-output/implementation-artifacts/venue-backfill-evidence/results.csv row 'QQC' (outcome=not_found, 20.013s, 2 attempt(s)); catalog_instruments.date_range_end_daily=2023-04-28"
QQD,"IBKR contract database returned no matching contract (sweep 2026-07-25); last daily bar 2023-04-28, before the catalog cutoff 2026-05-01 — consistent with delisting","_bmad-output/implementation-artifacts/venue-backfill-evidence/results.csv row 'QQD' (outcome=not_found, 20.005s, 2 attempt(s)); catalog_instruments.date_range_end_daily=2023-04-28"
QQJG,"IBKR contract database returned no matching contract (sweep 2026-07-25); last daily bar 2026-02-23, before the catalog cutoff 2026-05-01 — consistent with delisting","_bmad-output/implementation-artifacts/venue-backfill-evidence/results.csv row 'QQJG' (outcome=not_found, 20.007s, 2 attempt(s)); catalog_instruments.date_range_end_daily=2026-02-23"
QQQN,"IBKR contract database returned no matching contract (sweep 2026-07-25); last daily bar 2024-10-23, before the catalog cutoff 2026-05-01 — consistent with delisting","_bmad-output/implementation-artifacts/venue-backfill-evidence/results.csv row 'QQQN' (outcome=not_found, 20.001s, 2 attempt(s)); catalog_instruments.date_range_end_daily=2024-10-23"
QRFT,"IBKR contract database returned no matching contract (sweep 2026-07-25); traded to the catalog cutoff 2026-05-01, so delisted between then and the sweep","_bmad-output/implementation-artifacts/venue-backfill-evidence/results.csv row 'QRFT' (outcome=not_found, 20.005s, 2 attempt(s)); catalog_instruments.date_range_end_daily=2026-05-01"
QSWN,"IBKR contract database returned no matching contract (sweep 2026-07-25); last daily bar 2025-03-05, before the catalog cutoff 2026-05-01 — consistent with delisting","_bmad-output/implementation-artifacts/venue-backfill-evidence/results.csv row 'QSWN' (outcome=not_found, 20.008s, 2 attempt(s)); catalog_instruments.date_range_end_daily=2025-03-05"
QUVU,"IBKR contract database returned no matching contract (sweep 2026-07-25); last daily bar 2026-04-29, before the catalog cutoff 2026-05-01 — consistent with delisting","_bmad-output/implementation-artifacts/venue-backfill-evidence/results.csv row 'QUVU' (outcome=not_found, 20.008s, 2 attempt(s)); catalog_instruments.date_range_end_daily=2026-04-29"
QYLE,"IBKR contract database returned no matching contract (sweep 2026-07-25); last daily bar 2025-02-14, before the catalog cutoff 2026-05-01 — consistent with delisting","_bmad-output/implementation-artifacts/venue-backfill-evidence/results.csv row 'QYLE' (outcome=not_found, 20.008s, 2 attempt(s)); catalog_instruments.date_range_end_daily=2025-02-14"
RATE,"IBKR contract database returned no matching contract (sweep 2026-07-25); last daily bar 2025-08-22, before the catalog cutoff 2026-05-01 — consistent with delisting","_bmad-output/implementation-artifacts/venue-backfill-evidence/results.csv row 'RATE' (outcome=not_found, 20.005s, 2 attempt(s)); catalog_instruments.date_range_end_daily=2025-08-22"
RAYC,"IBKR contract database returned no matching contract (sweep 2026-07-25); last daily bar 2025-11-28, before the catalog cutoff 2026-05-01 — consistent with delisting","_bmad-output/implementation-artifacts/venue-backfill-evidence/results.csv row 'RAYC' (outcome=not_found, 20.006s, 2 attempt(s)); catalog_instruments.date_range_end_daily=2025-11-28"
RAYD,"IBKR contract database returned no matching contract (sweep 2026-07-25); last daily bar 2025-12-19, before the catalog cutoff 2026-05-01 — consistent with delisting","_bmad-output/implementation-artifacts/venue-backfill-evidence/results.csv row 'RAYD' (outcome=not_found, 20.005s, 2 attempt(s)); catalog_instruments.date_range_end_daily=2025-12-19"
RAYE,"IBKR contract database returned no matching contract (sweep 2026-07-25); last daily bar 2025-12-19, before the catalog cutoff 2026-05-01 — consistent with delisting","_bmad-output/implementation-artifacts/venue-backfill-evidence/results.csv row 'RAYE' (outcome=not_found, 20.005s, 2 attempt(s)); catalog_instruments.date_range_end_daily=2025-12-19"
RAYS,"IBKR contract database returned no matching contract (sweep 2026-07-25); last daily bar 2025-08-22, before the catalog cutoff 2026-05-01 — consistent with delisting","_bmad-output/implementation-artifacts/venue-backfill-evidence/results.csv row 'RAYS' (outcome=not_found, 20.006s, 2 attempt(s)); catalog_instruments.date_range_end_daily=2025-08-22"
RBND,"IBKR contract database returned no matching contract (sweep 2026-07-25); last daily bar 2023-04-11, before the catalog cutoff 2026-05-01 — consistent with delisting","_bmad-output/implementation-artifacts/venue-backfill-evidence/results.csv row 'RBND' (outcome=not_found, 20.009s, 2 attempt(s)); catalog_instruments.date_range_end_daily=2023-04-11"
REKT,"IBKR contract database returned no matching contract (sweep 2026-07-25); last daily bar 2026-04-10, before the catalog cutoff 2026-05-01 — consistent with delisting","_bmad-output/implementation-artifacts/venue-backfill-evidence/results.csv row 'REKT' (outcome=not_found, 20.006s, 2 attempt(s)); catalog_instruments.date_range_end_daily=2026-04-10"
RENW,"IBKR contract database returned no matching contract (sweep 2026-07-25); last daily bar 2024-12-13, before the catalog cutoff 2026-05-01 — consistent with delisting","_bmad-output/implementation-artifacts/venue-backfill-evidence/results.csv row 'RENW' (outcome=not_found, 20.006s, 2 attempt(s)); catalog_instruments.date_range_end_daily=2024-12-13"
RESD,"IBKR contract database returned no matching contract (sweep 2026-07-25); last daily bar 2024-01-26, before the catalog cutoff 2026-05-01 — consistent with delisting","_bmad-output/implementation-artifacts/venue-backfill-evidence/results.csv row 'RESD' (outcome=not_found, 20.008s, 2 attempt(s)); catalog_instruments.date_range_end_daily=2024-01-26"
RESE,"IBKR contract database returned no matching contract (sweep 2026-07-25); last daily bar 2024-01-26, before the catalog cutoff 2026-05-01 — consistent with delisting","_bmad-output/implementation-artifacts/venue-backfill-evidence/results.csv row 'RESE' (outcome=not_found, 20.005s, 2 attempt(s)); catalog_instruments.date_range_end_daily=2024-01-26"
RESP,"IBKR contract database returned no matching contract (sweep 2026-07-25); last daily bar 2024-01-26, before the catalog cutoff 2026-05-01 — consistent with delisting","_bmad-output/implementation-artifacts/venue-backfill-evidence/results.csv row 'RESP' (outcome=not_found, 20.008s, 2 attempt(s)); catalog_instruments.date_range_end_daily=2024-01-26"
RFEU,"IBKR contract database returned no matching contract (sweep 2026-07-25); last daily bar 2026-01-09, before the catalog cutoff 2026-05-01 — consistent with delisting","_bmad-output/implementation-artifacts/venue-backfill-evidence/results.csv row 'RFEU' (outcome=not_found, 20.006s, 2 attempt(s)); catalog_instruments.date_range_end_daily=2026-01-09"
RGI,"IBKR contract database returned no matching contract (sweep 2026-07-25); last daily bar 2024-07-01, before the catalog cutoff 2026-05-01 — consistent with delisting","_bmad-output/implementation-artifacts/venue-backfill-evidence/results.csv row 'RGI' (outcome=not_found, 20.007s, 2 attempt(s)); catalog_instruments.date_range_end_daily=2024-07-01"
RHS,"IBKR contract database returned no matching contract (sweep 2026-07-25); last daily bar 2024-07-01, before the catalog cutoff 2026-05-01 — consistent with delisting","_bmad-output/implementation-artifacts/venue-backfill-evidence/results.csv row 'RHS' (outcome=not_found, 20.009s, 2 attempt(s)); catalog_instruments.date_range_end_daily=2024-07-01"
RINC,"IBKR contract database returned no matching contract (sweep 2026-07-25); last daily bar 2025-09-18, before the catalog cutoff 2026-05-01 — consistent with delisting","_bmad-output/implementation-artifacts/venue-backfill-evidence/results.csv row 'RINC' (outcome=not_found, 20.010s, 2 attempt(s)); catalog_instruments.date_range_end_daily=2025-09-18"
RJMG,"IBKR contract database returned no matching contract (sweep 2026-07-25); last daily bar 2026-01-09, before the catalog cutoff 2026-05-01 — consistent with delisting","_bmad-output/implementation-artifacts/venue-backfill-evidence/results.csv row 'RJMG' (outcome=not_found, 20.005s, 2 attempt(s)); catalog_instruments.date_range_end_daily=2026-01-09"
RNDM,"IBKR contract database returned no matching contract (sweep 2026-07-25); last daily bar 2023-06-20, before the catalog cutoff 2026-05-01 — consistent with delisting","_bmad-output/implementation-artifacts/venue-backfill-evidence/results.csv row 'RNDM' (outcome=not_found, 20.007s, 2 attempt(s)); catalog_instruments.date_range_end_daily=2023-06-20"
RNDV,"IBKR contract database returned no matching contract (sweep 2026-07-25); last daily bar 2024-07-01, before the catalog cutoff 2026-05-01 — consistent with delisting","_bmad-output/implementation-artifacts/venue-backfill-evidence/results.csv row 'RNDV' (outcome=not_found, 20.009s, 2 attempt(s)); catalog_instruments.date_range_end_daily=2024-07-01"
RNEW,"IBKR contract database returned no matching contract (sweep 2026-07-25); last daily bar 2025-06-23, before the catalog cutoff 2026-05-01 — consistent with delisting","_bmad-output/implementation-artifacts/venue-backfill-evidence/results.csv row 'RNEW' (outcome=not_found, 20.006s, 2 attempt(s)); catalog_instruments.date_range_end_daily=2025-06-23"
RNLC,"IBKR contract database returned no matching contract (sweep 2026-07-25); last daily bar 2024-07-01, before the catalog cutoff 2026-05-01 — consistent with delisting","_bmad-output/implementation-artifacts/venue-backfill-evidence/results.csv row 'RNLC' (outcome=not_found, 20.006s, 2 attempt(s)); catalog_instruments.date_range_end_daily=2024-07-01"
RNMC,"IBKR contract database returned no matching contract (sweep 2026-07-25); last daily bar 2024-07-01, before the catalog cutoff 2026-05-01 — consistent with delisting","_bmad-output/implementation-artifacts/venue-backfill-evidence/results.csv row 'RNMC' (outcome=not_found, 20.007s, 2 attempt(s)); catalog_instruments.date_range_end_daily=2024-07-01"
RNSC,"IBKR contract database returned no matching contract (sweep 2026-07-25); last daily bar 2024-12-03, before the catalog cutoff 2026-05-01 — consistent with delisting","_bmad-output/implementation-artifacts/venue-backfill-evidence/results.csv row 'RNSC' (outcome=not_found, 20.005s, 2 attempt(s)); catalog_instruments.date_range_end_daily=2024-12-03"
RNWZ,"IBKR contract database returned no matching contract (sweep 2026-07-25); traded to the catalog cutoff 2026-05-01, so delisted between then and the sweep","_bmad-output/implementation-artifacts/venue-backfill-evidence/results.csv row 'RNWZ' (outcome=not_found, 20.008s, 2 attempt(s)); catalog_instruments.date_range_end_daily=2026-05-01"
RODE,"IBKR contract database returned no matching contract (sweep 2026-07-25); last daily bar 2025-06-23, before the catalog cutoff 2026-05-01 — consistent with delisting","_bmad-output/implementation-artifacts/venue-backfill-evidence/results.csv row 'RODE' (outcome=not_found, 20.004s, 2 attempt(s)); catalog_instruments.date_range_end_daily=2025-06-23"
ROOF,"IBKR contract database returned no matching contract (sweep 2026-07-25); last daily bar 2024-11-20, before the catalog cutoff 2026-05-01 — consistent with delisting","_bmad-output/implementation-artifacts/venue-backfill-evidence/results.csv row 'ROOF' (outcome=not_found, 20.007s, 2 attempt(s)); catalog_instruments.date_range_end_daily=2024-11-20"
RORO,"IBKR contract database returned no matching contract (sweep 2026-07-25); last daily bar 2025-10-20, before the catalog cutoff 2026-05-01 — consistent with delisting","_bmad-output/implementation-artifacts/venue-backfill-evidence/results.csv row 'RORO' (outcome=not_found, 20.009s, 2 attempt(s)); catalog_instruments.date_range_end_daily=2025-10-20"
RPHS,"IBKR contract database returned no matching contract (sweep 2026-07-25); traded to the catalog cutoff 2026-05-01, so delisted between then and the sweep","_bmad-output/implementation-artifacts/venue-backfill-evidence/results.csv row 'RPHS' (outcome=not_found, 20.006s, 2 attempt(s)); catalog_instruments.date_range_end_daily=2026-05-01"
RRH,"IBKR contract database returned no matching contract (sweep 2026-07-25); last daily bar 2023-10-24, before the catalog cutoff 2026-05-01 — consistent with delisting","_bmad-output/implementation-artifacts/venue-backfill-evidence/results.csv row 'RRH' (outcome=not_found, 20.003s, 2 attempt(s)); catalog_instruments.date_range_end_daily=2023-10-24"
RSHO,"IBKR contract database returned no matching contract (sweep 2026-07-25); traded to the catalog cutoff 2026-05-01, so delisted between then and the sweep","_bmad-output/implementation-artifacts/venue-backfill-evidence/results.csv row 'RSHO' (outcome=not_found, 20.006s, 2 attempt(s)); catalog_instruments.date_range_end_daily=2026-05-01"
RSPY,"IBKR contract database returned no matching contract (sweep 2026-07-25); last daily bar 2023-07-27, before the catalog cutoff 2026-05-01 — consistent with delisting","_bmad-output/implementation-artifacts/venue-backfill-evidence/results.csv row 'RSPY' (outcome=not_found, 20.007s, 2 attempt(s)); catalog_instruments.date_range_end_daily=2023-07-27"
RTL,"IBKR contract database returned no matching contract (sweep 2026-07-25); last daily bar 2023-09-11, before the catalog cutoff 2026-05-01 — consistent with delisting","_bmad-output/implementation-artifacts/venue-backfill-evidence/results.csv row 'RTL' (outcome=not_found, 20.010s, 2 attempt(s)); catalog_instruments.date_range_end_daily=2023-09-11"
RTM,"IBKR contract database returned no matching contract (sweep 2026-07-25); last daily bar 2024-07-01, before the catalog cutoff 2026-05-01 — consistent with delisting","_bmad-output/implementation-artifacts/venue-backfill-evidence/results.csv row 'RTM' (outcome=not_found, 20.004s, 2 attempt(s)); catalog_instruments.date_range_end_daily=2024-07-01"
RUFF,"IBKR contract database returned no matching contract (sweep 2026-07-25); last daily bar 2024-08-30, before the catalog cutoff 2026-05-01 — consistent with delisting","_bmad-output/implementation-artifacts/venue-backfill-evidence/results.csv row 'RUFF' (outcome=not_found, 20.008s, 2 attempt(s)); catalog_instruments.date_range_end_daily=2024-08-30"
RVRB,"IBKR contract database returned no matching contract (sweep 2026-07-25); last daily bar 2026-03-26, before the catalog cutoff 2026-05-01 — consistent with delisting","_bmad-output/implementation-artifacts/venue-backfill-evidence/results.csv row 'RVRB' (outcome=not_found, 20.010s, 2 attempt(s)); catalog_instruments.date_range_end_daily=2026-03-26"
RYE,"IBKR contract database returned no matching contract (sweep 2026-07-25); last daily bar 2024-07-01, before the catalog cutoff 2026-05-01 — consistent with delisting","_bmad-output/implementation-artifacts/venue-backfill-evidence/results.csv row 'RYE' (outcome=not_found, 20.008s, 2 attempt(s)); catalog_instruments.date_range_end_daily=2024-07-01"
RYF,"IBKR contract database returned no matching contract (sweep 2026-07-25); last daily bar 2024-07-01, before the catalog cutoff 2026-05-01 — consistent with delisting","_bmad-output/implementation-artifacts/venue-backfill-evidence/results.csv row 'RYF' (outcome=not_found, 20.005s, 2 attempt(s)); catalog_instruments.date_range_end_daily=2024-07-01"
RYH,"IBKR contract database returned no matching contract (sweep 2026-07-25); last daily bar 2024-07-01, before the catalog cutoff 2026-05-01 — consistent with delisting","_bmad-output/implementation-artifacts/venue-backfill-evidence/results.csv row 'RYH' (outcome=not_found, 20.007s, 2 attempt(s)); catalog_instruments.date_range_end_daily=2024-07-01"
RYJ,"IBKR contract database returned no matching contract (sweep 2026-07-25); last daily bar 2024-07-01, before the catalog cutoff 2026-05-01 — consistent with delisting","_bmad-output/implementation-artifacts/venue-backfill-evidence/results.csv row 'RYJ' (outcome=not_found, 20.009s, 2 attempt(s)); catalog_instruments.date_range_end_daily=2024-07-01"
RYT,"IBKR contract database returned no matching contract (sweep 2026-07-25); last daily bar 2024-07-01, before the catalog cutoff 2026-05-01 — consistent with delisting","_bmad-output/implementation-artifacts/venue-backfill-evidence/results.csv row 'RYT' (outcome=not_found, 20.009s, 2 attempt(s)); catalog_instruments.date_range_end_daily=2024-07-01"
RYU,"IBKR contract database returned no matching contract (sweep 2026-07-25); last daily bar 2024-07-01, before the catalog cutoff 2026-05-01 — consistent with delisting","_bmad-output/implementation-artifacts/venue-backfill-evidence/results.csv row 'RYU' (outcome=not_found, 20.002s, 2 attempt(s)); catalog_instruments.date_range_end_daily=2024-07-01"
SAEF,"IBKR contract database returned no matching contract (sweep 2026-07-25); traded to the catalog cutoff 2026-05-01, so delisted between then and the sweep","_bmad-output/implementation-artifacts/venue-backfill-evidence/results.csv row 'SAEF' (outcome=not_found, 20.007s, 2 attempt(s)); catalog_instruments.date_range_end_daily=2026-05-01"
SAVN,"IBKR contract database returned no matching contract (sweep 2026-07-25); last daily bar 2023-06-12, before the catalog cutoff 2026-05-01 — consistent with delisting","_bmad-output/implementation-artifacts/venue-backfill-evidence/results.csv row 'SAVN' (outcome=not_found, 20.007s, 2 attempt(s)); catalog_instruments.date_range_end_daily=2023-06-12"
SCLS,"IBKR contract database returned no matching contract (sweep 2026-07-25); traded to the catalog cutoff 2026-05-01, so delisted between then and the sweep","_bmad-output/implementation-artifacts/venue-backfill-evidence/results.csv row 'SCLS' (outcome=not_found, 20.005s, 2 attempt(s)); catalog_instruments.date_range_end_daily=2026-05-01"
SDEF,"IBKR contract database returned no matching contract (sweep 2026-07-25); last daily bar 2024-07-01, before the catalog cutoff 2026-05-01 — consistent with delisting","_bmad-output/implementation-artifacts/venue-backfill-evidence/results.csv row 'SDEF' (outcome=not_found, 20.005s, 2 attempt(s)); catalog_instruments.date_range_end_daily=2024-07-01"
SDEI,"IBKR contract database returned no matching contract (sweep 2026-07-25); last daily bar 2024-07-01, before the catalog cutoff 2026-05-01 — consistent with delisting","_bmad-output/implementation-artifacts/venue-backfill-evidence/results.csv row 'SDEI' (outcome=not_found, 20.002s, 2 attempt(s)); catalog_instruments.date_range_end_daily=2024-07-01"
SDGA,"IBKR contract database returned no matching contract (sweep 2026-07-25); last daily bar 2023-02-24, before the catalog cutoff 2026-05-01 — consistent with delisting","_bmad-output/implementation-artifacts/venue-backfill-evidence/results.csv row 'SDGA' (outcome=not_found, 20.004s, 2 attempt(s)); catalog_instruments.date_range_end_daily=2023-02-24"
SENT,"IBKR contract database returned no matching contract (sweep 2026-07-25); last daily bar 2023-10-24, before the catalog cutoff 2026-05-01 — consistent with delisting","_bmad-output/implementation-artifacts/venue-backfill-evidence/results.csv row 'SENT' (outcome=not_found, 20.004s, 2 attempt(s)); catalog_instruments.date_range_end_daily=2023-10-24"
SFIG,"IBKR contract database returned no matching contract (sweep 2026-07-25); last daily bar 2024-07-05, before the catalog cutoff 2026-05-01 — consistent with delisting","_bmad-output/implementation-artifacts/venue-backfill-evidence/results.csv row 'SFIG' (outcome=not_found, 20.003s, 2 attempt(s)); catalog_instruments.date_range_end_daily=2024-07-05"
SFYX,"IBKR contract database returned no matching contract (sweep 2026-07-25); last daily bar 2026-02-18, before the catalog cutoff 2026-05-01 — consistent with delisting","_bmad-output/implementation-artifacts/venue-backfill-evidence/results.csv row 'SFYX' (outcome=not_found, 20.003s, 2 attempt(s)); catalog_instruments.date_range_end_daily=2026-02-18"
SGG,"IBKR contract database returned no matching contract (sweep 2026-07-25); last daily bar 2023-06-08, before the catalog cutoff 2026-05-01 — consistent with delisting","_bmad-output/implementation-artifacts/venue-backfill-evidence/results.csv row 'SGG' (outcome=not_found, 20.006s, 2 attempt(s)); catalog_instruments.date_range_end_daily=2023-06-08"
SILX,"IBKR contract database returned no matching contract (sweep 2026-07-25); last daily bar 2023-07-13, before the catalog cutoff 2026-05-01 — consistent with delisting","_bmad-output/implementation-artifacts/venue-backfill-evidence/results.csv row 'SILX' (outcome=not_found, 20.004s, 2 attempt(s)); catalog_instruments.date_range_end_daily=2023-07-13"
SIXG,"IBKR contract database returned no matching contract (sweep 2026-07-25); last daily bar 2026-04-29, before the catalog cutoff 2026-05-01 — consistent with delisting","_bmad-output/implementation-artifacts/venue-backfill-evidence/results.csv row 'SIXG' (outcome=not_found, 20.006s, 2 attempt(s)); catalog_instruments.date_range_end_daily=2026-04-29"
SLY,"IBKR contract database returned no matching contract (sweep 2026-07-25); last daily bar 2023-06-09, before the catalog cutoff 2026-05-01 — consistent with delisting","_bmad-output/implementation-artifacts/venue-backfill-evidence/results.csv row 'SLY' (outcome=not_found, 20.005s, 2 attempt(s)); catalog_instruments.date_range_end_daily=2023-06-09"
SMAP,"IBKR contract database returned no matching contract (sweep 2026-07-25); traded to the catalog cutoff 2026-05-01, so delisted between then and the sweep","_bmad-output/implementation-artifacts/venue-backfill-evidence/results.csv row 'SMAP' (outcome=not_found, 20.005s, 2 attempt(s)); catalog_instruments.date_range_end_daily=2026-05-01"
SMDY,"IBKR contract database returned no matching contract (sweep 2026-07-25); last daily bar 2024-09-27, before the catalog cutoff 2026-05-01 — consistent with delisting","_bmad-output/implementation-artifacts/venue-backfill-evidence/results.csv row 'SMDY' (outcome=not_found, 20.007s, 2 attempt(s)); catalog_instruments.date_range_end_daily=2024-09-27"
SMI,"IBKR contract database returned no matching contract (sweep 2026-07-25); last daily bar 2025-06-18, before the catalog cutoff 2026-05-01 — consistent with delisting","_bmad-output/implementation-artifacts/venue-backfill-evidence/results.csv row 'SMI' (outcome=not_found, 20.005s, 2 attempt(s)); catalog_instruments.date_range_end_daily=2025-06-18"
SMLE,"IBKR contract database returned no matching contract (sweep 2026-07-25); last daily bar 2024-05-24, before the catalog cutoff 2026-05-01 — consistent with delisting","_bmad-output/implementation-artifacts/venue-backfill-evidence/results.csv row 'SMLE' (outcome=not_found, 20.006s, 2 attempt(s)); catalog_instruments.date_range_end_daily=2024-05-24"
SMQ,"IBKR contract database returned no matching contract (sweep 2026-07-25); last daily bar 2026-04-29, before the catalog cutoff 2026-05-01 — consistent with delisting","_bmad-output/implementation-artifacts/venue-backfill-evidence/results.csv row 'SMQ' (outcome=not_found, 20.005s, 2 attempt(s)); catalog_instruments.date_range_end_daily=2026-04-29"
SNLN,"IBKR contract database returned no matching contract (sweep 2026-07-25); last daily bar 2023-09-15, before the catalog cutoff 2026-05-01 — consistent with delisting","_bmad-output/implementation-artifacts/venue-backfill-evidence/results.csv row 'SNLN' (outcome=not_found, 20.006s, 2 attempt(s)); catalog_instruments.date_range_end_daily=2023-09-15"
SNPV,"IBKR contract database returned no matching contract (sweep 2026-07-25); last daily bar 2025-12-18, before the catalog cutoff 2026-05-01 — consistent with delisting","_bmad-output/implementation-artifacts/venue-backfill-evidence/results.csv row 'SNPV' (outcome=not_found, 20.005s, 2 attempt(s)); catalog_instruments.date_range_end_daily=2025-12-18"
SNPX,"IBKR contract database returned no matching contract (sweep 2026-07-25); last daily bar 2026-04-20, before the catalog cutoff 2026-05-01 — consistent with delisting","_bmad-output/implementation-artifacts/venue-backfill-evidence/results.csv row 'SNPX' (outcome=not_found, 20.005s, 2 attempt(s)); catalog_instruments.date_range_end_daily=2026-04-20"
SOGU,"IBKR contract database returned no matching contract (sweep 2026-07-25); last daily bar 2023-06-16, before the catalog cutoff 2026-05-01 — consistent with delisting","_bmad-output/implementation-artifacts/venue-backfill-evidence/results.csv row 'SOGU' (outcome=not_found, 20.005s, 2 attempt(s)); catalog_instruments.date_range_end_daily=2023-06-16"
SOLR,"IBKR contract database returned no matching contract (sweep 2026-07-25); last daily bar 2026-04-30, before the catalog cutoff 2026-05-01 — consistent with delisting","_bmad-output/implementation-artifacts/venue-backfill-evidence/results.csv row 'SOLR' (outcome=not_found, 20.006s, 2 attempt(s)); catalog_instruments.date_range_end_daily=2026-04-30"
SPCY,"IBKR contract database returned no matching contract (sweep 2026-07-25); last daily bar 2025-12-22, before the catalog cutoff 2026-05-01 — consistent with delisting","_bmad-output/implementation-artifacts/venue-backfill-evidence/results.csv row 'SPCY' (outcome=not_found, 20.004s, 2 attempt(s)); catalog_instruments.date_range_end_daily=2025-12-22"
SPCZ,"IBKR contract database returned no matching contract (sweep 2026-07-25); traded to the catalog cutoff 2026-05-01, so delisted between then and the sweep","_bmad-output/implementation-artifacts/venue-backfill-evidence/results.csv row 'SPCZ' (outcome=not_found, 20.004s, 2 attempt(s)); catalog_instruments.date_range_end_daily=2026-05-01"
SPMV,"IBKR contract database returned no matching contract (sweep 2026-07-25); last daily bar 2026-02-23, before the catalog cutoff 2026-05-01 — consistent with delisting","_bmad-output/implementation-artifacts/venue-backfill-evidence/results.csv row 'SPMV' (outcome=not_found, 20.006s, 2 attempt(s)); catalog_instruments.date_range_end_daily=2026-02-23"
SPQ,"IBKR contract database returned no matching contract (sweep 2026-07-25); last daily bar 2025-05-23, before the catalog cutoff 2026-05-01 — consistent with delisting","_bmad-output/implementation-artifacts/venue-backfill-evidence/results.csv row 'SPQ' (outcome=not_found, 20.006s, 2 attempt(s)); catalog_instruments.date_range_end_daily=2025-05-23"
SPVU,"IBKR contract database returned no matching contract (sweep 2026-07-25); last daily bar 2026-02-20, before the catalog cutoff 2026-05-01 — consistent with delisting","_bmad-output/implementation-artifacts/venue-backfill-evidence/results.csv row 'SPVU' (outcome=not_found, 20.004s, 2 attempt(s)); catalog_instruments.date_range_end_daily=2026-02-20"
SPXB,"IBKR contract database returned no matching contract (sweep 2026-07-25); last daily bar 2024-04-22, before the catalog cutoff 2026-05-01 — consistent with delisting","_bmad-output/implementation-artifacts/venue-backfill-evidence/results.csv row 'SPXB' (outcome=not_found, 20.006s, 2 attempt(s)); catalog_instruments.date_range_end_daily=2024-04-22"
SPYB,"IBKR contract database returned no matching contract (sweep 2026-07-25); last daily bar 2025-02-21, before the catalog cutoff 2026-05-01 — consistent with delisting","_bmad-output/implementation-artifacts/venue-backfill-evidence/results.csv row 'SPYB' (outcome=not_found, 20.005s, 2 attempt(s)); catalog_instruments.date_range_end_daily=2025-02-21"
SQEW,"IBKR contract database returned no matching contract (sweep 2026-07-25); last daily bar 2025-10-24, before the catalog cutoff 2026-05-01 — consistent with delisting","_bmad-output/implementation-artifacts/venue-backfill-evidence/results.csv row 'SQEW' (outcome=not_found, 20.004s, 2 attempt(s)); catalog_instruments.date_range_end_daily=2025-10-24"
SQY,"IBKR contract database returned no matching contract (sweep 2026-07-25); last daily bar 2025-03-31, before the catalog cutoff 2026-05-01 — consistent with delisting","_bmad-output/implementation-artifacts/venue-backfill-evidence/results.csv row 'SQY' (outcome=not_found, 20.006s, 2 attempt(s)); catalog_instruments.date_range_end_daily=2025-03-31"
SSLY,"IBKR contract database returned no matching contract (sweep 2026-07-25); last daily bar 2024-09-27, before the catalog cutoff 2026-05-01 — consistent with delisting","_bmad-output/implementation-artifacts/venue-backfill-evidence/results.csv row 'SSLY' (outcome=not_found, 20.006s, 2 attempt(s)); catalog_instruments.date_range_end_daily=2024-09-27"
SSPX,"IBKR contract database returned no matching contract (sweep 2026-07-25); last daily bar 2025-10-09, before the catalog cutoff 2026-05-01 — consistent with delisting","_bmad-output/implementation-artifacts/venue-backfill-evidence/results.csv row 'SSPX' (outcome=not_found, 20.005s, 2 attempt(s)); catalog_instruments.date_range_end_daily=2025-10-09"
STLG,"IBKR contract database returned no matching contract (sweep 2026-07-25); last daily bar 2024-07-01, before the catalog cutoff 2026-05-01 — consistent with delisting","_bmad-output/implementation-artifacts/venue-backfill-evidence/results.csv row 'STLG' (outcome=not_found, 20.005s, 2 attempt(s)); catalog_instruments.date_range_end_daily=2024-07-01"
STLV,"IBKR contract database returned no matching contract (sweep 2026-07-25); last daily bar 2023-10-30, before the catalog cutoff 2026-05-01 — consistent with delisting","_bmad-output/implementation-artifacts/venue-backfill-evidence/results.csv row 'STLV' (outcome=not_found, 20.005s, 2 attempt(s)); catalog_instruments.date_range_end_daily=2023-10-30"
STRV,"IBKR contract database returned no matching contract (sweep 2026-07-25); traded to the catalog cutoff 2026-05-01, so delisted between then and the sweep","_bmad-output/implementation-artifacts/venue-backfill-evidence/results.csv row 'STRV' (outcome=not_found, 20.005s, 2 attempt(s)); catalog_instruments.date_range_end_daily=2026-05-01"
STXI,"IBKR contract database returned no matching contract (sweep 2026-07-25); last daily bar 2026-03-26, before the catalog cutoff 2026-05-01 — consistent with delisting","_bmad-output/implementation-artifacts/venue-backfill-evidence/results.csv row 'STXI' (outcome=not_found, 20.006s, 2 attempt(s)); catalog_instruments.date_range_end_daily=2026-03-26"
STXM,"IBKR contract database returned no matching contract (sweep 2026-07-25); last daily bar 2026-03-26, before the catalog cutoff 2026-05-01 — consistent with delisting","_bmad-output/implementation-artifacts/venue-backfill-evidence/results.csv row 'STXM' (outcome=not_found, 20.003s, 2 attempt(s)); catalog_instruments.date_range_end_daily=2026-03-26"
SUBS,"IBKR contract database returned no matching contract (sweep 2026-07-25); last daily bar 2023-05-24, before the catalog cutoff 2026-05-01 — consistent with delisting","_bmad-output/implementation-artifacts/venue-backfill-evidence/results.csv row 'SUBS' (outcome=not_found, 20.005s, 2 attempt(s)); catalog_instruments.date_range_end_daily=2023-05-24"
SWIN,"IBKR contract database returned no matching contract (sweep 2026-07-25); last daily bar 2025-10-09, before the catalog cutoff 2026-05-01 — consistent with delisting","_bmad-output/implementation-artifacts/venue-backfill-evidence/results.csv row 'SWIN' (outcome=not_found, 20.004s, 2 attempt(s)); catalog_instruments.date_range_end_daily=2025-10-09"
SXUS,"IBKR contract database returned no matching contract (sweep 2026-07-25); last daily bar 2024-10-09, before the catalog cutoff 2026-05-01 — consistent with delisting","_bmad-output/implementation-artifacts/venue-backfill-evidence/results.csv row 'SXUS' (outcome=not_found, 20.003s, 2 attempt(s)); catalog_instruments.date_range_end_daily=2024-10-09"
SYNB,"IBKR contract database returned no matching contract (sweep 2026-07-25); last daily bar 2025-11-13, before the catalog cutoff 2026-05-01 — consistent with delisting","_bmad-output/implementation-artifacts/venue-backfill-evidence/results.csv row 'SYNB' (outcome=not_found, 20.005s, 2 attempt(s)); catalog_instruments.date_range_end_daily=2025-11-13"
SYUS,"IBKR contract database returned no matching contract (sweep 2026-07-25); last daily bar 2024-09-27, before the catalog cutoff 2026-05-01 — consistent with delisting","_bmad-output/implementation-artifacts/venue-backfill-evidence/results.csv row 'SYUS' (outcome=not_found, 20.004s, 2 attempt(s)); catalog_instruments.date_range_end_daily=2024-09-27"
SZNE,"IBKR contract database returned no matching contract (sweep 2026-07-25); traded to the catalog cutoff 2026-05-01, so delisted between then and the sweep","_bmad-output/implementation-artifacts/venue-backfill-evidence/results.csv row 'SZNE' (outcome=not_found, 20.003s, 2 attempt(s)); catalog_instruments.date_range_end_daily=2026-05-01"
TDSA,"IBKR contract database returned no matching contract (sweep 2026-07-25); last daily bar 2023-11-14, before the catalog cutoff 2026-05-01 — consistent with delisting","_bmad-output/implementation-artifacts/venue-backfill-evidence/results.csv row 'TDSA' (outcome=not_found, 20.003s, 2 attempt(s)); catalog_instruments.date_range_end_daily=2023-11-14"
TDSD,"IBKR contract database returned no matching contract (sweep 2026-07-25); last daily bar 2024-01-05, before the catalog cutoff 2026-05-01 — consistent with delisting","_bmad-output/implementation-artifacts/venue-backfill-evidence/results.csv row 'TDSD' (outcome=not_found, 20.004s, 2 attempt(s)); catalog_instruments.date_range_end_daily=2024-01-05"
TDSE,"IBKR contract database returned no matching contract (sweep 2026-07-25); last daily bar 2024-01-05, before the catalog cutoff 2026-05-01 — consistent with delisting","_bmad-output/implementation-artifacts/venue-backfill-evidence/results.csv row 'TDSE' (outcome=not_found, 20.004s, 2 attempt(s)); catalog_instruments.date_range_end_daily=2024-01-05"
TEMP,"IBKR contract database returned no matching contract (sweep 2026-07-25); last daily bar 2025-10-03, before the catalog cutoff 2026-05-01 — consistent with delisting","_bmad-output/implementation-artifacts/venue-backfill-evidence/results.csv row 'TEMP' (outcome=not_found, 20.001s, 2 attempt(s)); catalog_instruments.date_range_end_daily=2025-10-03"
TGIF,"IBKR contract database returned no matching contract (sweep 2026-07-25); last daily bar 2024-02-20, before the catalog cutoff 2026-05-01 — consistent with delisting","_bmad-output/implementation-artifacts/venue-backfill-evidence/results.csv row 'TGIF' (outcome=not_found, 20.002s, 2 attempt(s)); catalog_instruments.date_range_end_daily=2024-02-20"
TGR,"IBKR contract database returned no matching contract (sweep 2026-07-25); last daily bar 2023-05-08, before the catalog cutoff 2026-05-01 — consistent with delisting","_bmad-output/implementation-artifacts/venue-backfill-evidence/results.csv row 'TGR' (outcome=not_found, 20.001s, 2 attempt(s)); catalog_instruments.date_range_end_daily=2023-05-08"
THCX,"IBKR contract database returned no matching contract (sweep 2026-07-25); last daily bar 2024-02-21, before the catalog cutoff 2026-05-01 — consistent with delisting","_bmad-output/implementation-artifacts/venue-backfill-evidence/results.csv row 'THCX' (outcome=not_found, 20.003s, 2 attempt(s)); catalog_instruments.date_range_end_daily=2024-02-21"
TMET,"IBKR contract database returned no matching contract (sweep 2026-07-25); traded to the catalog cutoff 2026-05-01, so delisted between then and the sweep","_bmad-output/implementation-artifacts/venue-backfill-evidence/results.csv row 'TMET' (outcome=not_found, 20.002s, 2 attempt(s)); catalog_instruments.date_range_end_daily=2026-05-01"
TOKE,"IBKR contract database returned no matching contract (sweep 2026-07-25); last daily bar 2026-04-17, before the catalog cutoff 2026-05-01 — consistent with delisting","_bmad-output/implementation-artifacts/venue-backfill-evidence/results.csv row 'TOKE' (outcome=not_found, 20.008s, 2 attempt(s)); catalog_instruments.date_range_end_daily=2026-04-17"
TPHE,"IBKR contract database returned no matching contract (sweep 2026-07-25); last daily bar 2025-10-03, before the catalog cutoff 2026-05-01 — consistent with delisting","_bmad-output/implementation-artifacts/venue-backfill-evidence/results.csv row 'TPHE' (outcome=not_found, 20.003s, 2 attempt(s)); catalog_instruments.date_range_end_daily=2025-10-03"
TPLE,"IBKR contract database returned no matching contract (sweep 2026-07-25); last daily bar 2025-10-03, before the catalog cutoff 2026-05-01 — consistent with delisting","_bmad-output/implementation-artifacts/venue-backfill-evidence/results.csv row 'TPLE' (outcome=not_found, 20.002s, 2 attempt(s)); catalog_instruments.date_range_end_daily=2025-10-03"
TPMN,"IBKR contract database returned no matching contract (sweep 2026-07-25); last daily bar 2025-07-22, before the catalog cutoff 2026-05-01 — consistent with delisting","_bmad-output/implementation-artifacts/venue-backfill-evidence/results.csv row 'TPMN' (outcome=not_found, 20.001s, 2 attempt(s)); catalog_instruments.date_range_end_daily=2025-07-22"
TRPL,"IBKR contract database returned no matching contract (sweep 2026-07-25); last daily bar 2024-01-31, before the catalog cutoff 2026-05-01 — consistent with delisting","_bmad-output/implementation-artifacts/venue-backfill-evidence/results.csv row 'TRPL' (outcome=not_found, 20.002s, 2 attempt(s)); catalog_instruments.date_range_end_daily=2024-01-31"
TSJA,"IBKR contract database returned no matching contract (sweep 2026-07-25); last daily bar 2024-01-02, before the catalog cutoff 2026-05-01 — consistent with delisting","_bmad-output/implementation-artifacts/venue-backfill-evidence/results.csv row 'TSJA' (outcome=not_found, 20.003s, 2 attempt(s)); catalog_instruments.date_range_end_daily=2024-01-02"
TSLH,"IBKR contract database returned no matching contract (sweep 2026-07-25); last daily bar 2024-09-30, before the catalog cutoff 2026-05-01 — consistent with delisting","_bmad-output/implementation-artifacts/venue-backfill-evidence/results.csv row 'TSLH' (outcome=not_found, 20.003s, 2 attempt(s)); catalog_instruments.date_range_end_daily=2024-09-30"
TSOC,"IBKR contract database returned no matching contract (sweep 2026-07-25); last daily bar 2023-10-02, before the catalog cutoff 2026-05-01 — consistent with delisting","_bmad-output/implementation-artifacts/venue-backfill-evidence/results.csv row 'TSOC' (outcome=not_found, 20.004s, 2 attempt(s)); catalog_instruments.date_range_end_daily=2023-10-02"
TTAC,"IBKR contract database returned no matching contract (sweep 2026-07-25); last daily bar 2024-12-12, before the catalog cutoff 2026-05-01 — consistent with delisting","_bmad-output/implementation-artifacts/venue-backfill-evidence/results.csv row 'TTAC' (outcome=not_found, 20.004s, 2 attempt(s)); catalog_instruments.date_range_end_daily=2024-12-12"
TTAI,"IBKR contract database returned no matching contract (sweep 2026-07-25); last daily bar 2024-12-12, before the catalog cutoff 2026-05-01 — consistent with delisting","_bmad-output/implementation-artifacts/venue-backfill-evidence/results.csv row 'TTAI' (outcome=not_found, 20.003s, 2 attempt(s)); catalog_instruments.date_range_end_daily=2024-12-12"
TWIO,"IBKR contract database returned no matching contract (sweep 2026-07-25); last daily bar 2025-01-17, before the catalog cutoff 2026-05-01 — consistent with delisting","_bmad-output/implementation-artifacts/venue-backfill-evidence/results.csv row 'TWIO' (outcome=not_found, 20.004s, 2 attempt(s)); catalog_instruments.date_range_end_daily=2025-01-17"
TXSS,"IBKR contract database returned no matching contract (sweep 2026-07-25); last daily bar 2025-12-08, before the catalog cutoff 2026-05-01 — consistent with delisting","_bmad-output/implementation-artifacts/venue-backfill-evidence/results.csv row 'TXSS' (outcome=not_found, 20.002s, 2 attempt(s)); catalog_instruments.date_range_end_daily=2025-12-08"
ULTR,"IBKR contract database returned no matching contract (sweep 2026-07-25); last daily bar 2024-04-22, before the catalog cutoff 2026-05-01 — consistent with delisting","_bmad-output/implementation-artifacts/venue-backfill-evidence/results.csv row 'ULTR' (outcome=not_found, 20.001s, 2 attempt(s)); catalog_instruments.date_range_end_daily=2024-04-22"
URAX,"IBKR contract database returned no matching contract (sweep 2026-07-25); last daily bar 2025-04-16, before the catalog cutoff 2026-05-01 — consistent with delisting","_bmad-output/implementation-artifacts/venue-backfill-evidence/results.csv row 'URAX' (outcome=not_found, 20.003s, 2 attempt(s)); catalog_instruments.date_range_end_daily=2025-04-16"
USCF,"IBKR contract database returned no matching contract (sweep 2026-07-25); last daily bar 2025-02-13, before the catalog cutoff 2026-05-01 — consistent with delisting","_bmad-output/implementation-artifacts/venue-backfill-evidence/results.csv row 'USCF' (outcome=not_found, 20.004s, 2 attempt(s)); catalog_instruments.date_range_end_daily=2025-02-13"
USEQ,"IBKR contract database returned no matching contract (sweep 2026-07-25); last daily bar 2023-03-30, before the catalog cutoff 2026-05-01 — consistent with delisting","_bmad-output/implementation-artifacts/venue-backfill-evidence/results.csv row 'USEQ' (outcome=not_found, 20.003s, 2 attempt(s)); catalog_instruments.date_range_end_daily=2023-03-30"
USI,"IBKR contract database returned no matching contract (sweep 2026-07-25); last daily bar 2023-02-17, before the catalog cutoff 2026-05-01 — consistent with delisting","_bmad-output/implementation-artifacts/venue-backfill-evidence/results.csv row 'USI' (outcome=not_found, 20.003s, 2 attempt(s)); catalog_instruments.date_range_end_daily=2023-02-17"
USLB,"IBKR contract database returned no matching contract (sweep 2026-07-25); last daily bar 2023-03-30, before the catalog cutoff 2026-05-01 — consistent with delisting","_bmad-output/implementation-artifacts/venue-backfill-evidence/results.csv row 'USLB' (outcome=not_found, 20.001s, 2 attempt(s)); catalog_instruments.date_range_end_daily=2023-03-30"
USVT,"IBKR contract database returned no matching contract (sweep 2026-07-25); last daily bar 2024-05-14, before the catalog cutoff 2026-05-01 — consistent with delisting","_bmad-output/implementation-artifacts/venue-backfill-evidence/results.csv row 'USVT' (outcome=not_found, 20.004s, 2 attempt(s)); catalog_instruments.date_range_end_daily=2024-05-14"
UTRN,"IBKR contract database returned no matching contract (sweep 2026-07-25); last daily bar 2025-03-25, before the catalog cutoff 2026-05-01 — consistent with delisting","_bmad-output/implementation-artifacts/venue-backfill-evidence/results.csv row 'UTRN' (outcome=not_found, 20.003s, 2 attempt(s)); catalog_instruments.date_range_end_daily=2025-03-25"
UVDV,"IBKR contract database returned no matching contract (sweep 2026-07-25); last daily bar 2023-06-20, before the catalog cutoff 2026-05-01 — consistent with delisting","_bmad-output/implementation-artifacts/venue-backfill-evidence/results.csv row 'UVDV' (outcome=not_found, 20.004s, 2 attempt(s)); catalog_instruments.date_range_end_daily=2023-06-20"
VALT,"IBKR contract database returned no matching contract (sweep 2026-07-25); last daily bar 2023-08-25, before the catalog cutoff 2026-05-01 — consistent with delisting","_bmad-output/implementation-artifacts/venue-backfill-evidence/results.csv row 'VALT' (outcome=not_found, 20.004s, 2 attempt(s)); catalog_instruments.date_range_end_daily=2023-08-25"
VCAR,"IBKR contract database returned no matching contract (sweep 2026-07-25); last daily bar 2024-12-31, before the catalog cutoff 2026-05-01 — consistent with delisting","_bmad-output/implementation-artifacts/venue-backfill-evidence/results.csv row 'VCAR' (outcome=not_found, 20.003s, 2 attempt(s)); catalog_instruments.date_range_end_daily=2024-12-31"
VCLO,"IBKR contract database returned no matching contract (sweep 2026-07-25); last daily bar 2023-04-28, before the catalog cutoff 2026-05-01 — consistent with delisting","_bmad-output/implementation-artifacts/venue-backfill-evidence/results.csv row 'VCLO' (outcome=not_found, 20.003s, 2 attempt(s)); catalog_instruments.date_range_end_daily=2023-04-28"
VIRS,"IBKR contract database returned no matching contract (sweep 2026-07-25); last daily bar 2024-10-10, before the catalog cutoff 2026-05-01 — consistent with delisting","_bmad-output/implementation-artifacts/venue-backfill-evidence/results.csv row 'VIRS' (outcome=not_found, 20.004s, 2 attempt(s)); catalog_instruments.date_range_end_daily=2024-10-10"
VMOT,"IBKR contract database returned no matching contract (sweep 2026-07-25); last daily bar 2025-01-30, before the catalog cutoff 2026-05-01 — consistent with delisting","_bmad-output/implementation-artifacts/venue-backfill-evidence/results.csv row 'VMOT' (outcome=not_found, 20.003s, 2 attempt(s)); catalog_instruments.date_range_end_daily=2025-01-30"
VNMC,"IBKR contract database returned no matching contract (sweep 2026-07-25); last daily bar 2024-07-25, before the catalog cutoff 2026-05-01 — consistent with delisting","_bmad-output/implementation-artifacts/venue-backfill-evidence/results.csv row 'VNMC' (outcome=not_found, 20.004s, 2 attempt(s)); catalog_instruments.date_range_end_daily=2024-07-25"
VPN,"IBKR contract database returned no matching contract (sweep 2026-07-25); last daily bar 2024-07-01, before the catalog cutoff 2026-05-01 — consistent with delisting","_bmad-output/implementation-artifacts/venue-backfill-evidence/results.csv row 'VPN' (outcome=not_found, 20.002s, 2 attempt(s)); catalog_instruments.date_range_end_daily=2024-07-01"
VWI,"IBKR contract database returned no matching contract (sweep 2026-07-25); last daily bar 2024-11-21, before the catalog cutoff 2026-05-01 — consistent with delisting","_bmad-output/implementation-artifacts/venue-backfill-evidence/results.csv row 'VWI' (outcome=not_found, 20.006s, 2 attempt(s)); catalog_instruments.date_range_end_daily=2024-11-21"
VWID,"IBKR contract database returned no matching contract (sweep 2026-07-25); last daily bar 2026-04-08, before the catalog cutoff 2026-05-01 — consistent with delisting","_bmad-output/implementation-artifacts/venue-backfill-evidence/results.csv row 'VWID' (outcome=not_found, 20.004s, 2 attempt(s)); catalog_instruments.date_range_end_daily=2026-04-08"
WBAT,"IBKR contract database returned no matching contract (sweep 2026-07-25); last daily bar 2025-06-20, before the catalog cutoff 2026-05-01 — consistent with delisting","_bmad-output/implementation-artifacts/venue-backfill-evidence/results.csv row 'WBAT' (outcome=not_found, 20.003s, 2 attempt(s)); catalog_instruments.date_range_end_daily=2025-06-20"
WBND,"IBKR contract database returned no matching contract (sweep 2026-07-25); last daily bar 2025-08-22, before the catalog cutoff 2026-05-01 — consistent with delisting","_bmad-output/implementation-artifacts/venue-backfill-evidence/results.csv row 'WBND' (outcome=not_found, 20.004s, 2 attempt(s)); catalog_instruments.date_range_end_daily=2025-08-22"
WEIX,"IBKR contract database returned no matching contract (sweep 2026-07-25); last daily bar 2024-12-27, before the catalog cutoff 2026-05-01 — consistent with delisting","_bmad-output/implementation-artifacts/venue-backfill-evidence/results.csv row 'WEIX' (outcome=not_found, 20.005s, 2 attempt(s)); catalog_instruments.date_range_end_daily=2024-12-27"
WFH,"IBKR contract database returned no matching contract (sweep 2026-07-25); last daily bar 2025-10-23, before the catalog cutoff 2026-05-01 — consistent with delisting","_bmad-output/implementation-artifacts/venue-backfill-evidence/results.csv row 'WFH' (outcome=not_found, 20.002s, 2 attempt(s)); catalog_instruments.date_range_end_daily=2025-10-23"
WFHY,"IBKR contract database returned no matching contract (sweep 2026-07-25); last daily bar 2024-07-05, before the catalog cutoff 2026-05-01 — consistent with delisting","_bmad-output/implementation-artifacts/venue-backfill-evidence/results.csv row 'WFHY' (outcome=not_found, 20.003s, 2 attempt(s)); catalog_instruments.date_range_end_daily=2024-07-05"
WFIG,"IBKR contract database returned no matching contract (sweep 2026-07-25); last daily bar 2024-07-05, before the catalog cutoff 2026-05-01 — consistent with delisting","_bmad-output/implementation-artifacts/venue-backfill-evidence/results.csv row 'WFIG' (outcome=not_found, 20.006s, 2 attempt(s)); catalog_instruments.date_range_end_daily=2024-07-05"
WGRO,"IBKR contract database returned no matching contract (sweep 2026-07-25); last daily bar 2023-10-20, before the catalog cutoff 2026-05-01 — consistent with delisting","_bmad-output/implementation-artifacts/venue-backfill-evidence/results.csv row 'WGRO' (outcome=not_found, 20.006s, 2 attempt(s)); catalog_instruments.date_range_end_daily=2023-10-20"
WINC,"IBKR contract database returned no matching contract (sweep 2026-07-25); last daily bar 2025-08-22, before the catalog cutoff 2026-05-01 — consistent with delisting","_bmad-output/implementation-artifacts/venue-backfill-evidence/results.csv row 'WINC' (outcome=not_found, 20.005s, 2 attempt(s)); catalog_instruments.date_range_end_daily=2025-08-22"
WIZ,"IBKR contract database returned no matching contract (sweep 2026-07-25); last daily bar 2023-11-10, before the catalog cutoff 2026-05-01 — consistent with delisting","_bmad-output/implementation-artifacts/venue-backfill-evidence/results.csv row 'WIZ' (outcome=not_found, 20.008s, 2 attempt(s)); catalog_instruments.date_range_end_daily=2023-11-10"
WKLY,"IBKR contract database returned no matching contract (sweep 2026-07-25); last daily bar 2024-02-20, before the catalog cutoff 2026-05-01 — consistent with delisting","_bmad-output/implementation-artifacts/venue-backfill-evidence/results.csv row 'WKLY' (outcome=not_found, 20.005s, 2 attempt(s)); catalog_instruments.date_range_end_daily=2024-02-20"
WNDY,"IBKR contract database returned no matching contract (sweep 2026-07-25); last daily bar 2025-08-22, before the catalog cutoff 2026-05-01 — consistent with delisting","_bmad-output/implementation-artifacts/venue-backfill-evidence/results.csv row 'WNDY' (outcome=not_found, 20.004s, 2 attempt(s)); catalog_instruments.date_range_end_daily=2025-08-22"
WPAY,"IBKR contract database returned no matching contract (sweep 2026-07-25); last daily bar 2026-03-20, before the catalog cutoff 2026-05-01 — consistent with delisting","_bmad-output/implementation-artifacts/venue-backfill-evidence/results.csv row 'WPAY' (outcome=not_found, 20.004s, 2 attempt(s)); catalog_instruments.date_range_end_daily=2026-03-20"
WPS,"IBKR contract database returned no matching contract (sweep 2026-07-25); last daily bar 2024-08-12, before the catalog cutoff 2026-05-01 — consistent with delisting","_bmad-output/implementation-artifacts/venue-backfill-evidence/results.csv row 'WPS' (outcome=not_found, 20.003s, 2 attempt(s)); catalog_instruments.date_range_end_daily=2024-08-12"
WUCT,"IBKR contract database returned no matching contract (sweep 2026-07-25); last daily bar 2024-12-11, before the catalog cutoff 2026-05-01 — consistent with delisting","_bmad-output/implementation-artifacts/venue-backfill-evidence/results.csv row 'WUCT' (outcome=not_found, 20.006s, 2 attempt(s)); catalog_instruments.date_range_end_daily=2024-12-11"
XDAP,"IBKR contract database returned no matching contract (sweep 2026-07-25); last daily bar 2025-04-01, before the catalog cutoff 2026-05-01 — consistent with delisting","_bmad-output/implementation-artifacts/venue-backfill-evidence/results.csv row 'XDAP' (outcome=not_found, 20.006s, 2 attempt(s)); catalog_instruments.date_range_end_daily=2025-04-01"
XDJA,"IBKR contract database returned no matching contract (sweep 2026-07-25); last daily bar 2025-01-02, before the catalog cutoff 2026-05-01 — consistent with delisting","_bmad-output/implementation-artifacts/venue-backfill-evidence/results.csv row 'XDJA' (outcome=not_found, 20.006s, 2 attempt(s)); catalog_instruments.date_range_end_daily=2025-01-02"
XDJL,"IBKR contract database returned no matching contract (sweep 2026-07-25); last daily bar 2025-07-01, before the catalog cutoff 2026-05-01 — consistent with delisting","_bmad-output/implementation-artifacts/venue-backfill-evidence/results.csv row 'XDJL' (outcome=not_found, 20.006s, 2 attempt(s)); catalog_instruments.date_range_end_daily=2025-07-01"
XDOC,"IBKR contract database returned no matching contract (sweep 2026-07-25); last daily bar 2025-10-01, before the catalog cutoff 2026-05-01 — consistent with delisting","_bmad-output/implementation-artifacts/venue-backfill-evidence/results.csv row 'XDOC' (outcome=not_found, 20.004s, 2 attempt(s)); catalog_instruments.date_range_end_daily=2025-10-01"
XFIX,"IBKR contract database returned no matching contract (sweep 2026-07-25); last daily bar 2025-12-31, before the catalog cutoff 2026-05-01 — consistent with delisting","_bmad-output/implementation-artifacts/venue-backfill-evidence/results.csv row 'XFIX' (outcome=not_found, 20.004s, 2 attempt(s)); catalog_instruments.date_range_end_daily=2025-12-31"
XHYC,"IBKR contract database returned no matching contract (sweep 2026-07-25); traded to the catalog cutoff 2026-05-01, so delisted between then and the sweep","_bmad-output/implementation-artifacts/venue-backfill-evidence/results.csv row 'XHYC' (outcome=not_found, 20.002s, 2 attempt(s)); catalog_instruments.date_range_end_daily=2026-05-01"
XHYD,"IBKR contract database returned no matching contract (sweep 2026-07-25); traded to the catalog cutoff 2026-05-01, so delisted between then and the sweep","_bmad-output/implementation-artifacts/venue-backfill-evidence/results.csv row 'XHYD' (outcome=not_found, 20.004s, 2 attempt(s)); catalog_instruments.date_range_end_daily=2026-05-01"
XHYE,"IBKR contract database returned no matching contract (sweep 2026-07-25); traded to the catalog cutoff 2026-05-01, so delisted between then and the sweep","_bmad-output/implementation-artifacts/venue-backfill-evidence/results.csv row 'XHYE' (outcome=not_found, 20.005s, 2 attempt(s)); catalog_instruments.date_range_end_daily=2026-05-01"
XHYF,"IBKR contract database returned no matching contract (sweep 2026-07-25); traded to the catalog cutoff 2026-05-01, so delisted between then and the sweep","_bmad-output/implementation-artifacts/venue-backfill-evidence/results.csv row 'XHYF' (outcome=not_found, 20.003s, 2 attempt(s)); catalog_instruments.date_range_end_daily=2026-05-01"
XHYH,"IBKR contract database returned no matching contract (sweep 2026-07-25); traded to the catalog cutoff 2026-05-01, so delisted between then and the sweep","_bmad-output/implementation-artifacts/venue-backfill-evidence/results.csv row 'XHYH' (outcome=not_found, 20.003s, 2 attempt(s)); catalog_instruments.date_range_end_daily=2026-05-01"
XHYI,"IBKR contract database returned no matching contract (sweep 2026-07-25); traded to the catalog cutoff 2026-05-01, so delisted between then and the sweep","_bmad-output/implementation-artifacts/venue-backfill-evidence/results.csv row 'XHYI' (outcome=not_found, 20.003s, 2 attempt(s)); catalog_instruments.date_range_end_daily=2026-05-01"
XHYT,"IBKR contract database returned no matching contract (sweep 2026-07-25); traded to the catalog cutoff 2026-05-01, so delisted between then and the sweep","_bmad-output/implementation-artifacts/venue-backfill-evidence/results.csv row 'XHYT' (outcome=not_found, 20.003s, 2 attempt(s)); catalog_instruments.date_range_end_daily=2026-05-01"
XOMZ,"IBKR contract database returned no matching contract (sweep 2026-07-25); last daily bar 2026-04-10, before the catalog cutoff 2026-05-01 — consistent with delisting","_bmad-output/implementation-artifacts/venue-backfill-evidence/results.csv row 'XOMZ' (outcome=not_found, 20.006s, 2 attempt(s)); catalog_instruments.date_range_end_daily=2026-04-10"
XOUT,"IBKR contract database returned no matching contract (sweep 2026-07-25); last daily bar 2024-07-01, before the catalog cutoff 2026-05-01 — consistent with delisting","_bmad-output/implementation-artifacts/venue-backfill-evidence/results.csv row 'XOUT' (outcome=not_found, 20.005s, 2 attempt(s)); catalog_instruments.date_range_end_daily=2024-07-01"
XRLV,"IBKR contract database returned no matching contract (sweep 2026-07-25); last daily bar 2026-02-23, before the catalog cutoff 2026-05-01 — consistent with delisting","_bmad-output/implementation-artifacts/venue-backfill-evidence/results.csv row 'XRLV' (outcome=not_found, 20.004s, 2 attempt(s)); catalog_instruments.date_range_end_daily=2026-02-23"
XVOL,"IBKR contract database returned no matching contract (sweep 2026-07-25); last daily bar 2026-04-15, before the catalog cutoff 2026-05-01 — consistent with delisting","_bmad-output/implementation-artifacts/venue-backfill-evidence/results.csv row 'XVOL' (outcome=not_found, 20.005s, 2 attempt(s)); catalog_instruments.date_range_end_daily=2026-04-15"
XWEB,"IBKR contract database returned no matching contract (sweep 2026-07-25); last daily bar 2024-01-02, before the catalog cutoff 2026-05-01 — consistent with delisting","_bmad-output/implementation-artifacts/venue-backfill-evidence/results.csv row 'XWEB' (outcome=not_found, 20.004s, 2 attempt(s)); catalog_instruments.date_range_end_daily=2024-01-02"
XXCH,"IBKR contract database returned no matching contract (sweep 2026-07-25); last daily bar 2025-10-23, before the catalog cutoff 2026-05-01 — consistent with delisting","_bmad-output/implementation-artifacts/venue-backfill-evidence/results.csv row 'XXCH' (outcome=not_found, 20.005s, 2 attempt(s)); catalog_instruments.date_range_end_daily=2025-10-23"
XYLE,"IBKR contract database returned no matching contract (sweep 2026-07-25); last daily bar 2025-02-14, before the catalog cutoff 2026-05-01 — consistent with delisting","_bmad-output/implementation-artifacts/venue-backfill-evidence/results.csv row 'XYLE' (outcome=not_found, 20.004s, 2 attempt(s)); catalog_instruments.date_range_end_daily=2025-02-14"
YPS,"IBKR contract database returned no matching contract (sweep 2026-07-25); last daily bar 2024-02-26, before the catalog cutoff 2026-05-01 — consistent with delisting","_bmad-output/implementation-artifacts/venue-backfill-evidence/results.csv row 'YPS' (outcome=not_found, 20.003s, 2 attempt(s)); catalog_instruments.date_range_end_daily=2024-02-26"
ZIPP,"IBKR contract database returned no matching contract (sweep 2026-07-25); last daily bar 2025-12-22, before the catalog cutoff 2026-05-01 — consistent with delisting","_bmad-output/implementation-artifacts/venue-backfill-evidence/results.csv row 'ZIPP' (outcome=not_found, 20.004s, 2 attempt(s)); catalog_instruments.date_range_end_daily=2025-12-22"
ZIVB,"IBKR contract database returned no matching contract (sweep 2026-07-25); last daily bar 2024-11-21, before the catalog cutoff 2026-05-01 — consistent with delisting","_bmad-output/implementation-artifacts/venue-backfill-evidence/results.csv row 'ZIVB' (outcome=not_found, 20.005s, 2 attempt(s)); catalog_instruments.date_range_end_daily=2024-11-21"
ZZZ,"IBKR contract database returned no matching contract (sweep 2026-07-25); last daily bar 2025-08-29, before the catalog cutoff 2026-05-01 — consistent with delisting","_bmad-output/implementation-artifacts/venue-backfill-evidence/results.csv row 'ZZZ' (outcome=not_found, 20.005s, 2 attempt(s)); catalog_instruments.date_range_end_daily=2025-08-29"
