ticker,outcome,venue,primary_exchange,con_id,candidates,detail,attempts,elapsed_s,unexpected_venue
AAA,resolved,ARCA,ARCA,591368776,,1 contract(s),1,0.042,no
AAAU,resolved,BATS,BATS,458886642,,1 contract(s),1,0.272,no
AADR,resolved,NASDAQ,NASDAQ,77459165,,1 contract(s),1,0.176,no
AAPB,resolved,NASDAQ,NASDAQ,578561458,,1 contract(s),1,0.124,no
AAPD,resolved,NASDAQ,NASDAQ,578561422,,1 contract(s),1,0.149,no
AAPU,resolved,NASDAQ,NASDAQ,578561419,,1 contract(s),1,0.144,no
AAPW,resolved,BATS,BATS,762285103,,1 contract(s),1,0.141,no
AAPX,resolved,BATS,BATS,677037688,,1 contract(s),1,0.250,no
AAPY,resolved,BATS,BATS,742759295,,1 contract(s),1,0.180,no
AAVM,resolved,NASDAQ,NASDAQ,274839972,,1 contract(s),1,0.168,no
AAXJ,resolved,NASDAQ,NASDAQ,53224215,,1 contract(s),1,0.190,no
ABCS,resolved,NASDAQ,NASDAQ,672387402,,1 contract(s),1,0.112,no
ABEQ,resolved,ARCA,ARCA,400759002,,1 contract(s),1,0.153,no
ABFL,resolved,BATS,BATS,249323298,,1 contract(s),1,0.112,no
ABHY,not_found,,,,,no response after 2 attempt(s) — likely IBKR error 200,2,20.008,no
ABLD,resolved,BATS,BATS,532646868,,1 contract(s),1,0.142,no
ABLG,resolved,BATS,BATS,280803798,,1 contract(s),1,0.207,no
ABNY,not_found,,,,,no response after 2 attempt(s) — likely IBKR error 200,2,20.006,no
ABOT,resolved,BATS,BATS,459332002,,1 contract(s),1,0.114,no
ABXB,resolved,BATS,BATS,459332007,,1 contract(s),1,0.157,no
ACES,resolved,ARCA,ARCA,324405891,,1 contract(s),1,0.102,no
ACGR,resolved,ARCA,ARCA,500112901,,1 contract(s),1,0.122,no
ACIO,resolved,BATS,BATS,374309307,,1 contract(s),1,0.103,no
ACLC,resolved,ARCA,ARCA,434313480,,1 contract(s),1,0.147,no
ACSG,resolved,BATS,BATS,822736132,,1 contract(s),1,0.148,no
ACSI,resolved,BATS,BATS,493013391,,1 contract(s),1,0.220,no
ACT,resolved,NASDAQ,NASDAQ,490639140,,1 contract(s),1,0.176,no
ACTX,resolved,PINK,PINK,449336841,,1 contract(s),1,0.100,no
ACVF,resolved,ARCA,ARCA,452380575,,1 contract(s),1,0.108,no
ACVT,resolved,ARCA,ARCA,780410044,,1 contract(s),1,0.108,no
ACWF,not_found,,,,,no response after 2 attempt(s) — likely IBKR error 200,2,20.006,no
ACWI,resolved,NASDAQ,NASDAQ,49954154,,1 contract(s),1,0.155,no
ACWV,resolved,BATS,BATS,96090060,,1 contract(s),1,0.143,no
ACWX,resolved,NASDAQ,NASDAQ,49954149,,1 contract(s),1,0.107,no
ADBG,resolved,NASDAQ,NASDAQ,770385177,,1 contract(s),1,0.201,no
ADFI,not_found,,,,,no response after 2 attempt(s) — likely IBKR error 200,2,20.006,no
ADIV,resolved,ARCA,ARCA,479429905,,1 contract(s),1,0.113,no
ADME,resolved,BATS,BATS,236317234,,1 contract(s),1,0.230,no
ADPV,resolved,ARCA,ARCA,595361684,,1 contract(s),1,0.158,no
ADRE,not_found,,,,,no response after 2 attempt(s) — likely IBKR error 200,2,20.006,no
ADVE,resolved,ARCA,ARCA,655624691,,1 contract(s),1,0.148,no
AEMB,not_found,,,,,no response after 2 attempt(s) — likely IBKR error 200,2,20.005,no
AESR,resolved,BATS,BATS,897367525,,1 contract(s),1,0.184,no
AETH,resolved,ARCA,ARCA,657517454,,1 contract(s),1,0.224,no
AFIF,resolved,BATS,BATS,897059140,,1 contract(s),1,0.115,no
AFK,resolved,ARCA,ARCA,229724413,,1 contract(s),1,0.117,no
AFLG,resolved,ARCA,ARCA,393990626,,1 contract(s),1,0.145,no
AFMC,resolved,ARCA,ARCA,393990631,,1 contract(s),1,0.103,no
AFSC,resolved,NASDAQ,NASDAQ,761715310,,1 contract(s),1,0.173,no
AFSM,resolved,ARCA,ARCA,393990632,,1 contract(s),1,0.150,no
AFTY,not_found,,,,,no response after 2 attempt(s) — likely IBKR error 200,2,20.006,no
AGEM,resolved,NASDAQ,NASDAQ,761715307,,1 contract(s),1,0.108,no
AGG,resolved,ARCA,ARCA,25985141,,1 contract(s),1,0.099,no
AGGA,resolved,NASDAQ,NASDAQ,781264656,,1 contract(s),1,0.101,no
AGGH,resolved,ARCA,ARCA,544622632,,1 contract(s),1,0.110,no
AGGS,resolved,ARCA,ARCA,700512610,,1 contract(s),1,0.107,no
AGGY,resolved,ARCA,ARCA,199490214,,1 contract(s),1,0.169,no
AGIH,not_found,,,,,no response after 2 attempt(s) — likely IBKR error 200,2,20.005,no
AGIX,resolved,NASDAQ,NASDAQ,716375736,,1 contract(s),1,0.294,no
AGMI,resolved,NASDAQ,NASDAQ,701271196,,1 contract(s),1,0.367,no
AGNG,resolved,NASDAQ,NASDAQ,233010373,,1 contract(s),1,0.718,no
AGOV,not_found,,,,,no response after 2 attempt(s) — likely IBKR error 200,2,20.011,no
AGOX,resolved,ARCA,ARCA,490162084,,1 contract(s),1,0.184,no
AGQ,resolved,ARCA,ARCA,141973400,,1 contract(s),1,0.254,no
AGQI,resolved,ARCA,ARCA,667433998,,1 contract(s),1,0.103,no
AGRH,resolved,ARCA,ARCA,569833343,,1 contract(s),1,0.132,no
AGRW,resolved,ARCA,ARCA,771558826,,1 contract(s),1,0.115,no
AGZ,resolved,ARCA,ARCA,55734123,,1 contract(s),1,0.121,no
AGZD,resolved,NASDAQ,NASDAQ,140149917,,1 contract(s),1,0.153,no
AHHX,not_found,,,,,no response after 2 attempt(s) — likely IBKR error 200,2,20.007,no
AHLT,resolved,ARCA,ARCA,651419050,,1 contract(s),1,0.260,no
AHOY,not_found,,,,,no response after 2 attempt(s) — likely IBKR error 200,2,20.009,no
AHYB,resolved,ARCA,ARCA,526906295,,1 contract(s),1,0.115,no
AIA,resolved,NASDAQ,NASDAQ,47172453,,1 contract(s),1,0.108,no
AIBD,resolved,ARCA,ARCA,892340406,,1 contract(s),1,0.153,no
AIBU,resolved,ARCA,ARCA,703246377,,1 contract(s),1,0.128,no
AIEQ,resolved,ARCA,ARCA,680623539,,1 contract(s),1,0.150,no
AIFD,resolved,NASDAQ,NASDAQ,701271200,,1 contract(s),1,0.235,no
AIPI,resolved,NASDAQ,NASDAQ,707638934,,1 contract(s),1,0.125,no
AIQ,resolved,NASDAQ,NASDAQ,317792273,,1 contract(s),1,0.148,no
AIRL,not_found,,,,,no response after 2 attempt(s) — likely IBKR error 200,2,20.007,no
AIRR,resolved,NASDAQ,NASDAQ,145995043,,1 contract(s),1,0.148,no
AIS,resolved,ARCA,ARCA,745721503,,1 contract(s),1,0.106,no
AIVC,resolved,ARCA,ARCA,680623553,,1 contract(s),1,0.139,no
AIVI,resolved,ARCA,ARCA,39982953,,1 contract(s),1,0.086,no
AIVL,resolved,ARCA,ARCA,39579986,,1 contract(s),1,0.112,no
AIYY,resolved,ARCA,ARCA,832259489,,1 contract(s),1,0.128,no
ALAI,resolved,ARCA,ARCA,694990735,,1 contract(s),1,0.148,no
ALIL,resolved,NASDAQ,NASDAQ,775480568,,1 contract(s),1,0.104,no
ALLW,resolved,NASDAQ,NASDAQ,766489657,,1 contract(s),1,0.151,no
ALRG,resolved,ARCA,ARCA,797020932,,1 contract(s),1,0.107,no
ALTL,resolved,ARCA,ARCA,429664983,,1 contract(s),1,0.095,no
ALTY,resolved,NASDAQ,NASDAQ,199845147,,1 contract(s),1,0.220,no
ALUM,not_found,,,,,no response after 2 attempt(s) — likely IBKR error 200,2,20.009,no
AMAX,resolved,ARCA,ARCA,526207456,,1 contract(s),1,0.112,no
AMDD,resolved,NASDAQ,NASDAQ,901009451,,1 contract(s),1,0.151,no
AMDG,resolved,NASDAQ,NASDAQ,756915683,,1 contract(s),1,0.196,no
AMDL,resolved,NASDAQ,NASDAQ,691439815,,1 contract(s),1,0.395,no
AMDS,not_found,,,,,no response after 2 attempt(s) — likely IBKR error 200,2,20.008,no
AMDW,resolved,BATS,BATS,801555747,,1 contract(s),1,0.116,no
AMDY,resolved,ARCA,ARCA,835599780,,1 contract(s),1,0.143,no
AMID,resolved,NASDAQ,NASDAQ,579683988,,1 contract(s),1,0.109,no
AMJ,not_found,,,,,no response after 2 attempt(s) — likely IBKR error 200,2,20.006,no
AMJB,resolved,ARCA,ARCA,680623527,,1 contract(s),1,0.115,no
AMLP,resolved,ARCA,ARCA,419585780,,1 contract(s),1,0.107,no
AMNA,not_found,,,,,no response after 2 attempt(s) — likely IBKR error 200,2,20.006,no
AMND,not_found,,,,,no response after 2 attempt(s) — likely IBKR error 200,2,20.006,no
AMOM,resolved,ARCA,ARCA,367310485,,1 contract(s),1,0.113,no
AMPD,not_found,,,,,no response after 2 attempt(s) — likely IBKR error 200,2,20.006,no
AMPS,not_found,,,,,no response after 2 attempt(s) — likely IBKR error 200,2,20.008,no
AMTR,not_found,,,,,no response after 2 attempt(s) — likely IBKR error 200,2,20.011,no
AMUB,resolved,ARCA,ARCA,209265592,,1 contract(s),1,0.158,no
AMUN,resolved,NASDAQ,NASDAQ,824116109,,1 contract(s),1,0.116,no
AMUU,resolved,NASDAQ,NASDAQ,760766325,,1 contract(s),1,0.141,no
AMYY,resolved,NASDAQ,NASDAQ,814526878,,1 contract(s),1,0.108,no
AMZA,resolved,ARCA,ARCA,411856797,,1 contract(s),1,0.090,no
AMZD,resolved,NASDAQ,NASDAQ,583996482,,1 contract(s),1,0.151,no
AMZP,resolved,BATS,BATS,742759306,,1 contract(s),1,0.194,no
AMZU,resolved,NASDAQ,NASDAQ,583996487,,1 contract(s),1,0.134,no
AMZW,resolved,BATS,BATS,792065721,,1 contract(s),1,0.117,no
AMZY,resolved,ARCA,ARCA,644595817,,1 contract(s),1,0.128,no
AMZZ,resolved,NASDAQ,NASDAQ,691439807,,1 contract(s),1,0.126,no
ANEL,resolved,NASDAQ,NASDAQ,811472771,,1 contract(s),1,0.143,no
ANEW,resolved,ARCA,ARCA,450593447,,1 contract(s),1,0.230,no
ANGL,resolved,NASDAQ,NASDAQ,229725522,,1 contract(s),1,0.131,no
AOA,resolved,ARCA,ARCA,55734164,,1 contract(s),1,0.107,no
AOHY,resolved,NASDAQ,NASDAQ,685218918,,1 contract(s),1,0.148,no
AOK,resolved,ARCA,ARCA,55734154,,1 contract(s),1,0.110,no
AOM,resolved,ARCA,ARCA,55734159,,1 contract(s),1,0.114,no
AOR,resolved,ARCA,ARCA,55734161,,1 contract(s),1,0.283,no
AOTG,resolved,NASDAQ,NASDAQ,570487101,,1 contract(s),1,0.220,no
APCB,resolved,ARCA,ARCA,629123774,,1 contract(s),1,0.165,no
APED,not_found,,,,,no response after 2 attempt(s) — likely IBKR error 200,2,20.005,no
APIE,resolved,ARCA,ARCA,629123771,,1 contract(s),1,0.111,no
APLU,resolved,ARCA,ARCA,746167183,,1 contract(s),1,0.106,no
APLY,resolved,ARCA,ARCA,625840793,,1 contract(s),1,0.106,no
APMU,resolved,ARCA,ARCA,629123779,,1 contract(s),1,0.101,no
APRD,not_found,,,,,no response after 2 attempt(s) — likely IBKR error 200,2,20.006,no
APRH,resolved,BATS,BATS,623834265,,1 contract(s),1,0.147,no
APRJ,resolved,BATS,BATS,623834268,,1 contract(s),1,0.144,no
APRQ,not_found,,,,,no response after 2 attempt(s) — likely IBKR error 200,2,20.005,no
APRT,resolved,BATS,BATS,424781042,,1 contract(s),1,0.152,no
APRW,resolved,BATS,BATS,424781047,,1 contract(s),1,0.110,no
APRZ,resolved,BATS,BATS,805705238,,1 contract(s),1,0.247,no
APUE,resolved,ARCA,ARCA,629123782,,1 contract(s),1,0.136,no
AQGX,not_found,,,,,no response after 2 attempt(s) — likely IBKR error 200,2,20.003,no
AQWA,resolved,NASDAQ,NASDAQ,481274783,,1 contract(s),1,0.136,no
ARB,resolved,ARCA,ARCA,420864747,,1 contract(s),1,0.121,no
ARCM,resolved,BATS,BATS,292590988,,1 contract(s),1,0.114,no
ARCX,resolved,BATS,BATS,832492267,,1 contract(s),1,0.158,no
AREA,not_found,,,,,no response after 2 attempt(s) — likely IBKR error 200,2,20.001,no
ARGT,resolved,ARCA,ARCA,127587915,,1 contract(s),1,0.146,no
ARKA,not_found,,,,,no response after 2 attempt(s) — likely IBKR error 200,2,20.003,no
ARKB,resolved,BATS,BATS,677037663,,1 contract(s),1,0.124,no
ARKC,not_found,,,,,no response after 2 attempt(s) — likely IBKR error 200,2,20.004,no
ARKD,resolved,BATS,BATS,842938648,,1 contract(s),1,0.046,no
ARKF,resolved,BATS,BATS,352320856,,1 contract(s),1,0.042,no
ARKG,resolved,BATS,BATS,172522641,,1 contract(s),1,0.210,no
ARKK,resolved,BATS,BATS,172522644,,1 contract(s),1,0.070,no
ARKQ,resolved,BATS,BATS,168647313,,1 contract(s),1,0.041,no
ARKW,resolved,BATS,BATS,168647416,,1 contract(s),1,0.044,no
ARKX,resolved,BATS,BATS,479429933,,1 contract(s),1,0.042,no
ARKY,not_found,,,,,no response after 2 attempt(s) — likely IBKR error 200,2,20.003,no
ARKZ,not_found,,,,,no response after 2 attempt(s) — likely IBKR error 200,2,20.005,no
ARMG,resolved,NASDAQ,NASDAQ,754087839,,1 contract(s),1,0.041,no
ARMH,resolved,ARCA,ARCA,767910205,,1 contract(s),1,0.154,no
ARMR,not_found,,,,,no response after 2 attempt(s) — likely IBKR error 200,2,20.001,no
ARP,resolved,ARCA,ARCA,604737258,,1 contract(s),1,0.038,no
ARTY,resolved,ARCA,ARCA,324062421,,1 contract(s),1,0.039,no
ARVR,resolved,NASDAQ,NASDAQ,557542298,,1 contract(s),1,0.044,no
ASCE,resolved,ARCA,ARCA,797020939,,1 contract(s),1,0.089,no
ASCI,resolved,NASDAQ,NASDAQ,824116098,,1 contract(s),1,0.166,no
ASEA,resolved,ARCA,ARCA,84127428,,1 contract(s),1,0.043,no
ASET,not_found,,,,,no response after 2 attempt(s) — likely IBKR error 200,2,20.003,no
ASHR,resolved,ARCA,ARCA,137868087,,1 contract(s),1,0.042,no
ASHS,resolved,ARCA,ARCA,152388746,,1 contract(s),1,0.044,no
ASHX,not_found,,,,,no response after 2 attempt(s) — likely IBKR error 200,2,20.003,no
ASIA,resolved,ARCA,ARCA,655624700,,1 contract(s),1,0.246,no
ASLV,resolved,ARCA,ARCA,771558831,,1 contract(s),1,0.157,no
ASMF,resolved,ARCA,ARCA,703408970,,1 contract(s),1,0.109,no
ASMG,resolved,NASDAQ,NASDAQ,754087843,,1 contract(s),1,0.092,no
ASMH,resolved,ARCA,ARCA,767914525,,1 contract(s),1,0.108,no
ASPY,not_found,,,,,no response after 2 attempt(s) — likely IBKR error 200,2,20.002,no
ATFV,resolved,ARCA,ARCA,489110443,,1 contract(s),1,0.435,no
ATMP,resolved,BATS,BATS,123981943,,1 contract(s),1,0.356,no
AUGT,resolved,BATS,BATS,645710632,,1 contract(s),1,0.196,no
AUGW,resolved,BATS,BATS,645710637,,1 contract(s),1,0.155,no
AUGZ,resolved,BATS,BATS,812511731,,1 contract(s),1,0.145,no
AUMI,resolved,NASDAQ,NASDAQ,671347140,,1 contract(s),1,0.110,no
AUSF,resolved,ARCA,ARCA,331454468,,1 contract(s),1,0.530,no
AUSM,resolved,ARCA,ARCA,797020942,,1 contract(s),1,0.436,no
AVDE,resolved,ARCA,ARCA,385086964,,1 contract(s),1,0.303,no
AVDS,resolved,ARCA,ARCA,642846212,,1 contract(s),1,0.143,no
AVDV,resolved,ARCA,ARCA,385087093,,1 contract(s),1,0.139,no
AVEE,resolved,ARCA,ARCA,664697704,,1 contract(s),1,0.109,no
AVEM,resolved,ARCA,ARCA,383858503,,1 contract(s),1,0.142,no
AVES,resolved,ARCA,ARCA,517641683,,1 contract(s),1,0.086,no
AVGB,resolved,NASDAQ,NASDAQ,777707865,,1 contract(s),1,0.111,no
AVGE,resolved,ARCA,ARCA,588438322,,1 contract(s),1,0.092,no
AVGG,resolved,NASDAQ,NASDAQ,785072383,,1 contract(s),1,0.138,no
AVGU,resolved,NASDAQ,NASDAQ,799145824,,1 contract(s),1,0.150,no
AVGV,resolved,ARCA,ARCA,639450924,,1 contract(s),1,0.086,no
AVGW,resolved,BATS,BATS,801555750,,1 contract(s),1,0.148,no
AVGX,resolved,NASDAQ,NASDAQ,724669384,,1 contract(s),1,0.110,no
AVIE,resolved,ARCA,ARCA,588438327,,1 contract(s),1,0.107,no
AVIG,resolved,ARCA,ARCA,450042678,,1 contract(s),1,0.113,no
AVIV,resolved,ARCA,ARCA,517867314,,1 contract(s),1,0.149,no
AVL,resolved,NASDAQ,NASDAQ,734422672,,1 contract(s),1,0.157,no
AVLC,resolved,ARCA,ARCA,656551472,,1 contract(s),1,0.088,no
AVLV,resolved,ARCA,ARCA,516382762,,1 contract(s),1,0.151,no
AVMA,resolved,ARCA,ARCA,639450936,,1 contract(s),1,0.139,no
AVMC,resolved,ARCA,ARCA,664697709,,1 contract(s),1,0.087,no
AVMU,resolved,ARCA,ARCA,459553811,,1 contract(s),1,0.096,no
AVMV,resolved,ARCA,ARCA,664697715,,1 contract(s),1,0.134,no
AVNM,resolved,ARCA,ARCA,639450930,,1 contract(s),1,0.097,no
AVNV,resolved,ARCA,ARCA,639450935,,1 contract(s),1,0.152,no
AVOS,resolved,NASDAQ,NASDAQ,861433946,,1 contract(s),1,0.111,no
AVRE,resolved,ARCA,ARCA,517867319,,1 contract(s),1,0.110,no
AVS,resolved,NASDAQ,NASDAQ,734422670,,1 contract(s),1,0.175,no
AVSC,resolved,ARCA,ARCA,537638911,,1 contract(s),1,0.184,no
AVSD,resolved,ARCA,ARCA,550617870,,1 contract(s),1,0.225,no
AVSE,resolved,ARCA,ARCA,553472845,,1 contract(s),1,0.142,no
AVSF,resolved,ARCA,ARCA,450042681,,1 contract(s),1,0.114,no
AVSU,resolved,ARCA,ARCA,550617872,,1 contract(s),1,0.143,no
AVUQ,resolved,NASDAQ,NASDAQ,771750499,,1 contract(s),1,0.113,no
AVUS,resolved,ARCA,ARCA,385087121,,1 contract(s),1,0.216,no
AVUV,resolved,ARCA,ARCA,385087149,,1 contract(s),1,0.194,no
AVXC,resolved,NASDAQ,NASDAQ,692173647,,1 contract(s),1,0.150,no
AVXX,resolved,NASDAQ,NASDAQ,866508537,,1 contract(s),1,0.105,no
AWAY,resolved,ARCA,ARCA,680623563,,1 contract(s),1,0.136,no
AWEG,not_found,,,,,no response after 2 attempt(s) — likely IBKR error 200,2,20.006,no
AWYX,not_found,,,,,no response after 2 attempt(s) — likely IBKR error 200,2,20.007,no
AZTD,resolved,ARCA,ARCA,579721150,,1 contract(s),1,0.097,no
AZYY,resolved,NASDAQ,NASDAQ,814526882,,1 contract(s),1,0.089,no
BAB,resolved,ARCA,ARCA,319359489,,1 contract(s),1,0.111,no
BABO,resolved,ARCA,ARCA,721315273,,1 contract(s),1,0.110,no
BABX,resolved,NASDAQ,NASDAQ,602261429,,1 contract(s),1,0.103,no
BAFE,resolved,NASDAQ,NASDAQ,742768847,,1 contract(s),1,0.109,no
BAGY,resolved,BATS,BATS,780410059,,1 contract(s),1,0.144,no
BAI,resolved,ARCA,ARCA,736655029,,1 contract(s),1,0.144,no
BAIG,resolved,NASDAQ,NASDAQ,879585857,,1 contract(s),1,0.130,no
BAL,not_found,,,,,no response after 2 attempt(s) — likely IBKR error 200,2,20.001,no
BALI,resolved,BATS,BATS,656550083,,1 contract(s),1,0.141,no
BALQ,resolved,NASDAQ,NASDAQ,836140262,,1 contract(s),1,0.142,no
BALT,resolved,BATS,BATS,500073352,,1 contract(s),1,0.149,no
BAMA,resolved,BATS,BATS,656552138,,1 contract(s),1,0.110,no
BAMD,resolved,BATS,BATS,656552143,,1 contract(s),1,0.145,no
BAMG,resolved,BATS,BATS,656379375,,1 contract(s),1,0.146,no
BAMO,resolved,BATS,BATS,656552145,,1 contract(s),1,0.152,no
BAMU,resolved,BATS,BATS,656379380,,1 contract(s),1,0.088,no
BAMV,resolved,BATS,BATS,656379387,,1 contract(s),1,0.103,no
BAMY,resolved,BATS,BATS,656552148,,1 contract(s),1,0.148,no
BAPR,resolved,BATS,BATS,359395477,,1 contract(s),1,0.114,no
BAR,resolved,ARCA,ARCA,287646824,,1 contract(s),1,0.100,no
BASG,resolved,NASDAQ,NASDAQ,791743236,,1 contract(s),1,0.150,no
BASV,resolved,NASDAQ,NASDAQ,791743243,,1 contract(s),1,0.148,no
BATT,resolved,ARCA,ARCA,320463686,,1 contract(s),1,0.127,no
BAUG,resolved,BATS,BATS,376499899,,1 contract(s),1,0.148,no
BBAG,resolved,BATS,BATS,476070709,,1 contract(s),1,0.152,no
BBAX,resolved,BATS,BATS,477176661,,1 contract(s),1,0.108,no
BBB,resolved,NASDAQ,NASDAQ,674701617,,1 contract(s),1,0.115,no
BBBI,resolved,ARCA,ARCA,680167494,,1 contract(s),1,0.113,no
BBBL,resolved,ARCA,ARCA,680167491,,1 contract(s),1,0.109,no
BBBS,resolved,ARCA,ARCA,679998217,,1 contract(s),1,0.106,no
BBC,resolved,ARCA,ARCA,177128399,,1 contract(s),1,0.132,no
BBCA,resolved,BATS,BATS,477176272,,1 contract(s),1,0.156,no
BBCB,resolved,BATS,BATS,345851226,,1 contract(s),1,0.149,no
BBEM,resolved,BATS,BATS,630282882,,1 contract(s),1,0.150,no
BBEU,resolved,BATS,BATS,477176641,,1 contract(s),1,0.208,no
BBH,resolved,NASDAQ,NASDAQ,231849289,,1 contract(s),1,0.190,no
BBHY,resolved,BATS,BATS,247848834,,1 contract(s),1,0.197,no
BBIB,resolved,BATS,BATS,626448007,,1 contract(s),1,0.143,no
BBIN,resolved,BATS,BATS,394113938,,1 contract(s),1,0.152,no
BBIP,not_found,,,,,no response after 2 attempt(s) — likely IBKR error 200,2,20.005,no
BBJP,resolved,BATS,BATS,477183122,,1 contract(s),1,0.150,no
BBLB,resolved,BATS,BATS,626448002,,1 contract(s),1,0.153,no
BBLU,resolved,ARCA,ARCA,591368781,,1 contract(s),1,0.123,no
BBMC,resolved,BATS,BATS,417292616,,1 contract(s),1,0.148,no
BBP,resolved,ARCA,ARCA,177128401,,1 contract(s),1,0.147,no
BBRE,resolved,BATS,BATS,321533910,,1 contract(s),1,0.151,no
BBSA,not_found,,,,,no response after 2 attempt(s) — likely IBKR error 200,2,20.003,no
BBSB,resolved,BATS,BATS,626447997,,1 contract(s),1,0.108,no
BBSC,resolved,BATS,BATS,455604801,,1 contract(s),1,0.147,no
BBUS,resolved,BATS,BATS,356857993,,1 contract(s),1,0.108,no
BBYY,resolved,NASDAQ,NASDAQ,824808599,,1 contract(s),1,0.113,no
BCD,resolved,ARCA,ARCA,334909204,,1 contract(s),1,0.085,no
BCDF,resolved,ARCA,ARCA,577461739,,1 contract(s),1,0.103,no
BCHI,resolved,ARCA,ARCA,760766346,,1 contract(s),1,0.111,no
BCHP,resolved,BATS,BATS,641782981,,1 contract(s),1,0.154,no
BCI,resolved,ARCA,ARCA,334909211,,1 contract(s),1,0.104,no
BCIL,resolved,ARCA,ARCA,692197707,,1 contract(s),1,0.108,no
BCIM,not_found,,,,,no response after 2 attempt(s) — likely IBKR error 200,2,20.007,no
BCLO,resolved,NASDAQ,NASDAQ,758095965,,1 contract(s),1,0.107,no
BCM,not_found,,,,,no response after 2 attempt(s) — likely IBKR error 200,2,20.005,no
BCOR,resolved,ARCA,ARCA,780715479,,1 contract(s),1,0.148,no
BCUS,resolved,ARCA,ARCA,673829581,,1 contract(s),1,0.106,no
BDBT,resolved,ARCA,ARCA,793105142,,1 contract(s),1,0.118,no
BDCX,resolved,ARCA,ARCA,425010512,,1 contract(s),1,0.110,no
BDCZ,resolved,ARCA,ARCA,209265610,,1 contract(s),1,0.108,no
BDEC,resolved,BATS,BATS,393752923,,1 contract(s),1,0.151,no
BDGS,resolved,NASDAQ,NASDAQ,630412606,,1 contract(s),1,0.146,no
BDIV,resolved,ARCA,ARCA,719474597,,1 contract(s),1,0.101,no
BDRY,resolved,ARCA,ARCA,685215309,,1 contract(s),1,0.132,no
BDVG,resolved,ARCA,ARCA,640120175,,1 contract(s),1,0.109,no
BDVL,resolved,NASDAQ,NASDAQ,814021587,,1 contract(s),1,0.116,no
BECO,not_found,,,,,no response after 2 attempt(s) — likely IBKR error 200,2,20.008,no
BEDY,resolved,NASDAQ,NASDAQ,837141715,,1 contract(s),1,0.114,no
BEDZ,resolved,ARCA,ARCA,483501610,,1 contract(s),1,0.145,no
BEEZ,resolved,NASDAQ,NASDAQ,664690525,,1 contract(s),1,0.149,no
BELT,resolved,NASDAQ,NASDAQ,710220800,,1 contract(s),1,0.153,no
BEMB,resolved,BATS,BATS,616131639,,1 contract(s),1,0.146,no
BENJ,resolved,ARCA,ARCA,756555608,,1 contract(s),1,0.104,no
BERZ,resolved,ARCA,ARCA,854937669,,1 contract(s),1,0.149,no
BETE,resolved,ARCA,ARCA,657517456,,1 contract(s),1,0.152,no
BETH,resolved,ARCA,ARCA,657517461,,1 contract(s),1,0.563,no
BETZ,resolved,ARCA,ARCA,425242708,,1 contract(s),1,0.497,no
BFAP,resolved,ARCA,ARCA,772518032,,1 contract(s),1,0.367,no
BFEB,resolved,BATS,BATS,402361697,,1 contract(s),1,0.173,no
BFIT,not_found,,,,,no response after 2 attempt(s) — likely IBKR error 200,2,20.003,no
BFIX,resolved,ARCA,ARCA,543507596,,1 contract(s),1,0.092,no
BFOR,resolved,ARCA,ARCA,128835003,,1 contract(s),1,0.111,no
BFRZ,resolved,ARCA,ARCA,783246362,,1 contract(s),1,0.121,no
BFTR,not_found,,,,,no response after 2 attempt(s) — likely IBKR error 200,2,20.002,no
BGIG,resolved,ARCA,ARCA,653757714,,1 contract(s),1,0.110,no
BGLD,resolved,BATS,BATS,466888790,,1 contract(s),1,0.146,no
BGRN,resolved,NASDAQ,NASDAQ,341758681,,1 contract(s),1,0.164,no
BGRO,resolved,NASDAQ,NASDAQ,707923154,,1 contract(s),1,0.109,no
BHYB,resolved,BATS,BATS,662194905,,1 contract(s),1,0.144,no
BIB,resolved,NASDAQ,NASDAQ,74072750,,1 contract(s),1,0.093,no
BIBL,resolved,ARCA,ARCA,294526530,,1 contract(s),1,0.110,no
BICK,not_found,,,,,no response after 2 attempt(s) — likely IBKR error 200,2,20.004,no
BIDD,resolved,ARCA,ARCA,742459172,,1 contract(s),1,0.104,no
BIDS,not_found,,,,,no response after 2 attempt(s) — likely IBKR error 200,2,20.001,no
BIGY,resolved,ARCA,ARCA,743527300,,1 contract(s),1,0.101,no
BIL,resolved,ARCA,ARCA,296457239,,1 contract(s),1,0.143,no
BILD,resolved,ARCA,ARCA,668631577,,1 contract(s),1,0.113,no
BILS,resolved,ARCA,ARCA,446991691,,1 contract(s),1,0.150,no
BILZ,resolved,ARCA,ARCA,638362093,,1 contract(s),1,0.130,no
BINC,resolved,ARCA,ARCA,632432518,,1 contract(s),1,0.149,no
BINT,resolved,ARCA,ARCA,793105154,,1 contract(s),1,0.109,no
BINV,resolved,BATS,BATS,657917210,,1 contract(s),1,0.135,no
BIS,resolved,NASDAQ,NASDAQ,886836571,,1 contract(s),1,0.168,no
BITB,resolved,ARCA,ARCA,677037658,,1 contract(s),1,0.140,no
BITC,resolved,ARCA,ARCA,621534099,,1 contract(s),1,0.116,no
BITI,resolved,ARCA,ARCA,738523985,,1 contract(s),1,0.108,no
BITO,resolved,ARCA,ARCA,521525019,,1 contract(s),1,0.145,no
BITQ,resolved,ARCA,ARCA,825873144,,1 contract(s),1,0.127,no
BITS,resolved,NASDAQ,NASDAQ,602747216,,1 contract(s),1,0.132,no
BITU,resolved,ARCA,ARCA,694302881,,1 contract(s),1,0.149,no
BITX,resolved,BATS,BATS,639094583,,1 contract(s),1,0.146,no
BIV,resolved,ARCA,ARCA,43645835,,1 contract(s),1,0.136,no
BIZD,resolved,ARCA,ARCA,229725533,,1 contract(s),1,0.138,no
BJAN,resolved,BATS,BATS,348194846,,1 contract(s),1,0.106,no
BJK,not_found,,,,,no response after 2 attempt(s) — likely IBKR error 200,2,20.004,no
BJUL,resolved,BATS,BATS,331553624,,1 contract(s),1,0.106,no
BJUN,resolved,BATS,BATS,369213067,,1 contract(s),1,0.111,no
BKAG,resolved,ARCA,ARCA,419239287,,1 contract(s),1,0.104,no
BKCG,resolved,ARCA,ARCA,772197305,,1 contract(s),1,0.147,no
BKCH,resolved,NASDAQ,NASDAQ,602439344,,1 contract(s),1,0.145,no
BKCI,resolved,ARCA,ARCA,531212209,,1 contract(s),1,0.103,no
BKDV,resolved,ARCA,ARCA,739449713,,1 contract(s),1,0.104,no
BKEM,resolved,ARCA,ARCA,419239288,,1 contract(s),1,0.105,no
BKF,resolved,ARCA,ARCA,47202518,,1 contract(s),1,0.150,no
BKGI,resolved,BATS,BATS,595177796,,1 contract(s),1,0.200,no
BKHY,resolved,ARCA,ARCA,419239293,,1 contract(s),1,0.242,no
BKIE,resolved,ARCA,ARCA,419239298,,1 contract(s),1,0.184,no
BKIV,not_found,,,,,no response after 2 attempt(s) — likely IBKR error 200,2,20.006,no
BKLC,resolved,ARCA,ARCA,416494128,,1 contract(s),1,0.145,no
BKLN,resolved,ARCA,ARCA,319359400,,1 contract(s),1,0.108,no
BKMC,resolved,ARCA,ARCA,416494133,,1 contract(s),1,0.150,no
BKSB,not_found,,,,,no response after 2 attempt(s) — likely IBKR error 200,2,20.003,no
BKSE,resolved,ARCA,ARCA,416494138,,1 contract(s),1,0.106,no
BKUI,resolved,ARCA,ARCA,507487601,,1 contract(s),1,0.105,no
BKWO,not_found,,,,,no response after 2 attempt(s) — likely IBKR error 200,2,20.005,no
BLCN,not_found,,,,,no response after 2 attempt(s) — likely IBKR error 200,2,20.008,no
BLCR,resolved,NASDAQ,NASDAQ,662195179,,1 contract(s),1,0.106,no
BLCV,resolved,ARCA,ARCA,859051758,,1 contract(s),1,0.144,no
BLDG,resolved,BATS,BATS,446991694,,1 contract(s),1,0.148,no
BLES,resolved,ARCA,ARCA,268132810,,1 contract(s),1,0.140,no
BLGR,resolved,ARCA,ARCA,793105160,,1 contract(s),1,0.100,no
BLHY,not_found,,,,,no response after 2 attempt(s) — likely IBKR error 200,2,20.006,no
BLLD,not_found,,,,,no response after 2 attempt(s) — likely IBKR error 200,2,20.006,no
BLNG,not_found,,,,,no response after 2 attempt(s) — likely IBKR error 200,2,20.004,no
BLOK,resolved,ARCA,ARCA,302902491,,1 contract(s),1,0.146,no
BLOX,resolved,ARCA,ARCA,791760057,,1 contract(s),1,0.101,no
BLSG,resolved,NASDAQ,NASDAQ,826120824,,1 contract(s),1,0.124,no
BLST,resolved,ARCA,ARCA,793105174,,1 contract(s),1,0.102,no
BLTD,resolved,ARCA,ARCA,793105171,,1 contract(s),1,0.107,no
BLUC,resolved,ARCA,ARCA,793105159,,1 contract(s),1,0.110,no
BLUI,resolved,ARCA,ARCA,793105145,,1 contract(s),1,0.106,no
BLUX,resolved,ARCA,ARCA,793105148,,1 contract(s),1,0.105,no
BLV,resolved,ARCA,ARCA,43645825,,1 contract(s),1,0.088,no
BMAR,resolved,BATS,BATS,406766936,,1 contract(s),1,0.100,no
BMAX,not_found,,,,,no response after 2 attempt(s) — likely IBKR error 200,2,20.007,no
BMAY,resolved,BATS,BATS,420256157,,1 contract(s),1,0.100,no
BMDL,not_found,,,,,no response after 2 attempt(s) — likely IBKR error 200,2,20.003,no
BMED,resolved,ARCA,ARCA,448085849,,1 contract(s),1,0.110,no
BMVP,resolved,ARCA,ARCA,319356997,,1 contract(s),1,0.103,no
BND,resolved,NASDAQ,NASDAQ,43645828,,1 contract(s),1,0.154,no
BNDC,resolved,ARCA,ARCA,255884383,,1 contract(s),1,0.108,no
BNDD,resolved,ARCA,ARCA,810313808,,1 contract(s),1,0.090,no
BNDI,resolved,ARCA,ARCA,582332995,,1 contract(s),1,0.104,no
BNDP,resolved,NASDAQ,NASDAQ,836375333,,1 contract(s),1,0.110,no
BNDS,resolved,ARCA,ARCA,754087869,,1 contract(s),1,0.101,no
BNDW,resolved,NASDAQ,NASDAQ,332383676,,1 contract(s),1,0.086,no
BNDX,resolved,NASDAQ,NASDAQ,128835017,,1 contract(s),1,0.103,no
BNE,not_found,,,,,no response after 2 attempt(s) — likely IBKR error 200,2,20.006,no
BNGE,resolved,ARCA,ARCA,540938296,,1 contract(s),1,0.113,no
BNKD,resolved,ARCA,ARCA,854937664,,1 contract(s),1,0.110,no
BNKU,resolved,ARCA,ARCA,762285126,,1 contract(s),1,0.152,no
BNO,resolved,ARCA,ARCA,75961365,,1 contract(s),1,0.105,no
BNOV,resolved,BATS,BATS,390040934,,1 contract(s),1,0.154,no
BOAT,resolved,ARCA,ARCA,506295824,,1 contract(s),1,0.213,no
BOBP,resolved,ARCA,ARCA,786171233,,1 contract(s),1,0.211,no
BOCT,resolved,BATS,BATS,335633901,,1 contract(s),1,0.151,no
BOED,not_found,,,,,no response after 2 attempt(s) — likely IBKR error 200,2,20.008,no
BOEG,resolved,NASDAQ,NASDAQ,791455609,,1 contract(s),1,0.115,no
BOEU,resolved,NASDAQ,NASDAQ,779325419,,1 contract(s),1,0.110,no
BOIL,resolved,ARCA,ARCA,882359997,,1 contract(s),1,0.109,no
BOND,resolved,NYSE,NYSE,103562908,,1 contract(s),1,0.167,no
BOSS,not_found,,,,,no response after 2 attempt(s) — likely IBKR error 200,2,20.008,no
BOTT,resolved,NASDAQ,NASDAQ,698511234,,1 contract(s),1,0.107,no
BOTZ,resolved,NASDAQ,NASDAQ,247691382,,1 contract(s),1,0.104,no
BOUT,resolved,ARCA,ARCA,876905476,,1 contract(s),1,0.122,no
BOXX,resolved,BATS,BATS,604408720,,1 contract(s),1,0.164,no
BPAY,resolved,ARCA,ARCA,579848423,,1 contract(s),1,0.221,no
BPH,resolved,ARCA,ARCA,752447496,,1 contract(s),1,0.158,no
BPI,resolved,ARCA,ARCA,772782894,,1 contract(s),1,0.149,no
BRAZ,resolved,ARCA,ARCA,648413951,,1 contract(s),1,0.163,no
BREM,resolved,NASDAQ,NASDAQ,823013257,,1 contract(s),1,0.109,no
BRF,resolved,ARCA,ARCA,229725537,,1 contract(s),1,0.164,no
BRHY,resolved,NASDAQ,NASDAQ,710220644,,1 contract(s),1,0.124,no
BRIF,resolved,ARCA,ARCA,855788176,,1 contract(s),1,0.242,no
BRKC,resolved,ARCA,ARCA,789278736,,1 contract(s),1,0.152,no
BRKW,resolved,BATS,BATS,792065898,,1 contract(s),1,0.138,no
BRLN,resolved,BATS,BATS,589639338,,1 contract(s),1,0.332,no
BRNY,resolved,NASDAQ,NASDAQ,591000348,,1 contract(s),1,0.306,no
BRRR,resolved,NASDAQ,NASDAQ,677037676,,1 contract(s),1,0.235,no
BRTR,resolved,NASDAQ,NASDAQ,671344090,,1 contract(s),1,0.168,no
BRZU,resolved,ARCA,ARCA,416854766,,1 contract(s),1,0.154,no
BSCE,not_found,,,,,no response after 2 attempt(s) — likely IBKR error 200,2,20.005,no
BSCN,not_found,,,,,no response after 2 attempt(s) — likely IBKR error 200,2,20.007,no
BSCO,not_found,,,,,no response after 2 attempt(s) — likely IBKR error 200,2,20.007,no
BSCP,not_found,,,,,no response after 2 attempt(s) — likely IBKR error 200,2,20.009,no
BSCQ,resolved,NASDAQ,NASDAQ,319355822,,1 contract(s),1,0.119,no
BSCR,resolved,NASDAQ,NASDAQ,319355868,,1 contract(s),1,0.112,no
BSCS,resolved,NASDAQ,NASDAQ,328908609,,1 contract(s),1,0.156,no
BSCT,resolved,NASDAQ,NASDAQ,382846991,,1 contract(s),1,0.151,no
BSCU,resolved,NASDAQ,NASDAQ,445419989,,1 contract(s),1,0.109,no
BSCV,resolved,NASDAQ,NASDAQ,514484982,,1 contract(s),1,0.110,no
BSCW,resolved,NASDAQ,NASDAQ,584128137,,1 contract(s),1,0.106,no
BSCX,resolved,NASDAQ,NASDAQ,655310927,,1 contract(s),1,0.142,no
BSCY,resolved,NASDAQ,NASDAQ,709029637,,1 contract(s),1,0.105,no
BSCZ,resolved,NASDAQ,NASDAQ,790898603,,1 contract(s),1,0.134,no
BSDE,not_found,,,,,no response after 2 attempt(s) — likely IBKR error 200,2,20.008,no
BSEA,not_found,,,,,no response after 2 attempt(s) — likely IBKR error 200,2,20.006,no
BSEP,resolved,BATS,BATS,381637416,,1 contract(s),1,0.142,no
BSJN,not_found,,,,,no response after 2 attempt(s) — likely IBKR error 200,2,20.010,no
BSJO,not_found,,,,,no response after 2 attempt(s) — likely IBKR error 200,2,20.007,no
BSJP,not_found,,,,,no response after 2 attempt(s) — likely IBKR error 200,2,20.008,no
BSJQ,resolved,NASDAQ,NASDAQ,328908679,,1 contract(s),1,0.110,no
BSJR,resolved,NASDAQ,NASDAQ,382846986,,1 contract(s),1,0.113,no
BSJS,resolved,NASDAQ,NASDAQ,445419984,,1 contract(s),1,0.103,no
BSJT,resolved,NASDAQ,NASDAQ,514484979,,1 contract(s),1,0.106,no
BSJU,resolved,NASDAQ,NASDAQ,584128134,,1 contract(s),1,0.146,no
BSJV,resolved,NASDAQ,NASDAQ,655310922,,1 contract(s),1,0.151,no
BSJW,resolved,NASDAQ,NASDAQ,709029632,,1 contract(s),1,0.101,no
BSJX,resolved,NASDAQ,NASDAQ,790898596,,1 contract(s),1,0.150,no
BSMC,resolved,BATS,BATS,657917215,,1 contract(s),1,0.146,no
BSMN,not_found,,,,,no response after 2 attempt(s) — likely IBKR error 200,2,20.008,no
BSMO,not_found,,,,,no response after 2 attempt(s) — likely IBKR error 200,2,20.006,no
BSMP,not_found,,,,,no response after 2 attempt(s) — likely IBKR error 200,2,20.005,no
BSMQ,resolved,NASDAQ,NASDAQ,384944190,,1 contract(s),1,0.202,no
BSMR,resolved,NASDAQ,NASDAQ,384944195,,1 contract(s),1,0.190,no
BSMS,resolved,NASDAQ,NASDAQ,384944198,,1 contract(s),1,0.149,no
BSMT,resolved,NASDAQ,NASDAQ,384944201,,1 contract(s),1,0.105,no
BSMU,resolved,NASDAQ,NASDAQ,445419994,,1 contract(s),1,0.114,no
BSMV,resolved,NASDAQ,NASDAQ,514484985,,1 contract(s),1,0.128,no
BSMW,resolved,NASDAQ,NASDAQ,617333308,,1 contract(s),1,0.186,no
BSMY,resolved,NASDAQ,NASDAQ,727984309,,1 contract(s),1,0.174,no
BSMZ,resolved,NASDAQ,NASDAQ,814787112,,1 contract(s),1,0.122,no
BSR,resolved,ARCA,ARCA,626106924,,1 contract(s),1,0.109,no
BSSX,resolved,NASDAQ,NASDAQ,655310929,,1 contract(s),1,0.105,no
BSTP,resolved,ARCA,ARCA,548569414,,1 contract(s),1,0.110,no
BSV,resolved,ARCA,ARCA,43645838,,1 contract(s),1,0.195,no
BSVO,resolved,NASDAQ,NASDAQ,618978009,,1 contract(s),1,0.168,no
BTAL,resolved,ARCA,ARCA,389967572,,1 contract(s),1,0.107,no
BTC,resolved,ARCA,ARCA,741192224,,1 contract(s),1,0.102,no
BTCC,resolved,ARCA,ARCA,772782891,,1 contract(s),1,0.160,no
BTCO,resolved,BATS,BATS,677037667,,1 contract(s),1,0.143,no
BTCW,resolved,BATS,BATS,676783288,,1 contract(s),1,0.155,no
BTEC,not_found,,,,,no response after 2 attempt(s) — likely IBKR error 200,2,20.010,no
BTEK,not_found,,,,,no response after 2 attempt(s) — likely IBKR error 200,2,20.007,no
BTF,resolved,NASDAQ,NASDAQ,848756518,,1 contract(s),1,0.133,no
BTFX,not_found,,,,,no response after 2 attempt(s) — likely IBKR error 200,2,20.013,no
BTGD,resolved,NASDAQ,NASDAQ,735451402,,1 contract(s),1,0.116,no
BTHM,not_found,,,,,no response after 2 attempt(s) — likely IBKR error 200,2,20.008,no
BTOP,not_found,,,,,no response after 2 attempt(s) — likely IBKR error 200,2,20.005,no
BTR,resolved,ARCA,ARCA,626106930,,1 contract(s),1,0.111,no
BTRN,resolved,ARCA,ARCA,692197710,,1 contract(s),1,0.151,no
BU,not_found,,,,,no response after 2 attempt(s) — likely IBKR error 200,2,20.011,no
BUCK,resolved,ARCA,ARCA,594188537,,1 contract(s),1,0.145,no
BUFB,resolved,BATS,BATS,543507602,,1 contract(s),1,0.148,no
BUFC,resolved,NASDAQ,NASDAQ,671097117,,1 contract(s),1,0.152,no
BUFD,resolved,BATS,BATS,466888691,,1 contract(s),1,0.131,no
BUFF,resolved,BATS,BATS,519070808,,1 contract(s),1,0.149,no
BUFG,resolved,BATS,BATS,523014830,,1 contract(s),1,0.147,no
BUFP,resolved,BATS,BATS,709209385,,1 contract(s),1,0.142,no
BUFQ,resolved,BATS,BATS,567376197,,1 contract(s),1,0.142,no
BUFR,resolved,BATS,BATS,439087509,,1 contract(s),1,0.159,no
BUFS,resolved,BATS,BATS,706515757,,1 contract(s),1,0.148,no
BUFT,resolved,BATS,BATS,523014827,,1 contract(s),1,0.149,no
BUFZ,resolved,BATS,BATS,662039824,,1 contract(s),1,0.133,no
BUG,resolved,NASDAQ,NASDAQ,389399745,,1 contract(s),1,0.146,no
BUL,resolved,ARCA,ARCA,364374725,,1 contract(s),1,0.155,no
BULD,resolved,NASDAQ,NASDAQ,556236441,,1 contract(s),1,0.152,no
BULG,resolved,NASDAQ,NASDAQ,876422564,,1 contract(s),1,0.131,no
BULX,not_found,,,,,no response after 2 attempt(s) — likely IBKR error 200,2,20.005,no
BULZ,resolved,ARCA,ARCA,593821806,,1 contract(s),1,0.147,no
BUSA,resolved,BATS,BATS,658122488,,1 contract(s),1,0.145,no
BUXX,resolved,NYSE,NYSE,647324578,,1 contract(s),1,0.114,no
BUYO,resolved,ARCA,ARCA,733730059,,1 contract(s),1,0.154,no
BUYW,resolved,BATS,BATS,584630741,,1 contract(s),1,0.137,no
BUYZ,resolved,BATS,BATS,405971876,,1 contract(s),1,0.127,no
BUZZ,resolved,ARCA,ARCA,474820876,,1 contract(s),1,0.124,no
BVAL,resolved,ARCA,ARCA,793105165,,1 contract(s),1,0.133,no
BWEB,not_found,,,,,no response after 2 attempt(s) — likely IBKR error 200,2,20.008,no
BWET,resolved,ARCA,ARCA,685215304,,1 contract(s),1,0.103,no
BWTG,resolved,BATS,BATS,664697721,,1 contract(s),1,0.144,no
BWX,resolved,ARCA,ARCA,46577293,,1 contract(s),1,0.094,no
BWZ,resolved,ARCA,ARCA,57091573,,1 contract(s),1,0.112,no
BYLD,resolved,ARCA,ARCA,149687480,,1 contract(s),1,0.147,no
BYRE,resolved,ARCA,ARCA,562282992,,1 contract(s),1,0.150,no
BYTE,not_found,,,,,no response after 2 attempt(s) — likely IBKR error 200,2,20.004,no
BZQ,resolved,ARCA,ARCA,882360015,,1 contract(s),1,0.117,no
CA,not_found,,,,,no response after 2 attempt(s) — likely IBKR error 200,2,20.007,no
CAAA,resolved,ARCA,ARCA,687083707,,1 contract(s),1,0.117,no
CACG,not_found,,,,,no response after 2 attempt(s) — likely IBKR error 200,2,20.007,no
CAFG,resolved,NASDAQ,NASDAQ,629043852,,1 contract(s),1,0.105,no
CAFX,resolved,ARCA,ARCA,727533400,,1 contract(s),1,0.108,no
CAIQ,resolved,NASDAQ,NASDAQ,832443717,,1 contract(s),1,0.112,no
CALF,resolved,BATS,BATS,279447220,,1 contract(s),1,0.155,no
CALI,resolved,NASDAQ,NASDAQ,642161554,,1 contract(s),1,0.114,no
CAML,resolved,ARCA,ARCA,649964840,,1 contract(s),1,0.105,no
CAMX,resolved,ARCA,ARCA,613363658,,1 contract(s),1,0.105,no
CANC,resolved,NASDAQ,NASDAQ,648232499,,1 contract(s),1,0.153,no
CANE,resolved,ARCA,ARCA,94440555,,1 contract(s),1,0.100,no
CANQ,resolved,NASDAQ,NASDAQ,683785629,,1 contract(s),1,0.106,no
CAOS,resolved,BATS,BATS,619724933,,1 contract(s),1,0.140,no
CAPE,resolved,ARCA,ARCA,554413230,,1 contract(s),1,0.122,no
CARD,resolved,ARCA,ARCA,639336250,,1 contract(s),1,0.145,no
CARK,resolved,ARCA,ARCA,669998147,,1 contract(s),1,0.089,no
CARU,resolved,ARCA,ARCA,639336255,,1 contract(s),1,0.133,no
CARY,resolved,NASDAQ,NASDAQ,596111491,,1 contract(s),1,0.082,no
CARZ,resolved,NASDAQ,NASDAQ,87880199,,1 contract(s),1,0.148,no
CAS,resolved,ARCA,ARCA,754102160,,1 contract(s),1,0.118,no
CATF,resolved,ARCA,ARCA,716160975,,1 contract(s),1,0.101,no
CATH,resolved,NASDAQ,NASDAQ,230465019,,1 contract(s),1,0.132,no
CBLS,resolved,ARCA,ARCA,754525893,,1 contract(s),1,0.114,no
CBON,resolved,ARCA,ARCA,229725557,,1 contract(s),1,0.109,no
CBSE,resolved,ARCA,ARCA,754525888,,1 contract(s),1,0.109,no
CCEF,resolved,ARCA,ARCA,677574788,,1 contract(s),1,0.109,no
CCFE,resolved,NASDAQ,NASDAQ,791104920,,1 contract(s),1,0.152,no
CCMG,not_found,,,,,no response after 2 attempt(s) — likely IBKR error 200,2,20.008,no
CCNR,resolved,NASDAQ,NASDAQ,715040953,,1 contract(s),1,0.147,no
CCOR,resolved,ARCA,ARCA,396048278,,1 contract(s),1,0.130,no
CCRV,not_found,,,,,no response after 2 attempt(s) — likely IBKR error 200,2,20.010,no
CCSB,resolved,NASDAQ,NASDAQ,696511300,,1 contract(s),1,0.101,no
CCSO,resolved,NASDAQ,NASDAQ,587052099,,1 contract(s),1,0.152,no
CDC,resolved,NASDAQ,NASDAQ,211076570,,1 contract(s),1,0.094,no
CDEI,resolved,ARCA,ARCA,611584522,,1 contract(s),1,0.258,no
CDIG,resolved,NASDAQ,NASDAQ,814795330,,1 contract(s),1,0.226,no
CDL,resolved,NASDAQ,NASDAQ,211076599,,1 contract(s),1,0.177,no
CDX,resolved,ARCA,ARCA,544622637,,1 contract(s),1,0.108,no
CEF,resolved,ARCA,ARCA,302899033,,1 contract(s),1,0.151,no
CEFA,resolved,NASDAQ,NASDAQ,429435231,,1 contract(s),1,0.109,no
CEFD,resolved,ARCA,ARCA,425010500,,1 contract(s),1,0.139,no
CEFS,resolved,BATS,BATS,270532709,,1 contract(s),1,0.184,no
CEFZ,resolved,BATS,BATS,803739967,,1 contract(s),1,0.109,no
CEMB,resolved,BATS,BATS,105955745,,1 contract(s),1,0.120,no
CEPI,resolved,NASDAQ,NASDAQ,746163405,,1 contract(s),1,0.086,no
CERY,resolved,ARCA,ARCA,726935992,,1 contract(s),1,0.088,no
CETH,not_found,,,,,no response after 2 attempt(s) — likely IBKR error 200,2,20.007,no
CEW,resolved,ARCA,ARCA,59916271,,1 contract(s),1,0.107,no
CFA,resolved,NASDAQ,NASDAQ,211076585,,1 contract(s),1,0.092,no
CFCV,not_found,,,,,no response after 2 attempt(s) — likely IBKR error 200,2,20.010,no
CFO,resolved,NASDAQ,NASDAQ,211076600,,1 contract(s),1,0.139,no
CGBL,resolved,ARCA,ARCA,656552120,,1 contract(s),1,0.145,no
CGCB,resolved,ARCA,ARCA,656552125,,1 contract(s),1,0.154,no
CGCP,resolved,ARCA,ARCA,546346967,,1 contract(s),1,0.146,no
CGCV,resolved,ARCA,ARCA,712414287,,1 contract(s),1,0.104,no
CGDG,resolved,ARCA,ARCA,656768567,,1 contract(s),1,0.151,no
CGDV,resolved,ARCA,ARCA,546346968,,1 contract(s),1,0.150,no
CGGE,resolved,ARCA,ARCA,712414289,,1 contract(s),1,0.133,no
CGGG,resolved,ARCA,ARCA,794639710,,1 contract(s),1,0.136,no
CGGO,resolved,ARCA,ARCA,546346973,,1 contract(s),1,0.201,no
CGGR,resolved,ARCA,ARCA,546346977,,1 contract(s),1,0.107,no
CGHM,resolved,ARCA,ARCA,712414311,,1 contract(s),1,0.102,no
CGHY,resolved,ARCA,ARCA,794639707,,1 contract(s),1,0.102,no
CGIB,resolved,ARCA,ARCA,712414292,,1 contract(s),1,0.109,no
CGIC,resolved,ARCA,ARCA,712414306,,1 contract(s),1,0.146,no
CGIE,resolved,ARCA,ARCA,656552128,,1 contract(s),1,0.148,no
CGMM,resolved,ARCA,ARCA,754321260,,1 contract(s),1,0.151,no
CGMS,resolved,ARCA,ARCA,593850363,,1 contract(s),1,0.147,no
CGMU,resolved,ARCA,ARCA,593850353,,1 contract(s),1,0.150,no
CGNG,resolved,ARCA,ARCA,712414312,,1 contract(s),1,0.113,no
CGRO,resolved,ARCA,ARCA,659775209,,1 contract(s),1,0.111,no
CGSD,resolved,ARCA,ARCA,593850356,,1 contract(s),1,0.108,no
CGSM,resolved,ARCA,ARCA,656552133,,1 contract(s),1,0.107,no
CGUI,resolved,ARCA,ARCA,712414317,,1 contract(s),1,0.109,no
CGUS,resolved,ARCA,ARCA,546346962,,1 contract(s),1,0.101,no
CGV,resolved,NYSE,NYSE,576969490,,1 contract(s),1,0.109,no
CGVV,resolved,ARCA,ARCA,794639714,,1 contract(s),1,0.125,no
CGW,resolved,ARCA,ARCA,319359342,,1 contract(s),1,0.127,no
CGXU,resolved,ARCA,ARCA,546346980,,1 contract(s),1,0.120,no
CHAD,not_found,,,,,no response after 2 attempt(s) — likely IBKR error 200,2,20.007,no
CHAT,resolved,ARCA,ARCA,631539225,,1 contract(s),1,0.147,no
CHAU,resolved,ARCA,ARCA,190481053,,1 contract(s),1,0.133,no
CHB,not_found,,,,,no response after 2 attempt(s) — likely IBKR error 200,2,20.007,no
CHGX,resolved,NASDAQ,NASDAQ,774122389,,1 contract(s),1,0.269,no
CHIC,not_found,,,,,no response after 2 attempt(s) — likely IBKR error 200,2,20.006,no
CHIE,not_found,,,,,no response after 2 attempt(s) — likely IBKR error 200,2,20.009,no
CHIH,not_found,,,,,no response after 2 attempt(s) — likely IBKR error 200,2,20.010,no
CHII,not_found,,,,,no response after 2 attempt(s) — likely IBKR error 200,2,20.011,no
CHIK,not_found,,,,,no response after 2 attempt(s) — likely IBKR error 200,2,20.010,no
CHIM,not_found,,,,,no response after 2 attempt(s) — likely IBKR error 200,2,20.011,no
CHIQ,resolved,ARCA,ARCA,70703924,,1 contract(s),1,0.147,no
CHIR,not_found,,,,,no response after 2 attempt(s) — likely IBKR error 200,2,20.005,no
CHIS,not_found,,,,,no response after 2 attempt(s) — likely IBKR error 200,2,20.005,no
CHIU,not_found,,,,,no response after 2 attempt(s) — likely IBKR error 200,2,20.012,no
CHIX,not_found,,,,,no response after 2 attempt(s) — likely IBKR error 200,2,20.009,no
CHNA,not_found,,,,,no response after 2 attempt(s) — likely IBKR error 200,2,20.004,no
CHPS,resolved,NASDAQ,NASDAQ,641848907,,1 contract(s),1,0.150,no
CHPX,resolved,NASDAQ,NASDAQ,819126005,,1 contract(s),1,0.106,no
CHRI,resolved,NASDAQ,NASDAQ,817230104,,1 contract(s),1,0.145,no
CIBR,resolved,NASDAQ,NASDAQ,199295926,,1 contract(s),1,0.148,no
CID,not_found,,,,,no response after 2 attempt(s) — likely IBKR error 200,2,20.006,no
CIL,not_found,,,,,no response after 2 attempt(s) — likely IBKR error 200,2,20.004,no
CIZ,not_found,,,,,no response after 2 attempt(s) — likely IBKR error 200,2,20.008,no
CLDL,not_found,,,,,no response after 2 attempt(s) — likely IBKR error 200,2,20.007,no
CLIP,resolved,ARCA,ARCA,707875924,,1 contract(s),1,0.154,no
CLIX,resolved,ARCA,ARCA,296322116,,1 contract(s),1,0.166,no
CLNR,not_found,,,,,no response after 2 attempt(s) — likely IBKR error 200,2,20.001,no
CLOA,resolved,NASDAQ,NASDAQ,607676694,,1 contract(s),1,0.114,no
CLOB,resolved,ARCA,ARCA,731109554,,1 contract(s),1,0.116,no
CLOD,resolved,NASDAQ,NASDAQ,672387372,,1 contract(s),1,0.150,no
CLOI,resolved,ARCA,ARCA,569541082,,1 contract(s),1,0.109,no
CLOU,resolved,NASDAQ,NASDAQ,360975905,,1 contract(s),1,0.088,no
CLOX,resolved,ARCA,ARCA,642706651,,1 contract(s),1,0.104,no
CLOZ,resolved,ARCA,ARCA,609769462,,1 contract(s),1,0.107,no
CLRG,not_found,,,,,no response after 2 attempt(s) — likely IBKR error 200,2,20.005,no
CLSA,not_found,,,,,no response after 2 attempt(s) — likely IBKR error 200,2,20.004,no
CLSC,not_found,,,,,no response after 2 attempt(s) — likely IBKR error 200,2,20.004,no
CLSE,resolved,BATS,BATS,546346956,,1 contract(s),1,0.159,no
CLSM,resolved,NASDAQ,NASDAQ,502056032,,1 contract(s),1,0.134,no
CLTL,not_found,,,,,no response after 2 attempt(s) — likely IBKR error 200,2,20.009,no
CMBO,resolved,NASDAQ,NASDAQ,828647073,,1 contract(s),1,0.102,no
CMBS,resolved,ARCA,ARCA,102436160,,1 contract(s),1,0.106,no
CMDT,resolved,ARCA,ARCA,630097291,,1 contract(s),1,0.100,no
CMDY,resolved,ARCA,ARCA,313372942,,1 contract(s),1,0.131,no
CMF,resolved,ARCA,ARCA,46576893,,1 contract(s),1,0.151,no
CMGG,resolved,NASDAQ,NASDAQ,831425853,,1 contract(s),1,0.137,no
CN,not_found,,,,,no response after 2 attempt(s) — likely IBKR error 200,2,20.004,no
CNBS,resolved,ARCA,ARCA,757861270,,1 contract(s),1,0.095,no
CNCR,not_found,,,,,no response after 2 attempt(s) — likely IBKR error 200,2,20.007,no
CNEQ,resolved,ARCA,ARCA,694990747,,1 contract(s),1,0.110,no
CNQQ,resolved,NASDAQ,NASDAQ,817967736,,1 contract(s),1,0.148,no
CNRG,resolved,ARCA,ARCA,338719513,,1 contract(s),1,0.114,no
CNXT,resolved,ARCA,ARCA,229725573,,1 contract(s),1,0.092,no
CNYA,resolved,BATS,BATS,236798096,,1 contract(s),1,0.112,no
COAL,resolved,ARCA,ARCA,679723600,,1 contract(s),1,0.131,no
COIG,resolved,NASDAQ,NASDAQ,768550579,,1 contract(s),1,0.096,no
COII,not_found,,,,,no response after 2 attempt(s) — likely IBKR error 200,2,20.002,no
COIW,resolved,BATS,BATS,762285105,,1 contract(s),1,0.144,no
COLO,resolved,ARCA,ARCA,417292580,,1 contract(s),1,0.090,no
COM,resolved,ARCA,ARCA,271303327,,1 contract(s),1,0.092,no
COMB,resolved,ARCA,ARCA,276574677,,1 contract(s),1,0.086,no
COMT,resolved,NASDAQ,NASDAQ,170375681,,1 contract(s),1,0.146,no
CONI,resolved,NASDAQ,NASDAQ,806545797,,1 contract(s),1,0.131,no
CONL,resolved,NASDAQ,NASDAQ,578561452,,1 contract(s),1,0.178,no
CONX,resolved,NASDAQ,NASDAQ,832145177,,1 contract(s),1,0.172,no
CONY,resolved,ARCA,ARCA,832260605,,1 contract(s),1,0.113,no
COPJ,resolved,NASDAQ,NASDAQ,611584557,,1 contract(s),1,0.086,no
COPP,resolved,NASDAQ,NASDAQ,688829890,,1 contract(s),1,0.125,no
COPX,resolved,ARCA,ARCA,211651700,,1 contract(s),1,0.092,no
COPY,resolved,ARCA,ARCA,751045853,,1 contract(s),1,0.099,no
CORN,resolved,ARCA,ARCA,76093929,,1 contract(s),1,0.083,no
CORO,resolved,NASDAQ,NASDAQ,746193399,,1 contract(s),1,0.139,no
CORP,resolved,ARCA,ARCA,79360027,,1 contract(s),1,0.104,no
COTG,resolved,NASDAQ,NASDAQ,815036792,,1 contract(s),1,0.147,no
COW,not_found,,,,,no response after 2 attempt(s) — likely IBKR error 200,2,20.004,no
COWG,resolved,NASDAQ,NASDAQ,604737263,,1 contract(s),1,0.128,no
COWS,resolved,NASDAQ,NASDAQ,653579430,,1 contract(s),1,0.126,no
COWZ,resolved,BATS,BATS,259025784,,1 contract(s),1,0.147,no
COYY,resolved,NASDAQ,NASDAQ,888114598,,1 contract(s),1,0.135,no
CPAG,resolved,NASDAQ,NASDAQ,806006279,,1 contract(s),1,0.101,no
CPAI,resolved,NYSE,NYSE,668447006,,1 contract(s),1,0.109,no
CPER,resolved,ARCA,ARCA,97462781,,1 contract(s),1,0.103,no
CPHY,resolved,NASDAQ,NASDAQ,806005740,,1 contract(s),1,0.102,no
CPI,not_found,,,,,no response after 2 attempt(s) — likely IBKR error 200,2,20.005,no
CPII,resolved,ARCA,ARCA,776731858,,1 contract(s),1,0.132,no
CPLB,resolved,ARCA,ARCA,499640630,,1 contract(s),1,0.107,no
CPLS,resolved,NASDAQ,NASDAQ,671097121,,1 contract(s),1,0.112,no
CPNJ,resolved,ARCA,ARCA,707421810,,1 contract(s),1,0.108,no
CPNM,resolved,ARCA,ARCA,765267852,,1 contract(s),1,0.143,no
CPNS,resolved,ARCA,ARCA,726429003,,1 contract(s),1,0.142,no
CPRA,resolved,ARCA,ARCA,772483477,,1 contract(s),1,0.143,no
CPRJ,resolved,ARCA,ARCA,713228999,,1 contract(s),1,0.145,no
CPRO,resolved,ARCA,ARCA,732954643,,1 contract(s),1,0.133,no
CPRY,resolved,ARCA,ARCA,751740367,,1 contract(s),1,0.146,no
CPSA,resolved,ARCA,ARCA,719720030,,1 contract(s),1,0.134,no
CPSF,resolved,ARCA,ARCA,758564144,,1 contract(s),1,0.104,no
CPSJ,resolved,ARCA,ARCA,713229000,,1 contract(s),1,0.104,no
CPSM,resolved,ARCA,ARCA,700520958,,1 contract(s),1,0.108,no
CPSN,resolved,ARCA,ARCA,738738773,,1 contract(s),1,0.111,no
CPSO,resolved,ARCA,ARCA,732963486,,1 contract(s),1,0.141,no
CPSP,resolved,ARCA,ARCA,772483482,,1 contract(s),1,0.103,no
CPSR,resolved,ARCA,ARCA,765267858,,1 contract(s),1,0.106,no
CPST,resolved,ARCA,ARCA,726429006,,1 contract(s),1,0.146,no
CPSU,resolved,ARCA,ARCA,788458123,,1 contract(s),1,0.109,no
CPSY,resolved,ARCA,ARCA,751740369,,1 contract(s),1,0.144,no
CPXR,resolved,ARCA,ARCA,755613143,,1 contract(s),1,0.130,no
CQQQ,resolved,ARCA,ARCA,319355957,,1 contract(s),1,0.104,no
CRAK,resolved,ARCA,ARCA,229725583,,1 contract(s),1,0.127,no
CRBN,resolved,ARCA,ARCA,176371882,,1 contract(s),1,0.149,no
CRCO,resolved,ARCA,ARCA,818627119,,1 contract(s),1,0.107,no
CRDT,resolved,ARCA,ARCA,639336204,,1 contract(s),1,0.333,no
CRED,resolved,ARCA,ARCA,628114152,,1 contract(s),1,0.233,no
CRIT,not_found,,,,,no response after 2 attempt(s) — likely IBKR error 200,2,20.005,no
CRPT,resolved,ARCA,ARCA,516097355,,1 contract(s),1,0.179,no
CRSH,resolved,ARCA,ARCA,832260619,,1 contract(s),1,0.194,no
CRTC,resolved,ARCA,ARCA,665789027,,1 contract(s),1,0.125,no
CRUZ,not_found,,,,,no response after 2 attempt(s) — likely IBKR error 200,2,20.006,no
CRWL,resolved,NASDAQ,NASDAQ,741194657,,1 contract(s),1,0.093,no
CSA,not_found,,,,,no response after 2 attempt(s) — likely IBKR error 200,2,20.001,no
CSB,resolved,NASDAQ,NASDAQ,211076575,,1 contract(s),1,0.125,no
CSCL,resolved,NASDAQ,NASDAQ,794631857,,1 contract(s),1,0.103,no
CSCS,resolved,NASDAQ,NASDAQ,794631855,,1 contract(s),1,0.147,no
CSD,resolved,ARCA,ARCA,319359440,,1 contract(s),1,0.105,no
CSF,not_found,,,,,no response after 2 attempt(s) — likely IBKR error 200,2,20.001,no
CSHI,resolved,ARCA,ARCA,582332998,,1 contract(s),1,0.107,no
CSHP,resolved,ARCA,ARCA,716160977,,1 contract(s),1,0.109,no
CSM,resolved,BATS,BATS,61668375,,1 contract(s),1,0.108,no
CSMD,resolved,ARCA,ARCA,649964865,,1 contract(s),1,0.108,no
CSML,not_found,,,,,no response after 2 attempt(s) — likely IBKR error 200,2,20.005,no
CSNR,resolved,ARCA,ARCA,759148384,,1 contract(s),1,0.109,no
CSPF,resolved,ARCA,ARCA,759148389,,1 contract(s),1,0.106,no
CSRE,resolved,ARCA,ARCA,759148394,,1 contract(s),1,0.143,no
CTA,resolved,ARCA,ARCA,548569420,,1 contract(s),1,0.104,no
CTEC,resolved,NASDAQ,NASDAQ,811021461,,1 contract(s),1,0.138,no
CTEX,resolved,ARCA,ARCA,517867325,,1 contract(s),1,0.146,no
CUBS,not_found,,,,,no response after 2 attempt(s) — likely IBKR error 200,2,20.003,no
CURE,resolved,ARCA,ARCA,89506737,,1 contract(s),1,0.129,no
CUSD,not_found,,,,,no response after 2 attempt(s) — likely IBKR error 200,2,20.001,no
CUT,resolved,ARCA,ARCA,319357059,,1 contract(s),1,0.130,no
CVIE,resolved,ARCA,ARCA,611584512,,1 contract(s),1,0.083,no
CVLC,resolved,ARCA,ARCA,611584517,,1 contract(s),1,0.130,no
CVMC,resolved,ARCA,ARCA,611584527,,1 contract(s),1,0.110,no
CVNY,resolved,ARCA,ARCA,757877641,,1 contract(s),1,0.128,no
CVRD,resolved,ARCA,ARCA,649423274,,1 contract(s),1,0.152,no
CVRT,resolved,ARCA,ARCA,657760462,,1 contract(s),1,0.113,no
CVSB,resolved,ARCA,ARCA,611584532,,1 contract(s),1,0.105,no
CVSE,not_found,,,,,no response after 2 attempt(s) — likely IBKR error 200,2,20.004,no
CVY,resolved,ARCA,ARCA,319357157,,1 contract(s),1,0.101,no
CWB,resolved,ARCA,ARCA,59354075,,1 contract(s),1,0.141,no
CWEB,resolved,ARCA,ARCA,560066423,,1 contract(s),1,0.143,no
CWI,resolved,ARCA,ARCA,45540871,,1 contract(s),1,0.089,no
CWS,resolved,ARCA,ARCA,248755954,,1 contract(s),1,0.101,no
CXSE,resolved,NASDAQ,NASDAQ,113857278,,1 contract(s),1,0.113,no
CYA,not_found,,,,,no response after 2 attempt(s) — likely IBKR error 200,2,20.002,no
CYB,not_found,,,,,no response after 2 attempt(s) — likely IBKR error 200,2,20.005,no
CZA,resolved,ARCA,ARCA,319359329,,1 contract(s),1,0.113,no
CZAR,resolved,NASDAQ,NASDAQ,671347147,,1 contract(s),1,0.087,no
DABS,resolved,ARCA,ARCA,765564767,,1 contract(s),1,0.108,no
DALI,resolved,NASDAQ,NASDAQ,317730384,,1 contract(s),1,0.109,no
DALT,not_found,,,,,no response after 2 attempt(s) — likely IBKR error 200,2,20.003,no
DAPP,resolved,NASDAQ,NASDAQ,481863631,,1 contract(s),1,0.339,no
DAPR,resolved,BATS,BATS,482685232,,1 contract(s),1,0.265,no
DARP,resolved,ARCA,ARCA,650738778,,1 contract(s),1,0.111,no
DAT,resolved,ARCA,ARCA,517867320,,1 contract(s),1,0.111,no
DAUG,resolved,BATS,BATS,390616570,,1 contract(s),1,0.104,no
DAX,resolved,NASDAQ,NASDAQ,346727821,,1 contract(s),1,0.106,no
DBA,resolved,ARCA,ARCA,319355717,,1 contract(s),1,0.142,no
DBAW,resolved,ARCA,ARCA,142896459,,1 contract(s),1,0.147,no
DBB,resolved,ARCA,ARCA,319355727,,1 contract(s),1,0.099,no
DBC,resolved,ARCA,ARCA,319355208,,1 contract(s),1,0.106,no
DBE,resolved,ARCA,ARCA,319355729,,1 contract(s),1,0.133,no
DBEF,resolved,ARCA,ARCA,89380514,,1 contract(s),1,0.130,no
DBEH,not_found,,,,,no response after 2 attempt(s) — likely IBKR error 200,2,20.004,no
DBEM,resolved,ARCA,ARCA,89380519,,1 contract(s),1,0.142,no
DBEU,resolved,ARCA,ARCA,135741455,,1 contract(s),1,0.132,no
DBEZ,resolved,ARCA,ARCA,176477334,,1 contract(s),1,0.147,no
DBGR,not_found,,,,,no response after 2 attempt(s) — likely IBKR error 200,2,20.007,no
DBJA,not_found,,,,,no response after 2 attempt(s) — likely IBKR error 200,2,20.005,no
DBJP,resolved,ARCA,ARCA,89380520,,1 contract(s),1,0.126,no
DBMF,resolved,ARCA,ARCA,515416076,,1 contract(s),1,0.107,no
DBND,resolved,ARCA,ARCA,554413227,,1 contract(s),1,0.103,no
DBO,resolved,ARCA,ARCA,319355742,,1 contract(s),1,0.102,no
DBOC,not_found,,,,,no response after 2 attempt(s) — likely IBKR error 200,2,20.001,no
DBP,resolved,ARCA,ARCA,319355732,,1 contract(s),1,0.136,no
DBS,not_found,,,,,no response after 2 attempt(s) — likely IBKR error 200,2,20.002,no
DBV,not_found,,,,,no response after 2 attempt(s) — likely IBKR error 200,2,20.009,no
DCMT,resolved,ARCA,ARCA,681352393,,1 contract(s),1,0.109,no
DCOR,resolved,ARCA,ARCA,653576406,,1 contract(s),1,0.135,no
DCRE,resolved,ARCA,ARCA,624056269,,1 contract(s),1,0.145,no
DDEC,resolved,BATS,BATS,461481832,,1 contract(s),1,0.104,no
DDFD,resolved,BATS,BATS,835055435,,1 contract(s),1,0.144,no
DDFN,resolved,BATS,BATS,827749245,,1 contract(s),1,0.144,no
DDIV,resolved,NASDAQ,NASDAQ,332383555,,1 contract(s),1,0.105,no
DDLS,resolved,BATS,BATS,218130624,,1 contract(s),1,0.142,no
DDM,resolved,ARCA,ARCA,39622916,,1 contract(s),1,0.138,no
DDTD,resolved,BATS,BATS,835055358,,1 contract(s),1,0.099,no
DDTN,resolved,BATS,BATS,827749222,,1 contract(s),1,0.145,no
DDWM,resolved,BATS,BATS,218130634,,1 contract(s),1,0.132,no
DDX,resolved,BATS,BATS,515658465,,1 contract(s),1,0.146,no
DECO,resolved,NASDAQ,NASDAQ,727816966,,1 contract(s),1,0.106,no
DECT,resolved,BATS,BATS,600686658,,1 contract(s),1,0.146,no
DECW,resolved,BATS,BATS,600686663,,1 contract(s),1,0.145,no
DECZ,resolved,BATS,BATS,805705248,,1 contract(s),1,0.147,no
DEED,resolved,ARCA,ARCA,419875471,,1 contract(s),1,0.149,no
DEEF,resolved,ARCA,ARCA,213617366,,1 contract(s),1,0.109,no
DEEP,resolved,ARCA,ARCA,167259933,,1 contract(s),1,0.133,no
DEF,not_found,,,,,no response after 2 attempt(s) — likely IBKR error 200,2,20.005,no
DEFI,resolved,ARCA,ARCA,675615020,,1 contract(s),1,0.281,no
DEHP,resolved,ARCA,ARCA,558456266,,1 contract(s),1,0.196,no
DEM,resolved,ARCA,ARCA,45138765,,1 contract(s),1,0.167,no
DEMZ,resolved,NASDAQ,NASDAQ,453313506,,1 contract(s),1,0.105,no
DES,resolved,ARCA,ARCA,39615644,,1 contract(s),1,0.102,no
DESK,resolved,ARCA,ARCA,655443303,,1 contract(s),1,0.128,no
DEUS,resolved,ARCA,ARCA,213617369,,1 contract(s),1,0.106,no
DEW,resolved,ARCA,ARCA,39615663,,1 contract(s),1,0.100,no
DEXC,resolved,ARCA,ARCA,741477855,,1 contract(s),1,0.107,no
DFAC,resolved,ARCA,ARCA,496646865,,1 contract(s),1,0.108,no
DFAE,resolved,ARCA,ARCA,458378551,,1 contract(s),1,0.102,no
DFAI,resolved,ARCA,ARCA,455801512,,1 contract(s),1,0.147,no
DFAR,resolved,ARCA,ARCA,546347206,,1 contract(s),1,0.083,no
DFAS,resolved,ARCA,ARCA,496646875,,1 contract(s),1,0.099,no
DFAT,resolved,ARCA,ARCA,496646878,,1 contract(s),1,0.102,no
DFAU,resolved,ARCA,ARCA,455801517,,1 contract(s),1,0.098,no
DFAW,resolved,ARCA,ARCA,656379370,,1 contract(s),1,0.143,no
DFAX,resolved,ARCA,ARCA,513880552,,1 contract(s),1,0.139,no
DFCA,resolved,ARCA,ARCA,639094578,,1 contract(s),1,0.104,no
DFCF,resolved,ARCA,ARCA,526470278,,1 contract(s),1,0.146,no
DFE,resolved,ARCA,ARCA,39615653,,1 contract(s),1,0.127,no
DFEB,resolved,BATS,BATS,404810128,,1 contract(s),1,0.110,no
DFEM,resolved,ARCA,ARCA,558456248,,1 contract(s),1,0.153,no
DFEN,resolved,ARCA,ARCA,274859269,,1 contract(s),1,0.149,no
DFEV,resolved,ARCA,ARCA,558456261,,1 contract(s),1,0.107,no
DFGP,resolved,NASDAQ,NASDAQ,664690514,,1 contract(s),1,0.136,no
DFGR,resolved,ARCA,ARCA,601496539,,1 contract(s),1,0.143,no
DFGX,resolved,NASDAQ,NASDAQ,664690520,,1 contract(s),1,0.110,no
DFHY,not_found,,,,,no response after 2 attempt(s) — likely IBKR error 200,2,20.004,no
DFIC,resolved,BATS,BATS,552592672,,1 contract(s),1,0.098,no
DFII,resolved,ARCA,ARCA,773219289,,1 contract(s),1,0.134,no
DFIP,resolved,ARCA,ARCA,526470281,,1 contract(s),1,0.123,no
DFIS,resolved,BATS,BATS,552592682,,1 contract(s),1,0.140,no
DFIV,resolved,ARCA,ARCA,513880551,,1 contract(s),1,0.099,no
DFJ,resolved,ARCA,ARCA,39615658,,1 contract(s),1,0.102,no
DFLV,resolved,ARCA,ARCA,601496542,,1 contract(s),1,0.104,no
DFND,not_found,,,,,no response after 2 attempt(s) — likely IBKR error 200,2,20.002,no
DFNL,resolved,BATS,BATS,262072215,,1 contract(s),1,0.140,no
DFNM,resolved,ARCA,ARCA,526470284,,1 contract(s),1,0.082,no
DFNV,not_found,,,,,no response after 2 attempt(s) — likely IBKR error 200,2,20.003,no
DFRA,not_found,,,,,no response after 2 attempt(s) — likely IBKR error 200,2,20.012,no
DFSB,resolved,ARCA,ARCA,597691588,,1 contract(s),1,0.109,no
DFSD,resolved,ARCA,ARCA,526470290,,1 contract(s),1,0.155,no
DFSE,resolved,ARCA,ARCA,595177782,,1 contract(s),1,0.108,no
DFSI,resolved,ARCA,ARCA,595177785,,1 contract(s),1,0.106,no
DFSU,resolved,ARCA,ARCA,595177788,,1 contract(s),1,0.112,no
DFSV,resolved,ARCA,ARCA,546347209,,1 contract(s),1,0.128,no
DFUS,resolved,ARCA,ARCA,496646868,,1 contract(s),1,0.161,no
DFUV,resolved,ARCA,ARCA,560578180,,1 contract(s),1,0.199,no
DFVE,resolved,ARCA,ARCA,681352396,,1 contract(s),1,0.167,no
DFVX,resolved,ARCA,ARCA,663373293,,1 contract(s),1,0.103,no
DGCB,resolved,NASDAQ,NASDAQ,664690519,,1 contract(s),1,0.107,no
DGIN,resolved,ARCA,ARCA,544787251,,1 contract(s),1,0.147,no
DGL,not_found,,,,,no response after 2 attempt(s) — likely IBKR error 200,2,20.006,no
DGP,resolved,ARCA,ARCA,49330120,,1 contract(s),1,0.149,no
DGRE,resolved,NASDAQ,NASDAQ,132310197,,1 contract(s),1,0.104,no
DGRO,resolved,ARCA,ARCA,155518915,,1 contract(s),1,0.140,no
DGRS,resolved,NASDAQ,NASDAQ,132009493,,1 contract(s),1,0.108,no
DGRW,resolved,NASDAQ,NASDAQ,128357879,,1 contract(s),1,0.096,no
DGS,resolved,ARCA,ARCA,47012106,,1 contract(s),1,0.094,no
DGT,resolved,ARCA,ARCA,45540649,,1 contract(s),1,0.108,no
DGZ,resolved,ARCA,ARCA,49330119,,1 contract(s),1,0.110,no
DHDG,resolved,BATS,BATS,736374569,,1 contract(s),1,0.140,no
DHLX,resolved,ARCA,ARCA,817976197,,1 contract(s),1,0.100,no
DHS,resolved,ARCA,ARCA,39579991,,1 contract(s),1,0.128,no
DHSB,resolved,ARCA,ARCA,760977801,,1 contract(s),1,0.102,no
DIA,resolved,ARCA,ARCA,73128548,,1 contract(s),1,0.146,no
DIAL,resolved,ARCA,ARCA,292181029,,1 contract(s),1,0.149,no
DIEM,resolved,ARCA,ARCA,235869593,,1 contract(s),1,0.147,no
DIG,resolved,ARCA,ARCA,416180812,,1 contract(s),1,0.131,no
DIHP,resolved,BATS,BATS,552592677,,1 contract(s),1,0.147,no
DIM,resolved,ARCA,ARCA,39615648,,1 contract(s),1,0.148,no
DIME,resolved,NASDAQ,NASDAQ,820571558,,1 contract(s),1,0.113,no
DINT,resolved,BATS,BATS,309221203,,1 contract(s),1,0.106,no
DIPS,resolved,ARCA,ARCA,832260612,,1 contract(s),1,0.111,no
DISO,not_found,,,,,no response after 2 attempt(s) — likely IBKR error 200,2,20.009,no
DISV,resolved,BATS,BATS,552592687,,1 contract(s),1,0.144,no
DIV,resolved,ARCA,ARCA,123957486,,1 contract(s),1,0.101,no
DIVB,resolved,BATS,BATS,295518926,,1 contract(s),1,0.110,no
DIVD,resolved,NASDAQ,NASDAQ,588579233,,1 contract(s),1,0.143,no
DIVE,resolved,ARCA,ARCA,814089442,,1 contract(s),1,0.106,no
DIVG,resolved,ARCA,ARCA,669799077,,1 contract(s),1,0.108,no
DIVI,resolved,ARCA,ARCA,235869638,,1 contract(s),1,0.135,no
DIVL,resolved,ARCA,ARCA,648095356,,1 contract(s),1,0.152,no
DIVO,resolved,ARCA,ARCA,258675284,,1 contract(s),1,0.151,no
DIVP,resolved,ARCA,ARCA,688829895,,1 contract(s),1,0.149,no
DIVS,resolved,ARCA,ARCA,479429927,,1 contract(s),1,0.111,no
DIVY,resolved,NYSE,NYSE,463104653,,1 contract(s),1,0.107,no
DIVZ,resolved,ARCA,ARCA,791478294,,1 contract(s),1,0.146,no
DJAN,resolved,BATS,BATS,466204222,,1 contract(s),1,0.102,no
DJCB,not_found,,,,,no response after 2 attempt(s) — likely IBKR error 200,2,20.005,no
DJD,resolved,ARCA,ARCA,319355962,,1 contract(s),1,0.105,no
DJIA,resolved,ARCA,ARCA,546347212,,1 contract(s),1,0.089,no
DJP,resolved,ARCA,ARCA,39537285,,1 contract(s),1,0.090,no
DJUL,resolved,BATS,BATS,435429751,,1 contract(s),1,0.100,no
DJUN,resolved,BATS,BATS,428729916,,1 contract(s),1,0.102,no
DLLL,resolved,NASDAQ,NASDAQ,760970919,,1 contract(s),1,0.148,no
DLN,resolved,ARCA,ARCA,39579980,,1 contract(s),1,0.129,no
DLS,resolved,ARCA,ARCA,39832868,,1 contract(s),1,0.162,no
DMAR,resolved,BATS,BATS,478106570,,1 contract(s),1,0.099,no
DMAT,not_found,,,,,no response after 2 attempt(s) — likely IBKR error 200,2,20.007,no
DMAY,resolved,BATS,BATS,422619595,,1 contract(s),1,0.188,no
DMBS,resolved,ARCA,ARCA,624056275,,1 contract(s),1,0.116,no
DMCY,not_found,,,,,no response after 2 attempt(s) — likely IBKR error 200,2,20.005,no
DMDV,not_found,,,,,no response after 2 attempt(s) — likely IBKR error 200,2,20.007,no
DMX,resolved,ARCA,ARCA,745689114,,1 contract(s),1,0.110,no
DMXF,resolved,NASDAQ,NASDAQ,427788900,,1 contract(s),1,0.104,no
DNL,resolved,ARCA,ARCA,39832878,,1 contract(s),1,0.131,no
DNOV,resolved,BATS,BATS,391638331,,1 contract(s),1,0.152,no
DOCT,resolved,BATS,BATS,450760888,,1 contract(s),1,0.146,no
DOG,resolved,ARCA,ARCA,317467468,,1 contract(s),1,0.100,no
DOGG,resolved,BATS,BATS,628017178,,1 contract(s),1,0.146,no
DOL,resolved,ARCA,ARCA,39982956,,1 contract(s),1,0.124,no
DON,resolved,ARCA,ARCA,39579977,,1 contract(s),1,0.130,no
DOZR,not_found,,,,,no response after 2 attempt(s) — likely IBKR error 200,2,20.006,no
DPST,resolved,ARCA,ARCA,631334034,,1 contract(s),1,0.146,no
DRAI,resolved,ARCA,ARCA,714607791,,1 contract(s),1,0.104,no
DRAY,resolved,ARCA,ARCA,798837436,,1 contract(s),1,0.147,no
DRIP,resolved,ARCA,ARCA,892340397,,1 contract(s),1,0.101,no
DRIV,resolved,NASDAQ,NASDAQ,314376951,,1 contract(s),1,0.174,no
DRLL,resolved,NYSE,NYSE,578413063,,1 contract(s),1,0.092,no
DRN,resolved,ARCA,ARCA,61760197,,1 contract(s),1,0.095,no
DRNZ,resolved,NASDAQ,NASDAQ,826876753,,1 contract(s),1,0.135,no
DRSK,resolved,BATS,BATS,328860309,,1 contract(s),1,0.141,no
DRUP,resolved,ARCA,ARCA,386383346,,1 contract(s),1,0.086,no
DRV,resolved,ARCA,ARCA,517414298,,1 contract(s),1,0.127,no
DRVN,resolved,NASDAQ,NASDAQ,465362637,,1 contract(s),1,0.154,no
DSCF,not_found,,,,,no response after 2 attempt(s) — likely IBKR error 200,2,20.005,no
DSEP,resolved,BATS,BATS,446220123,,1 contract(s),1,0.110,no
DSI,resolved,ARCA,ARCA,41612012,,1 contract(s),1,0.140,no
DSJA,not_found,,,,,no response after 2 attempt(s) — likely IBKR error 200,2,20.008,no
DSMC,resolved,NYSE,NYSE,589896897,,1 contract(s),1,0.134,no
DSOC,not_found,,,,,no response after 2 attempt(s) — likely IBKR error 200,2,20.004,no
DSPY,resolved,ARCA,ARCA,772518037,,1 contract(s),1,0.147,no
DSTL,resolved,ARCA,ARCA,338831043,,1 contract(s),1,0.105,no
DSTX,resolved,NYSE,NYSE,460347739,,1 contract(s),1,0.103,no
DTAN,resolved,ARCA,ARCA,727533419,,1 contract(s),1,0.105,no
DTCR,resolved,NASDAQ,NASDAQ,452380718,,1 contract(s),1,0.207,no
DTD,resolved,ARCA,ARCA,39622923,,1 contract(s),1,0.183,no
DTEC,resolved,ARCA,ARCA,301303420,,1 contract(s),1,0.089,no
DTH,resolved,ARCA,ARCA,41033481,,1 contract(s),1,0.107,no
DTRE,resolved,ARCA,ARCA,46035704,,1 contract(s),1,0.111,no
DUBS,resolved,BATS,BATS,636384975,,1 contract(s),1,0.150,no
DUDE,not_found,,,,,no response after 2 attempt(s) — likely IBKR error 200,2,20.008,no
DUG,resolved,ARCA,ARCA,738524022,,1 contract(s),1,0.189,no
DUHP,resolved,ARCA,ARCA,546347203,,1 contract(s),1,0.178,no
DUKH,resolved,NASDAQ,NASDAQ,715040956,,1 contract(s),1,0.164,no
DUKQ,resolved,ARCA,ARCA,715040950,,1 contract(s),1,0.104,no
DUKX,resolved,NASDAQ,NASDAQ,715040961,,1 contract(s),1,0.110,no
DUKZ,resolved,ARCA,ARCA,715040947,,1 contract(s),1,0.102,no
DULL,resolved,ARCA,ARCA,854937679,,1 contract(s),1,0.139,no
DUNK,resolved,ARCA,ARCA,814089447,,1 contract(s),1,0.107,no
DURA,resolved,BATS,BATS,339976285,,1 contract(s),1,0.150,no
DUSA,resolved,BATS,BATS,262072216,,1 contract(s),1,0.149,no
DUSB,resolved,ARCA,ARCA,656379365,,1 contract(s),1,0.146,no
DUSL,resolved,ARCA,ARCA,274859303,,1 contract(s),1,0.128,no
DUST,resolved,ARCA,ARCA,854074819,,1 contract(s),1,0.141,no
DVAL,resolved,NASDAQ,NASDAQ,594761657,,1 contract(s),1,0.148,no
DVDN,resolved,ARCA,ARCA,663376401,,1 contract(s),1,0.109,no
DVGR,resolved,NASDAQ,NASDAQ,836770572,,1 contract(s),1,0.108,no
DVLU,resolved,NASDAQ,NASDAQ,332383616,,1 contract(s),1,0.100,no
DVND,resolved,ARCA,ARCA,577756837,,1 contract(s),1,0.154,no
DVOL,resolved,NASDAQ,NASDAQ,332383615,,1 contract(s),1,0.152,no
DVY,resolved,NASDAQ,NASDAQ,26653236,,1 contract(s),1,0.142,no
DVYA,resolved,ARCA,ARCA,103319966,,1 contract(s),1,0.102,no
DVYE,resolved,ARCA,ARCA,103319970,,1 contract(s),1,0.093,no
DWAC,not_found,,,,,no response after 2 attempt(s) — likely IBKR error 200,2,20.008,no
DWAS,resolved,NASDAQ,NASDAQ,320226777,,1 contract(s),1,0.112,no
DWAT,not_found,,,,,no response after 2 attempt(s) — likely IBKR error 200,2,20.007,no
DWAW,resolved,NASDAQ,NASDAQ,397514109,,1 contract(s),1,0.103,no
DWCR,not_found,,,,,no response after 2 attempt(s) — likely IBKR error 200,2,20.004,no
DWEQ,not_found,,,,,no response after 2 attempt(s) — likely IBKR error 200,2,20.004,no
DWLD,resolved,BATS,BATS,262072221,,1 contract(s),1,0.157,no
DWM,resolved,ARCA,ARCA,39832865,,1 contract(s),1,0.162,no
DWMC,not_found,,,,,no response after 2 attempt(s) — likely IBKR error 200,2,20.008,no
DWMF,resolved,ARCA,ARCA,329173927,,1 contract(s),1,0.145,no
DWSH,resolved,NASDAQ,NASDAQ,325456978,,1 contract(s),1,0.148,no
DWUS,resolved,NASDAQ,NASDAQ,397514103,,1 contract(s),1,0.107,no
DWX,resolved,ARCA,ARCA,48979499,,1 contract(s),1,0.113,no
DXD,resolved,ARCA,ARCA,535288440,,1 contract(s),1,0.111,no
DXGE,not_found,,,,,no response after 2 attempt(s) — likely IBKR error 200,2,20.007,no
DXIV,resolved,ARCA,ARCA,727984319,,1 contract(s),1,0.109,no
DXJ,resolved,ARCA,ARCA,39832875,,1 contract(s),1,0.152,no
DXJS,not_found,,,,,no response after 2 attempt(s) — likely IBKR error 200,2,20.007,no
DXUV,resolved,ARCA,ARCA,727984322,,1 contract(s),1,0.126,no
DYFI,resolved,NASDAQ,NASDAQ,676783267,,1 contract(s),1,0.105,no
DYLD,resolved,ARCA,ARCA,499901326,,1 contract(s),1,0.150,no
DYLG,resolved,ARCA,ARCA,644595832,,1 contract(s),1,0.131,no
DYNB,resolved,NASDAQ,NASDAQ,817192871,,1 contract(s),1,0.146,no
DYNF,resolved,ARCA,ARCA,358367656,,1 contract(s),1,0.140,no
DYNI,not_found,,,,,no response after 2 attempt(s) — likely IBKR error 200,2,20.008,no
DYTA,resolved,NASDAQ,NASDAQ,633584566,,1 contract(s),1,0.143,no
DZZ,resolved,ARCA,ARCA,49330114,,1 contract(s),1,0.104,no
EAFG,resolved,ARCA,ARCA,692197712,,1 contract(s),1,0.166,no
EAGG,resolved,ARCA,ARCA,338719585,,1 contract(s),1,0.206,no
EAGL,resolved,ARCA,ARCA,692783518,,1 contract(s),1,0.184,no
EALT,resolved,BATS,BATS,657517496,,1 contract(s),1,0.149,no
EAOA,resolved,BATS,BATS,427788882,,1 contract(s),1,0.147,no
EAOK,resolved,BATS,BATS,427788887,,1 contract(s),1,0.147,no
EAOM,resolved,BATS,BATS,427788893,,1 contract(s),1,0.145,no
EAOR,resolved,BATS,BATS,427788888,,1 contract(s),1,0.143,no
EAPR,resolved,ARCA,ARCA,479807326,,1 contract(s),1,0.109,no
EART,resolved,NASDAQ,NASDAQ,540920354,,1 contract(s),1,0.113,no
EASG,resolved,ARCA,ARCA,332383610,,1 contract(s),1,0.104,no
EASY,resolved,NASDAQ,NASDAQ,818268341,,1 contract(s),1,0.112,no
EATV,not_found,,,,,no response after 2 attempt(s) — likely IBKR error 200,2,20.006,no
EATZ,not_found,,,,,no response after 2 attempt(s) — likely IBKR error 200,2,20.006,no
EBI,resolved,NASDAQ,NASDAQ,764476541,,1 contract(s),1,0.150,no
EBIT,resolved,ARCA,ARCA,714792001,,1 contract(s),1,0.108,no
EBIZ,resolved,NASDAQ,NASDAQ,343696665,,1 contract(s),1,0.192,no
EBLU,not_found,,,,,no response after 2 attempt(s) — likely IBKR error 200,2,20.009,no
EBND,resolved,ARCA,ARCA,84648107,,1 contract(s),1,0.111,no
EBUF,resolved,ARCA,ARCA,713229005,,1 contract(s),1,0.142,no
ECH,resolved,BATS,BATS,47202521,,1 contract(s),1,0.113,no
ECLN,not_found,,,,,no response after 2 attempt(s) — likely IBKR error 200,2,20.005,no
ECML,resolved,ARCA,ARCA,631370172,,1 contract(s),1,0.152,no
ECNS,resolved,ARCA,ARCA,79535073,,1 contract(s),1,0.093,no
ECON,resolved,ARCA,ARCA,251383234,,1 contract(s),1,0.113,no
ECOW,resolved,NASDAQ,NASDAQ,364402913,,1 contract(s),1,0.090,no
ECOZ,not_found,,,,,no response after 2 attempt(s) — likely IBKR error 200,2,20.008,no
EDC,resolved,ARCA,ARCA,225312853,,1 contract(s),1,0.135,no
EDEN,resolved,BATS,BATS,101484814,,1 contract(s),1,0.162,no
EDGF,resolved,ARCA,ARCA,732970586,,1 contract(s),1,0.149,no
EDGH,resolved,ARCA,ARCA,732970591,,1 contract(s),1,0.138,no
EDGI,resolved,ARCA,ARCA,733167956,,1 contract(s),1,0.105,no
EDGU,resolved,ARCA,ARCA,732970595,,1 contract(s),1,0.127,no
EDIV,resolved,ARCA,ARCA,84648110,,1 contract(s),1,0.170,no
EDOC,not_found,,,,,no response after 2 attempt(s) — likely IBKR error 200,2,20.006,no
EDOG,resolved,ARCA,ARCA,147540583,,1 contract(s),1,0.109,no
EDOW,resolved,ARCA,ARCA,285217681,,1 contract(s),1,0.130,no
EDUT,not_found,,,,,no response after 2 attempt(s) — likely IBKR error 200,2,20.003,no
EDV,resolved,ARCA,ARCA,47486780,,1 contract(s),1,0.145,no
EDZ,resolved,ARCA,ARCA,812475662,,1 contract(s),1,0.100,no
EELV,resolved,ARCA,ARCA,319357162,,1 contract(s),1,0.131,no
EEM,resolved,ARCA,ARCA,6604766,,1 contract(s),1,0.147,no
EEMA,resolved,NASDAQ,NASDAQ,102121682,,1 contract(s),1,0.154,no
EEMD,not_found,,,,,no response after 2 attempt(s) — likely IBKR error 200,2,20.006,no
EEMO,resolved,ARCA,ARCA,319359365,,1 contract(s),1,0.150,no
EEMS,resolved,ARCA,ARCA,92976375,,1 contract(s),1,0.117,no
EEMV,resolved,BATS,BATS,96079926,,1 contract(s),1,0.109,no
EEMX,resolved,ARCA,ARCA,253211277,,1 contract(s),1,0.152,no
EES,resolved,ARCA,ARCA,43149374,,1 contract(s),1,0.093,no
EET,resolved,ARCA,ARCA,60754512,,1 contract(s),1,0.129,no
EETH,resolved,ARCA,ARCA,657517466,,1 contract(s),1,0.090,no
EEV,resolved,ARCA,ARCA,828937786,,1 contract(s),1,0.090,no
EFA,resolved,ARCA,ARCA,13002510,,1 contract(s),1,0.105,no
EFAA,resolved,ARCA,ARCA,715889169,,1 contract(s),1,0.106,no
EFAD,resolved,BATS,BATS,164701799,,1 contract(s),1,0.104,no
EFAS,resolved,NASDAQ,NASDAQ,255495341,,1 contract(s),1,0.110,no
EFAV,resolved,BATS,BATS,96079923,,1 contract(s),1,0.143,no
EFAX,resolved,ARCA,ARCA,253210617,,1 contract(s),1,0.143,no
EFG,resolved,BATS,BATS,35158180,,1 contract(s),1,0.151,no
EFIV,resolved,ARCA,ARCA,436816450,,1 contract(s),1,0.149,no
EFIX,not_found,,,,,no response after 2 attempt(s) — likely IBKR error 200,2,20.009,no
EFNL,resolved,BATS,BATS,101484816,,1 contract(s),1,0.154,no
EFO,resolved,ARCA,ARCA,60754510,,1 contract(s),1,0.137,no
EFRA,resolved,NASDAQ,NASDAQ,595398654,,1 contract(s),1,0.173,no
EFU,resolved,ARCA,ARCA,738523983,,1 contract(s),1,0.157,no
EFUT,not_found,,,,,no response after 2 attempt(s) — likely IBKR error 200,2,20.011,no
EFV,resolved,BATS,BATS,35158187,,1 contract(s),1,0.111,no
EFZ,resolved,ARCA,ARCA,882360039,,1 contract(s),1,0.094,no
EGGQ,resolved,NASDAQ,NASDAQ,751352176,,1 contract(s),1,0.105,no
EGGS,resolved,ARCA,ARCA,751057932,,1 contract(s),1,0.112,no
EGGY,resolved,ARCA,ARCA,751057929,,1 contract(s),1,0.110,no
EGIS,not_found,,,,,no response after 2 attempt(s) — likely IBKR error 200,2,20.005,no
EGLE,resolved,ARCA,ARCA,777452202,,1 contract(s),1,0.145,no
EGPT,not_found,,,,,no response after 2 attempt(s) — likely IBKR error 200,2,20.006,no
EGUS,resolved,BATS,BATS,611584546,,1 contract(s),1,0.143,no
EHLS,resolved,NASDAQ,NASDAQ,694607256,,1 contract(s),1,0.146,no
EIDO,resolved,ARCA,ARCA,75064556,,1 contract(s),1,0.146,no
EINC,resolved,ARCA,ARCA,415578504,,1 contract(s),1,0.185,no
EIPI,resolved,ARCA,ARCA,701241352,,1 contract(s),1,0.160,no
EIPX,resolved,ARCA,ARCA,595398651,,1 contract(s),1,0.155,no
EIRL,resolved,ARCA,ARCA,75064567,,1 contract(s),1,0.101,no
EIS,resolved,ARCA,ARCA,49954171,,1 contract(s),1,0.109,no
EJAN,resolved,ARCA,ARCA,397813625,,1 contract(s),1,0.149,no
EJUL,resolved,ARCA,ARCA,373323069,,1 contract(s),1,0.112,no
EKG,resolved,NASDAQ,NASDAQ,552352768,,1 contract(s),1,0.145,no
ELCV,resolved,ARCA,ARCA,732767216,,1 contract(s),1,0.110,no
ELD,resolved,ARCA,ARCA,77806184,,1 contract(s),1,0.115,no
ELFY,resolved,NASDAQ,NASDAQ,775826031,,1 contract(s),1,0.187,no
ELIL,resolved,NASDAQ,NASDAQ,771551303,,1 contract(s),1,0.091,no
ELIS,not_found,,,,,no response after 2 attempt(s) — likely IBKR error 200,2,20.004,no
ELM,resolved,ARCA,ARCA,760582720,,1 contract(s),1,0.134,no
EMB,resolved,NASDAQ,NASDAQ,47649504,,1 contract(s),1,0.093,no
EMBD,resolved,ARCA,ARCA,425010517,,1 contract(s),1,0.087,no
EMC,resolved,ARCA,ARCA,630724899,,1 contract(s),1,0.104,no
EMCB,resolved,NASDAQ,NASDAQ,103871303,,1 contract(s),1,0.105,no
EMCC,not_found,,,,,no response after 2 attempt(s) — likely IBKR error 200,2,20.006,no
EMCR,resolved,ARCA,ARCA,344683061,,1 contract(s),1,0.109,no
EMCS,resolved,ARCA,ARCA,344683066,,1 contract(s),1,0.113,no
EMDM,resolved,ARCA,ARCA,617711095,,1 contract(s),1,0.145,no
EMDV,resolved,BATS,BATS,220581761,,1 contract(s),1,0.114,no
EMEQ,resolved,NASDAQ,NASDAQ,726945413,,1 contract(s),1,0.108,no
EMES,resolved,ARCA,ARCA,783906343,,1 contract(s),1,0.150,no
EMET,resolved,ARCA,ARCA,525892616,,1 contract(s),1,0.152,no
EMFM,not_found,,,,,no response after 2 attempt(s) — likely IBKR error 200,2,20.006,no
EMFQ,not_found,,,,,no response after 2 attempt(s) — likely IBKR error 200,2,20.006,no
EMGF,resolved,BATS,BATS,214809502,,1 contract(s),1,0.112,no
EMHC,resolved,ARCA,ARCA,480752674,,1 contract(s),1,0.147,no
EMHY,resolved,BATS,BATS,105443044,,1 contract(s),1,0.144,no
EMIF,resolved,NASDAQ,NASDAQ,60910576,,1 contract(s),1,0.151,no
EMLC,resolved,ARCA,ARCA,337332930,,1 contract(s),1,0.132,no
EMLP,resolved,ARCA,ARCA,109561289,,1 contract(s),1,0.108,no
EMM,resolved,ARCA,ARCA,630724902,,1 contract(s),1,0.103,no
EMMF,resolved,ARCA,ARCA,329173922,,1 contract(s),1,0.147,no
EMNT,resolved,ARCA,ARCA,395294913,,1 contract(s),1,0.109,no
EMOP,resolved,ARCA,ARCA,792065718,,1 contract(s),1,0.108,no
EMOT,resolved,ARCA,ARCA,712414329,,1 contract(s),1,0.154,no
EMQQ,resolved,ARCA,ARCA,173505234,,1 contract(s),1,0.139,no
EMSF,resolved,ARCA,ARCA,655889550,,1 contract(s),1,0.106,no
EMSG,not_found,,,,,no response after 2 attempt(s) — likely IBKR error 200,2,20.008,no
EMTL,not_found,,,,,no response after 2 attempt(s) — likely IBKR error 200,2,20.007,no
EMTY,resolved,ARCA,ARCA,882360040,,1 contract(s),1,0.083,no
EMXC,resolved,NASDAQ,NASDAQ,282856694,,1 contract(s),1,0.102,no
EMXF,resolved,NASDAQ,NASDAQ,449074361,,1 contract(s),1,0.101,no
ENDW,resolved,NASDAQ,NASDAQ,775826331,,1 contract(s),1,0.104,no
ENFR,resolved,ARCA,ARCA,137736437,,1 contract(s),1,0.097,no
ENHU,resolved,NASDAQ,NASDAQ,828640217,,1 contract(s),1,0.468,no
ENOR,resolved,BATS,BATS,101331172,,1 contract(s),1,0.391,no
ENTR,not_found,,,,,no response after 2 attempt(s) — likely IBKR error 200,2,20.006,no
ENZL,resolved,NASDAQ,NASDAQ,78615696,,1 contract(s),1,0.203,no
EOCT,resolved,ARCA,ARCA,518304434,,1 contract(s),1,0.150,no
EPHE,resolved,ARCA,ARCA,79535064,,1 contract(s),1,0.106,no
EPI,resolved,ARCA,ARCA,49284274,,1 contract(s),1,0.106,no
EPMB,resolved,ARCA,ARCA,781264629,,1 contract(s),1,0.117,no
EPOL,resolved,ARCA,ARCA,75778782,,1 contract(s),1,0.094,no
EPP,resolved,ARCA,ARCA,14501606,,1 contract(s),1,0.141,no
EPRF,resolved,BATS,BATS,519070807,,1 contract(s),1,0.107,no
EPS,resolved,ARCA,ARCA,43149379,,1 contract(s),1,0.108,no
EPSB,resolved,ARCA,ARCA,781264639,,1 contract(s),1,0.101,no
EPSV,resolved,ARCA,ARCA,781264641,,1 contract(s),1,0.104,no
EPU,resolved,ARCA,ARCA,60930797,,1 contract(s),1,0.130,no
EPV,resolved,ARCA,ARCA,738524649,,1 contract(s),1,0.135,no
EQAL,resolved,ARCA,ARCA,319357074,,1 contract(s),1,0.154,no
EQIN,resolved,ARCA,ARCA,706720006,,1 contract(s),1,0.109,no
EQL,resolved,ARCA,ARCA,61602188,,1 contract(s),1,0.108,no
EQLS,not_found,,,,,no response after 2 attempt(s) — likely IBKR error 200,2,20.003,no
EQLT,resolved,BATS,BATS,726981930,,1 contract(s),1,0.152,no
EQOP,not_found,,,,,no response after 2 attempt(s) — likely IBKR error 200,2,20.010,no
EQRR,resolved,NASDAQ,NASDAQ,282747276,,1 contract(s),1,0.145,no
EQTY,resolved,ARCA,ARCA,602111295,,1 contract(s),1,0.082,no
EQUL,not_found,,,,,no response after 2 attempt(s) — likely IBKR error 200,2,20.006,no
EQWL,resolved,ARCA,ARCA,319357128,,1 contract(s),1,0.138,no
ERET,resolved,NASDAQ,NASDAQ,598082589,,1 contract(s),1,0.101,no
ERM,not_found,,,,,no response after 2 attempt(s) — likely IBKR error 200,2,20.008,no
ERNZ,not_found,,,,,no response after 2 attempt(s) — likely IBKR error 200,2,20.005,no
ERSX,not_found,,,,,no response after 2 attempt(s) — likely IBKR error 200,2,20.006,no
ERTH,resolved,ARCA,ARCA,319355933,,1 contract(s),1,0.140,no
ERX,resolved,ARCA,ARCA,409199138,,1 contract(s),1,0.143,no
ERY,resolved,ARCA,ARCA,560066434,,1 contract(s),1,0.137,no
ESCR,not_found,,,,,no response after 2 attempt(s) — likely IBKR error 200,2,20.005,no
ESEB,not_found,,,,,no response after 2 attempt(s) — likely IBKR error 200,2,20.005,no
ESG,resolved,BATS,BATS,240493879,,1 contract(s),1,0.113,no
ESGA,not_found,,,,,no response after 2 attempt(s) — likely IBKR error 200,2,20.009,no
ESGB,not_found,,,,,no response after 2 attempt(s) — likely IBKR error 200,2,20.008,no
ESGD,resolved,NASDAQ,NASDAQ,238760476,,1 contract(s),1,0.132,no
ESGE,resolved,NASDAQ,NASDAQ,238760480,,1 contract(s),1,0.109,no
ESGG,resolved,BATS,BATS,240493874,,1 contract(s),1,0.135,no
ESGL,not_found,,,,,no response after 2 attempt(s) — likely IBKR error 200,2,20.006,no
ESGN,not_found,,,,,no response after 2 attempt(s) — likely IBKR error 200,2,20.008,no
ESGS,not_found,,,,,no response after 2 attempt(s) — likely IBKR error 200,2,20.004,no
ESGU,resolved,NASDAQ,NASDAQ,257689263,,1 contract(s),1,0.241,no
ESGV,resolved,BATS,BATS,333970434,,1 contract(s),1,0.110,no
ESGY,not_found,,,,,no response after 2 attempt(s) — likely IBKR error 200,2,20.003,no
ESHY,not_found,,,,,no response after 2 attempt(s) — likely IBKR error 200,2,20.006,no
ESIX,not_found,,,,,no response after 2 attempt(s) — likely IBKR error 200,2,20.006,no
ESLG,resolved,ARCA,ARCA,818626140,,1 contract(s),1,0.206,no
ESLV,resolved,ARCA,ARCA,818627010,,1 contract(s),1,0.099,no
ESML,resolved,BATS,BATS,313845618,,1 contract(s),1,0.103,no
ESMV,resolved,NASDAQ,NASDAQ,524337275,,1 contract(s),1,0.150,no
ESN,resolved,NASDAQ,NASDAQ,736653591,,1 contract(s),1,0.103,no
ESPO,resolved,NASDAQ,NASDAQ,337611936,,1 contract(s),1,0.089,no
ESSC,resolved,ARCA,ARCA,818627060,,1 contract(s),1,0.095,no
ESUM,resolved,ARCA,ARCA,748629181,,1 contract(s),1,0.103,no
ESUS,not_found,,,,,no response after 2 attempt(s) — likely IBKR error 200,2,20.007,no
ETCO,resolved,ARCA,ARCA,811735326,,1 contract(s),1,0.107,no
ETEC,resolved,NASDAQ,NASDAQ,622498037,,1 contract(s),1,0.136,no
ETH,resolved,ARCA,ARCA,741192239,,1 contract(s),1,0.150,no
ETHD,resolved,ARCA,ARCA,828937757,,1 contract(s),1,0.142,no
ETHE,resolved,ARCA,ARCA,372707395,,1 contract(s),1,0.126,no
ETHO,resolved,ARCA,ARCA,680620611,,1 contract(s),1,0.147,no
ETHT,resolved,ARCA,ARCA,788426882,,1 contract(s),1,0.115,no
ETHU,resolved,BATS,BATS,772202980,,1 contract(s),1,0.142,no
ETHV,resolved,BATS,BATS,717810521,,1 contract(s),1,0.140,no
ETHW,resolved,ARCA,ARCA,717810518,,1 contract(s),1,0.087,no
ETRL,not_found,,,,,no response after 2 attempt(s) — likely IBKR error 200,2,20.007,no
EUDG,resolved,ARCA,ARCA,150699947,,1 contract(s),1,0.171,no
EUDV,resolved,BATS,BATS,206203687,,1 contract(s),1,0.140,no
EUFN,resolved,NASDAQ,NASDAQ,72086400,,1 contract(s),1,0.104,no
EUHY,resolved,BATS,BATS,105443051,,1 contract(s),1,0.111,no
EUM,resolved,ARCA,ARCA,738523404,,1 contract(s),1,0.103,no
EUO,resolved,ARCA,ARCA,56238873,,1 contract(s),1,0.083,no
EURL,resolved,ARCA,ARCA,142839689,,1 contract(s),1,0.103,no
EUSA,resolved,ARCA,ARCA,75064562,,1 contract(s),1,0.101,no
EUSB,resolved,ARCA,ARCA,429664993,,1 contract(s),1,0.150,no
EUSC,not_found,,,,,no response after 2 attempt(s) — likely IBKR error 200,2,20.002,no
EV,not_found,,,,,no response after 2 attempt(s) — likely IBKR error 200,2,20.004,no
EVAV,not_found,,,,,no response after 2 attempt(s) — likely IBKR error 200,2,20.005,no
EVHY,resolved,ARCA,ARCA,660148232,,1 contract(s),1,0.142,no
EVIM,resolved,ARCA,ARCA,660148237,,1 contract(s),1,0.107,no
EVLN,resolved,ARCA,ARCA,682650032,,1 contract(s),1,0.107,no
EVMT,resolved,NASDAQ,NASDAQ,558456273,,1 contract(s),1,0.090,no
EVNT,resolved,ARCA,ARCA,515416487,,1 contract(s),1,0.180,no
EVSB,resolved,ARCA,ARCA,660148243,,1 contract(s),1,0.180,no
EVSD,resolved,NASDAQ,NASDAQ,709593507,,1 contract(s),1,0.120,no
EVSM,resolved,ARCA,ARCA,692783787,,1 contract(s),1,0.103,no
EVTR,resolved,NYSE,NYSE,692783790,,1 contract(s),1,0.147,no
EVUS,resolved,BATS,BATS,611584551,,1 contract(s),1,0.136,no
EVX,resolved,ARCA,ARCA,229726303,,1 contract(s),1,0.143,no
EVYM,resolved,NASDAQ,NASDAQ,764737916,,1 contract(s),1,0.142,no
EWA,resolved,ARCA,ARCA,2586606,,1 contract(s),1,0.088,no
EWC,resolved,ARCA,ARCA,2586548,,1 contract(s),1,0.139,no
EWCO,not_found,,,,,no response after 2 attempt(s) — likely IBKR error 200,2,20.005,no
EWD,resolved,ARCA,ARCA,2586593,,1 contract(s),1,0.105,no
EWEB,not_found,,,,,no response after 2 attempt(s) — likely IBKR error 200,2,20.002,no
EWG,resolved,ARCA,ARCA,2586603,,1 contract(s),1,0.126,no
EWGS,not_found,,,,,no response after 2 attempt(s) — likely IBKR error 200,2,20.001,no
EWH,resolved,ARCA,ARCA,2586543,,1 contract(s),1,0.183,no
EWI,resolved,ARCA,ARCA,253190540,,1 contract(s),1,0.111,no
EWJ,resolved,ARCA,ARCA,253190534,,1 contract(s),1,0.139,no
EWJV,resolved,NASDAQ,NASDAQ,356101472,,1 contract(s),1,0.151,no
EWK,resolved,ARCA,ARCA,2586538,,1 contract(s),1,0.110,no
EWL,resolved,ARCA,ARCA,2586589,,1 contract(s),1,0.134,no
EWM,resolved,ARCA,ARCA,253190521,,1 contract(s),1,0.132,no
EWMC,not_found,,,,,no response after 2 attempt(s) — likely IBKR error 200,2,20.002,no
EWN,resolved,ARCA,ARCA,2586583,,1 contract(s),1,0.110,no
EWO,resolved,ARCA,ARCA,2586608,,1 contract(s),1,0.108,no
EWP,resolved,ARCA,ARCA,2586596,,1 contract(s),1,0.142,no
EWQ,resolved,ARCA,ARCA,2586555,,1 contract(s),1,0.148,no
EWRE,not_found,,,,,no response after 2 attempt(s) — likely IBKR error 200,2,20.004,no
EWS,resolved,ARCA,ARCA,253190515,,1 contract(s),1,0.105,no
EWSC,not_found,,,,,no response after 2 attempt(s) — likely IBKR error 200,2,20.002,no
EWT,resolved,ARCA,ARCA,253190576,,1 contract(s),1,0.102,no
EWU,resolved,ARCA,ARCA,253190561,,1 contract(s),1,0.147,no
EWUS,resolved,BATS,BATS,101484835,,1 contract(s),1,0.143,no
EWV,resolved,ARCA,ARCA,738524664,,1 contract(s),1,0.188,no
EWW,resolved,ARCA,ARCA,2586566,,1 contract(s),1,0.101,no
EWX,resolved,ARCA,ARCA,51281171,,1 contract(s),1,0.113,no
EWY,resolved,ARCA,ARCA,10753248,,1 contract(s),1,0.101,no
EWZ,resolved,ARCA,ARCA,10753244,,1 contract(s),1,0.098,no
EWZS,resolved,NASDAQ,NASDAQ,79535069,,1 contract(s),1,0.137,no
EXI,resolved,ARCA,ARCA,40784265,,1 contract(s),1,0.147,no
EXUS,resolved,NASDAQ,NASDAQ,792314620,,1 contract(s),1,0.151,no
EYEG,resolved,NASDAQ,NASDAQ,671097124,,1 contract(s),1,0.108,no
EYLD,resolved,BATS,BATS,240493868,,1 contract(s),1,0.105,no
EZA,resolved,ARCA,ARCA,17058090,,1 contract(s),1,0.128,no
EZBC,resolved,BATS,BATS,676783282,,1 contract(s),1,0.145,no
EZET,resolved,BATS,BATS,717324494,,1 contract(s),1,0.155,no
EZJ,resolved,ARCA,ARCA,60754517,,1 contract(s),1,0.108,no
EZM,resolved,ARCA,ARCA,43130881,,1 contract(s),1,0.109,no
EZMO,resolved,NASDAQ,NASDAQ,823013244,,1 contract(s),1,0.139,no
EZPZ,resolved,BATS,BATS,762549320,,1 contract(s),1,0.163,no
EZRO,resolved,NASDAQ,NASDAQ,823013251,,1 contract(s),1,0.143,no
EZU,resolved,BATS,BATS,10435397,,1 contract(s),1,0.154,no
FAAR,resolved,NASDAQ,NASDAQ,233776247,,1 contract(s),1,0.102,no
FAB,resolved,NASDAQ,NASDAQ,44000292,,1 contract(s),1,0.147,no
FAD,resolved,NASDAQ,NASDAQ,44000299,,1 contract(s),1,0.123,no
FAIL,not_found,,,,,no response after 2 attempt(s) — likely IBKR error 200,2,20.003,no
FALN,resolved,NASDAQ,NASDAQ,236855028,,1 contract(s),1,0.101,no
FAN,resolved,ARCA,ARCA,51834663,,1 contract(s),1,0.126,no
FAPR,resolved,BATS,BATS,482685230,,1 contract(s),1,0.108,no
FAS,resolved,ARCA,ARCA,97276826,,1 contract(s),1,0.144,no
FAUG,resolved,BATS,BATS,390616565,,1 contract(s),1,0.146,no
FAZ,resolved,ARCA,ARCA,812475674,,1 contract(s),1,0.152,no
FB,resolved,BATS,BATS,794639762,,1 contract(s),1,0.101,no
FBCG,resolved,BATS,BATS,425203208,,1 contract(s),1,0.144,no
FBCV,resolved,BATS,BATS,425203213,,1 contract(s),1,0.140,no
FBDC,resolved,ARCA,ARCA,801781654,,1 contract(s),1,0.100,no
FBGX,not_found,,,,,no response after 2 attempt(s) — likely IBKR error 200,2,20.003,no
FBL,resolved,NASDAQ,NASDAQ,602261422,,1 contract(s),1,0.104,no
FBND,resolved,ARCA,ARCA,169694336,,1 contract(s),1,0.156,no
FBOT,resolved,NASDAQ,NASDAQ,636172065,,1 contract(s),1,0.170,no
FBT,resolved,ARCA,ARCA,39622926,,1 contract(s),1,0.095,no
FBTC,resolved,BATS,BATS,676783301,,1 contract(s),1,0.142,no
FBY,resolved,ARCA,ARCA,645364542,,1 contract(s),1,0.082,no
FBYY,resolved,NASDAQ,NASDAQ,824809144,,1 contract(s),1,0.139,no
FBZ,not_found,,,,,no response after 2 attempt(s) — likely IBKR error 200,2,20.006,no
FCA,resolved,NASDAQ,NASDAQ,87254441,,1 contract(s),1,0.147,no
FCAL,resolved,NASDAQ,NASDAQ,280262321,,1 contract(s),1,0.146,no
FCEF,resolved,NASDAQ,NASDAQ,249325677,,1 contract(s),1,0.112,no
FCFY,resolved,ARCA,ARCA,650080326,,1 contract(s),1,0.102,no
FCG,resolved,ARCA,ARCA,231046611,,1 contract(s),1,0.141,no
FCLD,resolved,BATS,BATS,519136514,,1 contract(s),1,0.143,no
FCOM,resolved,ARCA,ARCA,137229040,,1 contract(s),1,0.094,no
FCOR,resolved,ARCA,ARCA,169694330,,1 contract(s),1,0.108,no
FCPI,resolved,BATS,BATS,390616575,,1 contract(s),1,0.103,no
FCSH,resolved,ARCA,ARCA,532824235,,1 contract(s),1,0.106,no
FCTE,resolved,NASDAQ,NASDAQ,713456582,,1 contract(s),1,0.106,no
FCTR,resolved,BATS,BATS,327422060,,1 contract(s),1,0.168,no
FCUS,resolved,ARCA,ARCA,605924890,,1 contract(s),1,0.114,no
FCVT,resolved,NASDAQ,NASDAQ,211666717,,1 contract(s),1,0.146,no
FDAT,resolved,ARCA,ARCA,626282095,,1 contract(s),1,0.100,no
FDCE,not_found,,,,,no response after 2 attempt(s) — likely IBKR error 200,2,20.002,no
FDCF,resolved,NASDAQ,NASDAQ,636172068,,1 contract(s),1,0.144,no
FDD,resolved,ARCA,ARCA,46035703,,1 contract(s),1,0.103,no
FDEC,resolved,BATS,BATS,461481831,,1 contract(s),1,0.100,no
FDEM,resolved,BATS,BATS,355332901,,1 contract(s),1,0.107,no
FDEV,resolved,BATS,BATS,355332906,,1 contract(s),1,0.156,no
FDFF,resolved,NASDAQ,NASDAQ,636172075,,1 contract(s),1,0.319,no
FDG,resolved,ARCA,ARCA,415594731,,1 contract(s),1,0.295,no
FDGR,not_found,,,,,no response after 2 attempt(s) — likely IBKR error 200,2,20.003,no
FDHT,not_found,,,,,no response after 2 attempt(s) — likely IBKR error 200,2,20.003,no
FDHY,resolved,ARCA,ARCA,321328127,,1 contract(s),1,0.106,no
FDIF,resolved,NASDAQ,NASDAQ,637699126,,1 contract(s),1,0.149,no
FDIG,resolved,NASDAQ,NASDAQ,557715643,,1 contract(s),1,0.130,no
FDIQ,resolved,NASDAQ,NASDAQ,320227550,,1 contract(s),1,0.102,no
FDIS,resolved,ARCA,ARCA,137229010,,1 contract(s),1,0.086,no
FDIV,resolved,NASDAQ,NASDAQ,655443298,,1 contract(s),1,0.122,no
FDL,resolved,ARCA,ARCA,38302219,,1 contract(s),1,0.108,no
FDLO,resolved,ARCA,ARCA,247848812,,1 contract(s),1,0.127,no
FDLS,resolved,ARCA,ARCA,581259022,,1 contract(s),1,0.103,no
FDM,resolved,ARCA,ARCA,36253174,,1 contract(s),1,0.106,no
FDMO,resolved,ARCA,ARCA,247848818,,1 contract(s),1,0.085,no
FDN,resolved,ARCA,ARCA,39622928,,1 contract(s),1,0.145,no
FDNI,resolved,NASDAQ,NASDAQ,340390091,,1 contract(s),1,0.123,no
FDRR,resolved,ARCA,ARCA,247848809,,1 contract(s),1,0.100,no
FDRV,resolved,BATS,BATS,519136520,,1 contract(s),1,0.140,no
FDT,resolved,NASDAQ,NASDAQ,87254444,,1 contract(s),1,0.128,no
FDTB,not_found,,,,,no response after 2 attempt(s) — likely IBKR error 200,2,20.006,no
FDTS,resolved,NASDAQ,NASDAQ,102447841,,1 contract(s),1,0.105,no
FDTX,resolved,NASDAQ,NASDAQ,636172080,,1 contract(s),1,0.108,no
FDV,resolved,ARCA,ARCA,597691634,,1 contract(s),1,0.131,no
FDVL,not_found,,,,,no response after 2 attempt(s) — likely IBKR error 200,2,20.003,no
FDVV,resolved,ARCA,ARCA,247848806,,1 contract(s),1,0.100,no
FDWM,not_found,,,,,no response after 2 attempt(s) — likely IBKR error 200,2,20.007,no
FEAT,not_found,,,,,no response after 2 attempt(s) — likely IBKR error 200,2,20.001,no
FEBT,resolved,BATS,BATS,611584499,,1 contract(s),1,0.141,no
FEBW,resolved,BATS,BATS,611584502,,1 contract(s),1,0.144,no
FEBZ,resolved,BATS,BATS,805705244,,1 contract(s),1,0.137,no
FEDL,not_found,,,,,no response after 2 attempt(s) — likely IBKR error 200,2,20.006,no
FEDM,resolved,ARCA,ARCA,516097358,,1 contract(s),1,0.112,no
FEGE,resolved,NYSE,NYSE,749040423,,1 contract(s),1,0.148,no
FEHY,not_found,,,,,no response after 2 attempt(s) — likely IBKR error 200,2,20.007,no
FEIG,resolved,ARCA,ARCA,516097360,,1 contract(s),1,0.146,no
FELC,resolved,ARCA,ARCA,666754575,,1 contract(s),1,0.103,no
FELG,resolved,ARCA,ARCA,666754577,,1 contract(s),1,0.147,no
FELV,resolved,ARCA,ARCA,666754580,,1 contract(s),1,0.098,no
FEM,resolved,NASDAQ,NASDAQ,87254450,,1 contract(s),1,0.107,no
FEMB,resolved,NASDAQ,NASDAQ,172854883,,1 contract(s),1,0.105,no
FEMS,resolved,NASDAQ,NASDAQ,102447844,,1 contract(s),1,0.130,no
FENI,resolved,ARCA,ARCA,666754570,,1 contract(s),1,0.141,no
FENY,resolved,ARCA,ARCA,137229016,,1 contract(s),1,0.140,no
FEOE,resolved,NYSE,NYSE,749040424,,1 contract(s),1,0.104,no
FEP,resolved,NASDAQ,NASDAQ,87254455,,1 contract(s),1,0.202,no
FEPI,resolved,NASDAQ,NASDAQ,659068177,,1 contract(s),1,0.164,no
FESM,resolved,ARCA,ARCA,666754590,,1 contract(s),1,0.149,no
FETH,resolved,BATS,BATS,717324491,,1 contract(s),1,0.256,no
FEUS,resolved,ARCA,ARCA,516097365,,1 contract(s),1,0.316,no
FEUZ,resolved,NASDAQ,NASDAQ,171504885,,1 contract(s),1,0.235,no
FEX,resolved,NASDAQ,NASDAQ,44000304,,1 contract(s),1,0.208,no
FEZ,resolved,ARCA,ARCA,45555861,,1 contract(s),1,0.143,no
FFEB,resolved,BATS,BATS,404810126,,1 contract(s),1,0.140,no
FFHG,not_found,,,,,no response after 2 attempt(s) — likely IBKR error 200,2,20.007,no
FFIU,resolved,ARCA,ARCA,286179510,,1 contract(s),1,0.146,no
FFLC,resolved,BATS,BATS,425203219,,1 contract(s),1,0.103,no
FFLG,resolved,BATS,BATS,469352062,,1 contract(s),1,0.144,no
FFLS,resolved,ARCA,ARCA,638362075,,1 contract(s),1,0.106,no
FFND,resolved,ARCA,ARCA,510475037,,1 contract(s),1,0.107,no
FFOG,resolved,BATS,BATS,663892061,,1 contract(s),1,0.149,no
FFOX,resolved,ARCA,ARCA,790694639,,1 contract(s),1,0.106,no
FFSG,not_found,,,,,no response after 2 attempt(s) — likely IBKR error 200,2,20.006,no
FFSM,resolved,BATS,BATS,469352075,,1 contract(s),1,0.201,no
FFTG,not_found,,,,,no response after 2 attempt(s) — likely IBKR error 200,2,20.006,no
FFTI,not_found,,,,,no response after 2 attempt(s) — likely IBKR error 200,2,20.006,no
FFTY,resolved,ARCA,ARCA,877316189,,1 contract(s),1,0.094,no
FFUT,resolved,NASDAQ,NASDAQ,789480838,,1 contract(s),1,0.106,no
FGD,resolved,ARCA,ARCA,47488731,,1 contract(s),1,0.152,no
FGDL,resolved,ARCA,ARCA,570640318,,1 contract(s),1,0.101,no
FGM,resolved,NASDAQ,NASDAQ,102404272,,1 contract(s),1,0.124,no
FGRO,not_found,,,,,no response after 2 attempt(s) — likely IBKR error 200,2,20.010,no
FGSI,resolved,NASDAQ,NASDAQ,794915801,,1 contract(s),1,0.145,no
FHDG,resolved,BATS,BATS,742449283,,1 contract(s),1,0.147,no
FHLC,resolved,ARCA,ARCA,137229025,,1 contract(s),1,0.106,no
FHYS,resolved,ARCA,ARCA,532829480,,1 contract(s),1,0.107,no
FIAT,resolved,ARCA,ARCA,832260609,,1 contract(s),1,0.132,no
FIAX,resolved,ARCA,ARCA,600686650,,1 contract(s),1,0.114,no
FIBR,not_found,,,,,no response after 2 attempt(s) — likely IBKR error 200,2,20.007,no
FICS,resolved,NASDAQ,NASDAQ,460492614,,1 contract(s),1,0.109,no
FID,resolved,NASDAQ,NASDAQ,331629636,,1 contract(s),1,0.105,no
FIDI,resolved,ARCA,ARCA,303019407,,1 contract(s),1,0.191,no
FIDU,resolved,ARCA,ARCA,137229028,,1 contract(s),1,0.128,no
FIG,resolved,NYSE,NYSE,802794976,,1 contract(s),1,0.150,no
FIGB,resolved,ARCA,ARCA,474829575,,1 contract(s),1,0.106,no
FIHD,not_found,,,,,no response after 2 attempt(s) — likely IBKR error 200,2,20.004,no
FIIG,resolved,ARCA,ARCA,646238698,,1 contract(s),1,0.098,no
FILL,not_found,,,,,no response after 2 attempt(s) — likely IBKR error 200,2,20.005,no
FINE,not_found,,,,,no response after 2 attempt(s) — likely IBKR error 200,2,20.005,no
FINX,resolved,NASDAQ,NASDAQ,247691379,,1 contract(s),1,0.139,no
FISR,resolved,ARCA,ARCA,359693011,,1 contract(s),1,0.201,no
FITE,resolved,ARCA,ARCA,301004569,,1 contract(s),1,0.144,no
FIVA,resolved,ARCA,ARCA,303019409,,1 contract(s),1,0.129,no
FIVG,not_found,,,,,no response after 2 attempt(s) — likely IBKR error 200,2,20.008,no
FIVY,not_found,,,,,no response after 2 attempt(s) — likely IBKR error 200,2,20.005,no
FIW,resolved,ARCA,ARCA,44000309,,1 contract(s),1,0.140,no
FIXD,resolved,NASDAQ,NASDAQ,266021916,,1 contract(s),1,0.103,no
FIXP,resolved,ARCA,ARCA,756555602,,1 contract(s),1,0.114,no
FIXT,resolved,NYSE,NYSE,791742712,,1 contract(s),1,0.141,no
FJAN,resolved,BATS,BATS,466204219,,1 contract(s),1,0.153,no
FJP,resolved,NASDAQ,NASDAQ,87254456,,1 contract(s),1,0.131,no
FJUL,resolved,BATS,BATS,435429746,,1 contract(s),1,0.105,no
FJUN,resolved,BATS,BATS,428729861,,1 contract(s),1,0.111,no
FKU,resolved,NASDAQ,NASDAQ,102404290,,1 contract(s),1,0.199,no
FLAG,resolved,ARCA,ARCA,777177595,,1 contract(s),1,0.147,no
FLAO,resolved,BATS,BATS,693841802,,1 contract(s),1,0.204,no
FLAU,resolved,ARCA,ARCA,295156239,,1 contract(s),1,0.184,no
FLAX,resolved,ARCA,ARCA,306081815,,1 contract(s),1,0.089,no
FLBL,resolved,BATS,BATS,320106064,,1 contract(s),1,0.148,no
FLBR,resolved,ARCA,ARCA,295156241,,1 contract(s),1,0.108,no
FLCA,resolved,ARCA,ARCA,295156244,,1 contract(s),1,0.110,no
FLCB,resolved,ARCA,ARCA,383858504,,1 contract(s),1,0.104,no
FLCC,resolved,ARCA,ARCA,719273314,,1 contract(s),1,0.128,no
FLCG,resolved,ARCA,ARCA,719273319,,1 contract(s),1,0.146,no
FLCH,resolved,ARCA,ARCA,295156251,,1 contract(s),1,0.148,no
FLCO,resolved,ARCA,ARCA,250142641,,1 contract(s),1,0.133,no
FLCV,resolved,ARCA,ARCA,719273320,,1 contract(s),1,0.145,no
FLDB,resolved,NASDAQ,NASDAQ,686766281,,1 contract(s),1,0.142,no
FLDR,resolved,BATS,BATS,321328130,,1 contract(s),1,0.147,no
FLDZ,resolved,BATS,BATS,791478319,,1 contract(s),1,0.133,no
FLEE,resolved,ARCA,ARCA,295156254,,1 contract(s),1,0.125,no
FLEH,not_found,,,,,no response after 2 attempt(s) — likely IBKR error 200,2,20.012,no
FLEU,resolved,ARCA,ARCA,295156258,,1 contract(s),1,0.090,no
FLFR,not_found,,,,,no response after 2 attempt(s) — likely IBKR error 200,2,20.006,no
FLGB,resolved,ARCA,ARCA,295156299,,1 contract(s),1,0.141,no
FLGR,resolved,ARCA,ARCA,295156264,,1 contract(s),1,0.099,no
FLGV,resolved,ARCA,ARCA,426537421,,1 contract(s),1,0.322,no
FLHK,not_found,,,,,no response after 2 attempt(s) — likely IBKR error 200,2,20.003,no
FLHY,resolved,BATS,BATS,320106059,,1 contract(s),1,0.291,no
FLIA,resolved,BATS,BATS,320106062,,1 contract(s),1,0.225,no
FLIN,resolved,ARCA,ARCA,306081816,,1 contract(s),1,0.148,no
FLIY,not_found,,,,,no response after 2 attempt(s) — likely IBKR error 200,2,20.005,no
FLJH,resolved,ARCA,ARCA,295156281,,1 contract(s),1,0.095,no
FLJJ,resolved,BATS,BATS,681352387,,1 contract(s),1,0.146,no
FLJP,resolved,ARCA,ARCA,295156278,,1 contract(s),1,0.132,no
FLKR,resolved,ARCA,ARCA,295156289,,1 contract(s),1,0.092,no
FLLA,resolved,ARCA,ARCA,336757799,,1 contract(s),1,0.136,no
FLLV,not_found,,,,,no response after 2 attempt(s) — likely IBKR error 200,2,20.003,no
FLMB,resolved,ARCA,ARCA,288047283,,1 contract(s),1,0.148,no
FLMI,resolved,ARCA,ARCA,288047277,,1 contract(s),1,0.102,no
FLMX,resolved,ARCA,ARCA,295156284,,1 contract(s),1,0.135,no
FLN,resolved,NASDAQ,NASDAQ,87254461,,1 contract(s),1,0.144,no
FLOT,resolved,BATS,BATS,89553569,,1 contract(s),1,0.104,no
FLOW,resolved,ARCA,ARCA,641782968,,1 contract(s),1,0.127,no
FLQL,resolved,BATS,BATS,274616925,,1 contract(s),1,0.129,no
FLQM,resolved,BATS,BATS,274616929,,1 contract(s),1,0.105,no
FLQS,resolved,BATS,BATS,274616932,,1 contract(s),1,0.127,no
FLRG,resolved,ARCA,ARCA,445554132,,1 contract(s),1,0.132,no
FLRN,resolved,ARCA,ARCA,98392055,,1 contract(s),1,0.146,no
FLRT,resolved,ARCA,ARCA,522799011,,1 contract(s),1,0.111,no
FLSA,resolved,ARCA,ARCA,336757800,,1 contract(s),1,0.102,no
FLSP,resolved,ARCA,ARCA,396447757,,1 contract(s),1,0.149,no
FLSW,resolved,ARCA,ARCA,306081825,,1 contract(s),1,0.102,no
FLTB,resolved,ARCA,ARCA,169694335,,1 contract(s),1,0.106,no
FLTR,resolved,ARCA,ARCA,229726313,,1 contract(s),1,0.112,no
FLTW,resolved,ARCA,ARCA,295156292,,1 contract(s),1,0.110,no
FLUD,resolved,ARCA,ARCA,434693574,,1 contract(s),1,0.147,no
FLV,resolved,ARCA,ARCA,415594734,,1 contract(s),1,0.146,no
FLXN,resolved,BATS,BATS,796360478,,1 contract(s),1,0.145,no
FLXR,resolved,NYSE,NYSE,711280672,,1 contract(s),1,0.150,no
FLYD,resolved,ARCA,ARCA,854937674,,1 contract(s),1,0.152,no
FLYT,resolved,BATS,BATS,825094695,,1 contract(s),1,0.115,no
FLYU,resolved,ARCA,ARCA,568738265,,1 contract(s),1,0.148,no
FLZA,not_found,,,,,no response after 2 attempt(s) — likely IBKR error 200,2,20.002,no
FM,not_found,,,,,no response after 2 attempt(s) — likely IBKR error 200,2,20.004,no
FMAG,resolved,BATS,BATS,469352065,,1 contract(s),1,0.150,no
FMAR,resolved,BATS,BATS,478106440,,1 contract(s),1,0.149,no
FMAT,resolved,ARCA,ARCA,137229038,,1 contract(s),1,0.149,no
FMAY,resolved,BATS,BATS,422619588,,1 contract(s),1,0.148,no
FMB,resolved,NASDAQ,NASDAQ,151375571,,1 contract(s),1,0.133,no
FMCE,resolved,ARCA,ARCA,740923798,,1 contract(s),1,0.140,no
FMCX,resolved,ARCA,ARCA,558017344,,1 contract(s),1,0.110,no
FMDE,resolved,ARCA,ARCA,666754587,,1 contract(s),1,0.140,no
FMED,resolved,NASDAQ,NASDAQ,636172078,,1 contract(s),1,0.123,no
FMET,resolved,NASDAQ,NASDAQ,557715646,,1 contract(s),1,0.155,no
FMF,resolved,ARCA,ARCA,132404467,,1 contract(s),1,0.135,no
FMHI,resolved,NASDAQ,NASDAQ,294729598,,1 contract(s),1,0.113,no
FMIL,not_found,,,,,no response after 2 attempt(s) — likely IBKR error 200,2,20.007,no
FMKT,resolved,ARCA,ARCA,790162707,,1 contract(s),1,0.110,no
FMNY,resolved,ARCA,ARCA,490852662,,1 contract(s),1,0.145,no
FMQQ,resolved,ARCA,ARCA,517203782,,1 contract(s),1,0.108,no
FMTM,resolved,NASDAQ,NASDAQ,769648061,,1 contract(s),1,0.141,no
FMUB,resolved,NASDAQ,NASDAQ,774144929,,1 contract(s),1,0.107,no
FMUN,resolved,NASDAQ,NASDAQ,774122372,,1 contract(s),1,0.144,no
FNCL,resolved,ARCA,ARCA,137229021,,1 contract(s),1,0.146,no
FNDA,resolved,ARCA,ARCA,132803412,,1 contract(s),1,0.143,no
FNDB,resolved,ARCA,ARCA,132803419,,1 contract(s),1,0.104,no
FNDC,resolved,ARCA,ARCA,132803407,,1 contract(s),1,0.111,no
FNDE,resolved,ARCA,ARCA,132803397,,1 contract(s),1,0.162,no
FNDF,resolved,ARCA,ARCA,132803402,,1 contract(s),1,0.086,no
FNDX,resolved,ARCA,ARCA,132803409,,1 contract(s),1,0.132,no
FNGD,resolved,ARCA,ARCA,850759068,,1 contract(s),1,0.089,no
FNGG,resolved,ARCA,ARCA,610222286,,1 contract(s),1,0.127,no
FNGO,resolved,ARCA,ARCA,328205084,,1 contract(s),1,0.112,no
FNGS,resolved,ARCA,ARCA,391312240,,1 contract(s),1,0.099,no
FNGU,resolved,ARCA,ARCA,756373390,,1 contract(s),1,0.114,no
FNK,resolved,NASDAQ,NASDAQ,87254469,,1 contract(s),1,0.147,no
FNOV,resolved,BATS,BATS,391638324,,1 contract(s),1,0.138,no
FNX,resolved,NASDAQ,NASDAQ,44000319,,1 contract(s),1,0.111,no
FNY,resolved,NASDAQ,NASDAQ,87254464,,1 contract(s),1,0.152,no
FOCT,resolved,BATS,BATS,450760887,,1 contract(s),1,0.104,no
FORH,resolved,BATS,BATS,486829893,,1 contract(s),1,0.146,no
FOVL,not_found,,,,,no response after 2 attempt(s) — likely IBKR error 200,2,20.004,no
FOWF,resolved,BATS,BATS,748629189,,1 contract(s),1,0.145,no
FOXY,resolved,ARCA,ARCA,758858054,,1 contract(s),1,0.109,no
FPA,resolved,NASDAQ,NASDAQ,87254435,,1 contract(s),1,0.149,no
FPAG,resolved,BATS,BATS,698998035,,1 contract(s),1,0.148,no
FPE,resolved,ARCA,ARCA,122142767,,1 contract(s),1,0.144,no
FPEI,resolved,ARCA,ARCA,286935455,,1 contract(s),1,0.154,no
FPFD,resolved,BATS,BATS,497222706,,1 contract(s),1,0.149,no
FPRO,resolved,BATS,BATS,469352068,,1 contract(s),1,0.152,no
FPWR,resolved,ARCA,ARCA,380121580,,1 contract(s),1,0.109,no
FPX,resolved,ARCA,ARCA,38715957,,1 contract(s),1,0.093,no
FPXE,resolved,NASDAQ,NASDAQ,336206517,,1 contract(s),1,0.149,no
FPXI,resolved,NASDAQ,NASDAQ,172853717,,1 contract(s),1,0.146,no
FQAL,resolved,ARCA,ARCA,247848823,,1 contract(s),1,0.089,no
FRDM,resolved,BATS,BATS,367728013,,1 contract(s),1,0.150,no
FREL,resolved,ARCA,ARCA,183005003,,1 contract(s),1,0.086,no
FRI,resolved,ARCA,ARCA,44000322,,1 contract(s),1,0.131,no
FRIZ,resolved,ARCA,ARCA,810311853,,1 contract(s),1,0.105,no
FRNW,resolved,BATS,BATS,519136508,,1 contract(s),1,0.150,no
FRTY,resolved,ARCA,ARCA,474243673,,1 contract(s),1,0.106,no
FSBD,not_found,,,,,no response after 2 attempt(s) — likely IBKR error 200,2,20.010,no
FSCC,resolved,ARCA,ARCA,719273325,,1 contract(s),1,0.186,no
FSCS,resolved,NASDAQ,NASDAQ,280262331,,1 contract(s),1,0.223,no
FSEC,resolved,ARCA,ARCA,474829576,,1 contract(s),1,0.154,no
FSEP,resolved,BATS,BATS,446220116,,1 contract(s),1,0.146,no
FSGS,resolved,NASDAQ,NASDAQ,280262334,,1 contract(s),1,0.151,no
FSIG,resolved,ARCA,ARCA,526906296,,1 contract(s),1,0.106,no
FSLD,not_found,,,,,no response after 2 attempt(s) — likely IBKR error 200,2,20.005,no
FSMB,resolved,ARCA,ARCA,340259131,,1 contract(s),1,0.153,no
FSMD,resolved,ARCA,ARCA,355332896,,1 contract(s),1,0.091,no
FSMO,not_found,,,,,no response after 2 attempt(s) — likely IBKR error 200,2,20.004,no
FSST,not_found,,,,,no response after 2 attempt(s) — likely IBKR error 200,2,20.001,no
FSTA,resolved,ARCA,ARCA,137229015,,1 contract(s),1,0.090,no
FSYD,resolved,ARCA,ARCA,544834740,,1 contract(s),1,0.109,no
FSZ,resolved,NASDAQ,NASDAQ,102404282,,1 contract(s),1,0.091,no
FTA,resolved,NASDAQ,NASDAQ,44000327,,1 contract(s),1,0.143,no
FTAG,resolved,NASDAQ,NASDAQ,231849303,,1 contract(s),1,0.115,no
FTBD,resolved,ARCA,ARCA,610455280,,1 contract(s),1,0.113,no
FTBI,resolved,ARCA,ARCA,787747119,,1 contract(s),1,0.112,no
FTC,resolved,NASDAQ,NASDAQ,44000328,,1 contract(s),1,0.167,no
FTCB,resolved,ARCA,ARCA,664516077,,1 contract(s),1,0.105,no
FTCE,resolved,ARCA,ARCA,732970598,,1 contract(s),1,0.105,no
FTCS,resolved,NASDAQ,NASDAQ,39861739,,1 contract(s),1,0.113,no
FTDS,resolved,NASDAQ,NASDAQ,179570962,,1 contract(s),1,0.154,no
FTEC,resolved,ARCA,ARCA,137229035,,1 contract(s),1,0.090,no
FTGC,resolved,NASDAQ,NASDAQ,137132320,,1 contract(s),1,0.108,no
FTGS,resolved,NASDAQ,NASDAQ,593850388,,1 contract(s),1,0.146,no
FTHF,resolved,ARCA,ARCA,662922783,,1 contract(s),1,0.111,no
FTHI,resolved,NASDAQ,NASDAQ,141525189,,1 contract(s),1,0.112,no
FTIF,resolved,ARCA,ARCA,618978012,,1 contract(s),1,0.105,no
FTKI,resolved,ARCA,ARCA,764732320,,1 contract(s),1,0.089,no
FTLS,resolved,ARCA,ARCA,166267767,,1 contract(s),1,0.113,no
FTQI,resolved,NASDAQ,NASDAQ,141525360,,1 contract(s),1,0.097,no
FTRB,resolved,ARCA,ARCA,675615017,,1 contract(s),1,0.115,no
FTRI,resolved,NASDAQ,NASDAQ,215497851,,1 contract(s),1,0.150,no
FTSD,resolved,ARCA,ARCA,137839880,,1 contract(s),1,0.143,no
FTSL,resolved,NASDAQ,NASDAQ,127012090,,1 contract(s),1,0.105,no
FTSM,resolved,NASDAQ,NASDAQ,173246170,,1 contract(s),1,0.104,no
FTW,resolved,NYSE,NYSE,860755854,,1 contract(s),1,0.173,no
FTWO,resolved,NYSE,NYSE,651420084,,1 contract(s),1,0.106,no
FTXG,resolved,NASDAQ,NASDAQ,248755965,,1 contract(s),1,0.101,no
FTXH,resolved,NASDAQ,NASDAQ,248755974,,1 contract(s),1,0.147,no
FTXL,resolved,NASDAQ,NASDAQ,248755980,,1 contract(s),1,0.150,no
FTXN,resolved,NASDAQ,NASDAQ,248755971,,1 contract(s),1,0.110,no
FTXO,resolved,NASDAQ,NASDAQ,248755960,,1 contract(s),1,0.089,no
FTXR,resolved,NASDAQ,NASDAQ,248755986,,1 contract(s),1,0.147,no
FUE,not_found,,,,,no response after 2 attempt(s) — likely IBKR error 200,2,20.005,no
FUMB,resolved,ARCA,ARCA,340259134,,1 contract(s),1,0.110,no
FUNL,not_found,,,,,no response after 2 attempt(s) — likely IBKR error 200,2,20.001,no
FUSI,resolved,ARCA,ARCA,619555379,,1 contract(s),1,0.214,no
FUTG,resolved,NASDAQ,NASDAQ,822466030,,1 contract(s),1,0.195,no
FUTS,resolved,PINK,PINK,384049652,,1 contract(s),1,0.112,no
FUTY,resolved,ARCA,ARCA,137229045,,1 contract(s),1,0.144,no
FV,resolved,NASDAQ,NASDAQ,145766277,,1 contract(s),1,0.113,no
FVAL,resolved,ARCA,ARCA,247848824,,1 contract(s),1,0.151,no
FVC,resolved,NASDAQ,NASDAQ,225651971,,1 contract(s),1,0.108,no
FVD,resolved,ARCA,ARCA,42033524,,1 contract(s),1,0.156,no
FWD,resolved,ARCA,ARCA,621534102,,1 contract(s),1,0.149,no
FXA,resolved,ARCA,ARCA,319355834,,1 contract(s),1,0.132,no
FXB,resolved,ARCA,ARCA,319355882,,1 contract(s),1,0.088,no
FXC,resolved,ARCA,ARCA,319648900,,1 contract(s),1,0.137,no
FXD,resolved,ARCA,ARCA,44000333,,1 contract(s),1,0.107,no
FXE,resolved,ARCA,ARCA,319355937,,1 contract(s),1,0.106,no
FXED,resolved,NYSE,NYSE,463104648,,1 contract(s),1,0.144,no
FXF,resolved,ARCA,ARCA,319356922,,1 contract(s),1,0.092,no
FXG,resolved,ARCA,ARCA,44000339,,1 contract(s),1,0.151,no
FXH,resolved,ARCA,ARCA,44000342,,1 contract(s),1,0.128,no
FXI,resolved,ARCA,ARCA,31421120,,1 contract(s),1,0.096,no
FXL,resolved,ARCA,ARCA,44000345,,1 contract(s),1,0.107,no
FXN,resolved,ARCA,ARCA,44000348,,1 contract(s),1,0.109,no
FXO,resolved,ARCA,ARCA,44000352,,1 contract(s),1,0.138,no
FXP,resolved,ARCA,ARCA,828937791,,1 contract(s),1,0.095,no
FXR,resolved,ARCA,ARCA,44000357,,1 contract(s),1,0.113,no
FXU,resolved,ARCA,ARCA,44000362,,1 contract(s),1,0.183,no
FXY,resolved,ARCA,ARCA,319355967,,1 contract(s),1,0.190,no
FXZ,resolved,ARCA,ARCA,44000367,,1 contract(s),1,0.113,no
FYC,resolved,NASDAQ,NASDAQ,87254479,,1 contract(s),1,0.143,no
FYEE,resolved,BATS,BATS,696016902,,1 contract(s),1,0.151,no
FYLD,resolved,BATS,BATS,139508763,,1 contract(s),1,0.144,no
FYLG,not_found,,,,,no response after 2 attempt(s) — likely IBKR error 200,2,20.018,no
FYT,resolved,NASDAQ,NASDAQ,87254474,,1 contract(s),1,0.102,no
FYX,resolved,NASDAQ,NASDAQ,44000369,,1 contract(s),1,0.145,no
GAA,resolved,BATS,BATS,176477558,,1 contract(s),1,0.103,no
GABF,resolved,ARCA,ARCA,560793089,,1 contract(s),1,0.101,no
GAEM,resolved,ARCA,ARCA,721996421,,1 contract(s),1,0.093,no
GAL,resolved,ARCA,ARCA,106661010,,1 contract(s),1,0.088,no
GAMR,resolved,ARCA,ARCA,680623573,,1 contract(s),1,0.102,no
GAPR,resolved,BATS,BATS,627159615,,1 contract(s),1,0.151,no
GARP,resolved,BATS,BATS,399652850,,1 contract(s),1,0.105,no
GAST,not_found,,,,,no response after 2 attempt(s) — likely IBKR error 200,2,20.006,no
GAUG,resolved,BATS,BATS,649180644,,1 contract(s),1,0.134,no
GAZ,not_found,,,,,no response after 2 attempt(s) — likely IBKR error 200,2,20.004,no
GBF,resolved,ARCA,ARCA,42454573,,1 contract(s),1,0.146,no
GBIL,resolved,ARCA,ARCA,247231853,,1 contract(s),1,0.146,no
GBLD,not_found,,,,,no response after 2 attempt(s) — likely IBKR error 200,2,20.006,no
GBND,resolved,ARCA,ARCA,794639719,,1 contract(s),1,0.111,no
GBTC,resolved,ARCA,ARCA,349966059,,1 contract(s),1,0.111,no
GBUG,resolved,NASDAQ,NASDAQ,762543584,,1 contract(s),1,0.182,no
GBUY,not_found,,,,,no response after 2 attempt(s) — likely IBKR error 200,2,20.005,no
GCAD,resolved,ARCA,ARCA,606330477,,1 contract(s),1,0.162,no
GCAL,resolved,ARCA,ARCA,718209218,,1 contract(s),1,0.160,no
GCC,resolved,ARCA,ARCA,461606702,,1 contract(s),1,0.086,no
GCLN,not_found,,,,,no response after 2 attempt(s) — likely IBKR error 200,2,20.002,no
GCOR,resolved,ARCA,ARCA,444398855,,1 contract(s),1,0.087,no
GCOW,resolved,BATS,BATS,223579685,,1 contract(s),1,0.146,no
GDEC,resolved,BATS,BATS,672387389,,1 contract(s),1,0.141,no
GDFN,not_found,,,,,no response after 2 attempt(s) — likely IBKR error 200,2,20.006,no
GDIV,resolved,NYSE,NYSE,563578577,,1 contract(s),1,0.143,no
GDLC,resolved,ARCA,ARCA,393216074,,1 contract(s),1,0.131,no
GDMA,resolved,BATS,BATS,452925619,,1 contract(s),1,0.140,no
GDOC,resolved,ARCA,ARCA,525770100,,1 contract(s),1,0.187,no
GDVD,not_found,,,,,no response after 2 attempt(s) — likely IBKR error 200,2,20.004,no
GDX,resolved,ARCA,ARCA,229726316,,1 contract(s),1,0.106,no
GDXD,resolved,ARCA,ARCA,850759065,,1 contract(s),1,0.144,no
GDXJ,resolved,ARCA,ARCA,229726197,,1 contract(s),1,0.101,no
GDXU,resolved,ARCA,ARCA,593821778,,1 contract(s),1,0.143,no
GDXY,resolved,ARCA,ARCA,704399265,,1 contract(s),1,0.083,no
GEM,resolved,ARCA,ARCA,208316993,,1 contract(s),1,0.104,no
GEMD,resolved,BATS,BATS,544787254,,1 contract(s),1,0.140,no
GEME,resolved,NASDAQ,NASDAQ,756541189,,1 contract(s),1,0.107,no
GEMG,resolved,NASDAQ,NASDAQ,876424920,,1 contract(s),1,0.127,no
GEND,resolved,ARCA,ARCA,753285830,,1 contract(s),1,0.102,no
GENM,resolved,ARCA,ARCA,705166795,,1 contract(s),1,0.102,no
GENT,resolved,ARCA,ARCA,705166798,,1 contract(s),1,0.100,no
GENW,resolved,ARCA,ARCA,753285833,,1 contract(s),1,0.100,no
GENY,not_found,,,,,no response after 2 attempt(s) — likely IBKR error 200,2,20.004,no
GERM,not_found,,,,,no response after 2 attempt(s) — likely IBKR error 200,2,20.004,no
GEW,resolved,NASDAQ,NASDAQ,817558351,,1 contract(s),1,0.144,no
GFEB,resolved,BATS,BATS,615079890,,1 contract(s),1,0.187,no
GFGF,resolved,NASDAQ,NASDAQ,532824225,,1 contract(s),1,0.107,no
GFOF,not_found,,,,,no response after 2 attempt(s) — likely IBKR error 200,2,20.006,no
GGLL,resolved,NASDAQ,NASDAQ,583996488,,1 contract(s),1,0.140,no
GGLS,resolved,NASDAQ,NASDAQ,901009437,,1 contract(s),1,0.153,no
GGM,resolved,ARCA,ARCA,656178879,,1 contract(s),1,0.105,no
GGME,resolved,ARCA,ARCA,319357002,,1 contract(s),1,0.148,no
GGOV,resolved,ARCA,ARCA,794639753,,1 contract(s),1,0.148,no
GGRW,resolved,ARCA,ARCA,471245457,,1 contract(s),1,0.110,no
GGTL,resolved,ARCA,ARCA,536390432,,1 contract(s),1,0.151,no
GGUS,resolved,ARCA,ARCA,668631594,,1 contract(s),1,0.104,no
GHEE,not_found,,,,,no response after 2 attempt(s) — likely IBKR error 200,2,20.016,no
GHMS,not_found,,,,,no response after 2 attempt(s) — likely IBKR error 200,2,20.010,no
GHTA,resolved,BATS,BATS,526906275,,1 contract(s),1,0.151,no
GHYB,resolved,ARCA,ARCA,288338127,,1 contract(s),1,0.128,no
GHYG,resolved,BATS,BATS,105507911,,1 contract(s),1,0.150,no
GIAX,resolved,ARCA,ARCA,719273310,,1 contract(s),1,0.088,no
GIGB,resolved,ARCA,ARCA,278549249,,1 contract(s),1,0.129,no
GIGL,resolved,ARCA,ARCA,794639720,,1 contract(s),1,0.274,no
GII,resolved,ARCA,ARCA,45540663,,1 contract(s),1,0.206,no
GIND,resolved,NASDAQ,NASDAQ,773302457,,1 contract(s),1,0.188,no
GINN,resolved,ARCA,ARCA,454179876,,1 contract(s),1,0.083,no
GINX,resolved,NASDAQ,NASDAQ,687497137,,1 contract(s),1,0.081,no
GJAN,resolved,BATS,BATS,609539209,,1 contract(s),1,0.137,no
GJUL,resolved,BATS,BATS,644080913,,1 contract(s),1,0.141,no
GJUN,resolved,BATS,BATS,637504704,,1 contract(s),1,0.142,no
GK,resolved,ARCA,ARCA,500289406,,1 contract(s),1,0.095,no
GKAT,resolved,NASDAQ,NASDAQ,809521345,,1 contract(s),1,0.143,no
GLBL,resolved,BATS,BATS,729189241,,1 contract(s),1,0.102,no
GLCN,not_found,,,,,no response after 2 attempt(s) — likely IBKR error 200,2,20.007,no
GLCR,resolved,NASDAQ,NASDAQ,771750502,,1 contract(s),1,0.136,no
GLD,resolved,ARCA,ARCA,51529211,,1 contract(s),1,0.039,no
GLDB,resolved,NASDAQ,NASDAQ,820901502,,1 contract(s),1,0.142,no
GLDI,resolved,NASDAQ,NASDAQ,588188171,,1 contract(s),1,0.105,no
GLDM,resolved,ARCA,ARCA,543859629,,1 contract(s),1,0.132,no
GLDW,resolved,BATS,BATS,826915432,,1 contract(s),1,0.142,no
GLDX,not_found,,,,,no response after 2 attempt(s) — likely IBKR error 200,2,20.010,no
GLDY,not_found,,,,,no response after 2 attempt(s) — likely IBKR error 200,2,20.012,no
GLGG,resolved,NASDAQ,NASDAQ,808834431,,1 contract(s),1,0.096,no
GLIF,not_found,,,,,no response after 2 attempt(s) — likely IBKR error 200,2,20.009,no
GLIN,resolved,ARCA,ARCA,229726262,,1 contract(s),1,0.144,no
GLL,resolved,ARCA,ARCA,828937752,,1 contract(s),1,0.104,no
GLNK,resolved,ARCA,ARCA,563316664,,1 contract(s),1,0.086,no
GLOF,resolved,ARCA,ARCA,192643863,,1 contract(s),1,0.125,no
GLOV,not_found,,,,,no response after 2 attempt(s) — likely IBKR error 200,2,20.007,no
GLOW,resolved,NASDAQ,NASDAQ,711280662,,1 contract(s),1,0.111,no
GLRY,resolved,ARCA,ARCA,459331998,,1 contract(s),1,0.109,no
GLTR,resolved,ARCA,ARCA,334909229,,1 contract(s),1,0.108,no
GMAR,resolved,BATS,BATS,620659065,,1 contract(s),1,0.139,no
GMAY,resolved,BATS,BATS,632210330,,1 contract(s),1,0.142,no
GMEY,resolved,ARCA,ARCA,812852376,,1 contract(s),1,0.100,no
GMF,resolved,ARCA,ARCA,45540748,,1 contract(s),1,0.101,no
GMMA,resolved,ARCA,ARCA,728773256,,1 contract(s),1,0.107,no
GMMF,resolved,NYSE,NYSE,759331638,,1 contract(s),1,0.103,no
GMNY,resolved,ARCA,ARCA,718209223,,1 contract(s),1,0.105,no
GMOI,resolved,ARCA,ARCA,738099365,,1 contract(s),1,0.113,no
GMOM,resolved,BATS,BATS,172738515,,1 contract(s),1,0.101,no
GMOV,resolved,ARCA,ARCA,738099370,,1 contract(s),1,0.109,no
GMUB,resolved,ARCA,ARCA,718209224,,1 contract(s),1,0.102,no
GMUN,not_found,,,,,no response after 2 attempt(s) — likely IBKR error 200,2,20.008,no
GNMA,resolved,NASDAQ,NASDAQ,102447854,,1 contract(s),1,0.107,no
GNOM,resolved,NASDAQ,NASDAQ,811021451,,1 contract(s),1,0.129,no
GNOV,resolved,BATS,BATS,666751786,,1 contract(s),1,0.137,no
GNR,resolved,ARCA,ARCA,78958355,,1 contract(s),1,0.144,no
GOAU,resolved,ARCA,ARCA,280803962,,1 contract(s),1,0.147,no
GOCT,resolved,BATS,BATS,661016506,,1 contract(s),1,0.172,no
GOEX,resolved,ARCA,ARCA,211651697,,1 contract(s),1,0.281,no
GOLY,resolved,BATS,BATS,491665410,,1 contract(s),1,0.145,no
GOOP,resolved,BATS,BATS,742759301,,1 contract(s),1,0.149,no
GOOW,resolved,BATS,BATS,801561283,,1 contract(s),1,0.152,no
GOOX,resolved,BATS,BATS,677037693,,1 contract(s),1,0.148,no
GOOY,resolved,ARCA,ARCA,645366618,,1 contract(s),1,0.107,no
GOP,resolved,BATS,BATS,751081119,,1 contract(s),1,0.148,no
GOU,resolved,NASDAQ,NASDAQ,835875723,,1 contract(s),1,0.158,no
GOVI,resolved,NASDAQ,NASDAQ,320226712,,1 contract(s),1,0.152,no
GOVT,resolved,BATS,BATS,102436165,,1 contract(s),1,0.109,no
GOVZ,resolved,BATS,BATS,873894214,,1 contract(s),1,0.135,no
GPIQ,resolved,NASDAQ,NASDAQ,662192144,,1 contract(s),1,0.143,no
GPIX,resolved,NASDAQ,NASDAQ,662192149,,1 contract(s),1,0.099,no
GPOW,not_found,,,,,no response after 2 attempt(s) — likely IBKR error 200,2,20.008,no
GPRF,resolved,NASDAQ,NASDAQ,719720379,,1 contract(s),1,0.158,no
GPT,resolved,NASDAQ,NASDAQ,729382551,,1 contract(s),1,0.152,no
GPTY,resolved,ARCA,ARCA,756373397,,1 contract(s),1,0.126,no
GPZ,resolved,ARCA,ARCA,789278734,,1 contract(s),1,0.145,no
GQGU,resolved,ARCA,ARCA,798501323,,1 contract(s),1,0.109,no
GQI,resolved,ARCA,ARCA,671100121,,1 contract(s),1,0.115,no
GQRE,resolved,ARCA,ARCA,137876294,,1 contract(s),1,0.149,no
GREI,not_found,,,,,no response after 2 attempt(s) — likely IBKR error 200,2,20.007,no
GREK,resolved,ARCA,ARCA,417292587,,1 contract(s),1,0.170,no
GRES,not_found,,,,,no response after 2 attempt(s) — likely IBKR error 200,2,20.005,no
GRID,resolved,NASDAQ,NASDAQ,70302631,,1 contract(s),1,0.111,no
GRIN,resolved,NASDAQ,NASDAQ,794915804,,1 contract(s),1,0.107,no
GRN,resolved,ARCA,ARCA,382539926,,1 contract(s),1,0.087,no
GRNB,resolved,ARCA,ARCA,268776230,,1 contract(s),1,0.109,no
GRNY,resolved,ARCA,ARCA,739817307,,1 contract(s),1,0.147,no
GRPM,resolved,ARCA,ARCA,319359468,,1 contract(s),1,0.112,no
GRPZ,resolved,ARCA,ARCA,693404295,,1 contract(s),1,0.147,no
GRU,not_found,,,,,no response after 2 attempt(s) — likely IBKR error 200,2,20.004,no
GRW,resolved,NASDAQ,NASDAQ,701271205,,1 contract(s),1,0.155,no
GSC,resolved,ARCA,ARCA,657917205,,1 contract(s),1,0.109,no
GSEE,resolved,BATS,BATS,422308279,,1 contract(s),1,0.144,no
GSEP,resolved,BATS,BATS,654588821,,1 contract(s),1,0.144,no
GSEU,resolved,ARCA,ARCA,224710693,,1 contract(s),1,0.151,no
GSEW,resolved,BATS,BATS,288989361,,1 contract(s),1,0.114,no
GSFP,not_found,,,,,no response after 2 attempt(s) — likely IBKR error 200,2,20.005,no
GSG,resolved,ARCA,ARCA,40066344,,1 contract(s),1,0.112,no
GSGO,resolved,NASDAQ,NASDAQ,831425842,,1 contract(s),1,0.166,no
GSIB,resolved,NASDAQ,NASDAQ,672387383,,1 contract(s),1,0.198,no
GSID,resolved,BATS,BATS,422308280,,1 contract(s),1,0.146,no
GSIE,resolved,ARCA,ARCA,212134159,,1 contract(s),1,0.099,no
GSIG,not_found,,,,,no response after 2 attempt(s) — likely IBKR error 200,2,20.008,no
GSJY,resolved,ARCA,ARCA,224710698,,1 contract(s),1,0.146,no
GSKH,resolved,ARCA,ARCA,752447501,,1 contract(s),1,0.110,no
GSLC,resolved,ARCA,ARCA,206903716,,1 contract(s),1,0.162,no
GSOL,resolved,ARCA,ARCA,625287723,,1 contract(s),1,0.178,no
GSP,not_found,,,,,no response after 2 attempt(s) — likely IBKR error 200,2,20.004,no
GSPY,resolved,ARCA,ARCA,462788941,,1 contract(s),1,0.103,no
GSSC,resolved,ARCA,ARCA,280911071,,1 contract(s),1,0.104,no
GSST,resolved,BATS,BATS,361098076,,1 contract(s),1,0.107,no
GSUS,resolved,BATS,BATS,422308285,,1 contract(s),1,0.149,no
GSWO,resolved,BATS,BATS,550613529,,1 contract(s),1,0.146,no
GSY,resolved,ARCA,ARCA,319648907,,1 contract(s),1,0.146,no
GTEK,resolved,ARCA,ARCA,514485005,,1 contract(s),1,0.103,no
GTIP,resolved,BATS,BATS,335907017,,1 contract(s),1,0.102,no
GTO,resolved,ARCA,ARCA,319355847,,1 contract(s),1,0.110,no
GTOP,resolved,NASDAQ,NASDAQ,837151193,,1 contract(s),1,0.201,no
GTOQ,resolved,NASDAQ,NASDAQ,458373061,,1 contract(s),1,0.187,no
GTOS,resolved,BATS,BATS,601776302,,1 contract(s),1,0.154,no
GTPE,resolved,NASDAQ,NASDAQ,825431409,,1 contract(s),1,0.129,no
GTR,resolved,NASDAQ,NASDAQ,519322279,,1 contract(s),1,0.108,no
GUMI,resolved,ARCA,ARCA,718209229,,1 contract(s),1,0.104,no
GUNR,resolved,ARCA,ARCA,95053797,,1 contract(s),1,0.139,no
GURU,resolved,ARCA,ARCA,108473907,,1 contract(s),1,0.109,no
GUSA,resolved,ARCA,ARCA,555711258,,1 contract(s),1,0.110,no
GUSE,resolved,NASDAQ,NASDAQ,831425308,,1 contract(s),1,0.110,no
GUSH,resolved,ARCA,ARCA,409199144,,1 contract(s),1,0.097,no
GVAL,resolved,BATS,BATS,146033946,,1 contract(s),1,0.145,no
GVI,resolved,BATS,BATS,42454582,,1 contract(s),1,0.101,no
GVIP,resolved,ARCA,ARCA,254147634,,1 contract(s),1,0.126,no
GVLE,resolved,NASDAQ,NASDAQ,831425847,,1 contract(s),1,0.137,no
GVLU,resolved,ARCA,ARCA,566099952,,1 contract(s),1,0.133,no
GVUS,resolved,ARCA,ARCA,668631599,,1 contract(s),1,0.102,no
GWX,resolved,ARCA,ARCA,45540825,,1 contract(s),1,0.109,no
GXC,resolved,ARCA,ARCA,45540754,,1 contract(s),1,0.173,no
GXDW,resolved,NASDAQ,NASDAQ,389399748,,1 contract(s),1,0.135,no
GXG,not_found,,,,,no response after 2 attempt(s) — likely IBKR error 200,2,20.007,no
GXIG,resolved,ARCA,ARCA,791760054,,1 contract(s),1,0.113,no
GXLC,resolved,ARCA,ARCA,816879106,,1 contract(s),1,0.104,no
GXTG,not_found,,,,,no response after 2 attempt(s) — likely IBKR error 200,2,20.010,no
GXUS,resolved,ARCA,ARCA,635451111,,1 contract(s),1,0.105,no
GYLD,resolved,NYSE,NYSE,162291132,,1 contract(s),1,0.154,no
HACK,resolved,ARCA,ARCA,680623548,,1 contract(s),1,0.106,no
HAIL,resolved,ARCA,ARCA,301004576,,1 contract(s),1,0.145,no
HAP,resolved,ARCA,ARCA,229726225,,1 contract(s),1,0.102,no
HAPI,resolved,ARCA,ARCA,590844636,,1 contract(s),1,0.115,no
HAPS,resolved,ARCA,ARCA,625105664,,1 contract(s),1,0.151,no
HAPY,not_found,,,,,no response after 2 attempt(s) — likely IBKR error 200,2,20.011,no
HARD,resolved,ARCA,ARCA,622498013,,1 contract(s),1,0.094,no
HART,not_found,,,,,no response after 2 attempt(s) — likely IBKR error 200,2,20.011,no
HAUS,resolved,BATS,BATS,545798603,,1 contract(s),1,0.142,no
HAUZ,resolved,ARCA,ARCA,135741450,,1 contract(s),1,0.132,no
HAWX,resolved,ARCA,ARCA,198746802,,1 contract(s),1,0.186,no
HBDC,resolved,NASDAQ,NASDAQ,790898593,,1 contract(s),1,0.142,no
HBR,resolved,NASDAQ,NASDAQ,826493417,,1 contract(s),1,0.130,no
HBTA,resolved,ARCA,ARCA,756555607,,1 contract(s),1,0.102,no
HCMT,resolved,ARCA,ARCA,638362088,,1 contract(s),1,0.113,no
HCOM,not_found,,,,,no response after 2 attempt(s) — likely IBKR error 200,2,20.007,no
HCOW,resolved,NASDAQ,NASDAQ,655443294,,1 contract(s),1,0.103,no
HCRB,resolved,BATS,BATS,404527905,,1 contract(s),1,0.143,no
HDAW,not_found,,,,,no response after 2 attempt(s) — likely IBKR error 200,2,20.006,no
HDEF,resolved,ARCA,ARCA,202968412,,1 contract(s),1,0.101,no
HDG,resolved,ARCA,ARCA,90832061,,1 contract(s),1,0.115,no
HDGE,resolved,ARCA,ARCA,467744741,,1 contract(s),1,0.112,no
HDLB,resolved,ARCA,ARCA,389093834,,1 contract(s),1,0.148,no
HDMV,resolved,ARCA,ARCA,245170131,,1 contract(s),1,0.148,no
HDRO,not_found,,,,,no response after 2 attempt(s) — likely IBKR error 200,2,20.006,no
HDUS,resolved,ARCA,ARCA,597954924,,1 contract(s),1,0.102,no
HDV,resolved,ARCA,ARCA,86326985,,1 contract(s),1,0.144,no
HEAL,resolved,NASDAQ,NASDAQ,811021454,,1 contract(s),1,0.133,no
HEAT,not_found,,,,,no response after 2 attempt(s) — likely IBKR error 200,2,20.006,no
HECA,resolved,ARCA,ARCA,795742651,,1 contract(s),1,0.110,no
HECO,resolved,NASDAQ,NASDAQ,727817003,,1 contract(s),1,0.148,no
HEDJ,resolved,ARCA,ARCA,71423629,,1 contract(s),1,0.127,no
HEEM,resolved,BATS,BATS,168170819,,1 contract(s),1,0.102,no
HEFA,resolved,BATS,BATS,143667076,,1 contract(s),1,0.109,no
HEGD,resolved,BATS,BATS,462268943,,1 contract(s),1,0.102,no
HEJD,not_found,,,,,no response after 2 attempt(s) — likely IBKR error 200,2,20.008,no
HELO,resolved,ARCA,ARCA,656787965,,1 contract(s),1,0.147,no
HELX,resolved,BATS,BATS,405971883,,1 contract(s),1,0.116,no
HEQQ,resolved,NASDAQ,NASDAQ,771750505,,1 contract(s),1,0.107,no
HEQT,resolved,ARCA,ARCA,524305685,,1 contract(s),1,0.108,no
HERD,resolved,NASDAQ,NASDAQ,364719326,,1 contract(s),1,0.146,no
HERO,resolved,NASDAQ,NASDAQ,389399755,,1 contract(s),1,0.135,no
HEWC,not_found,,,,,no response after 2 attempt(s) — likely IBKR error 200,2,20.006,no
HEWG,not_found,,,,,no response after 2 attempt(s) — likely IBKR error 200,2,20.011,no
HEWJ,resolved,ARCA,ARCA,143667086,,1 contract(s),1,0.149,no
HEWU,not_found,,,,,no response after 2 attempt(s) — likely IBKR error 200,2,20.005,no
HEZU,resolved,ARCA,ARCA,160212409,,1 contract(s),1,0.236,no
HF,resolved,NYSE,NYSE,642427345,,1 contract(s),1,0.111,no
HFEQ,resolved,NYSE,NYSE,799160844,,1 contract(s),1,0.106,no
HFGM,resolved,NYSE,NYSE,776725419,,1 contract(s),1,0.113,no
HFGO,resolved,BATS,BATS,525552645,,1 contract(s),1,0.147,no
HFMF,resolved,NYSE,NYSE,799160850,,1 contract(s),1,0.104,no
HFND,resolved,NYSE,NYSE,590510605,,1 contract(s),1,0.089,no
HFSI,resolved,BATS,BATS,516097385,,1 contract(s),1,0.132,no
HFSP,resolved,NASDAQ,NASDAQ,737558521,,1 contract(s),1,0.148,no
HFXI,resolved,ARCA,ARCA,201004207,,1 contract(s),1,0.151,no
HGER,resolved,NYSE,NYSE,543859902,,1 contract(s),1,0.135,no
HGRO,resolved,ARCA,ARCA,790425787,,1 contract(s),1,0.105,no
HIBL,resolved,ARCA,ARCA,416854788,,1 contract(s),1,0.118,no
HIBS,resolved,ARCA,ARCA,854074822,,1 contract(s),1,0.096,no
HIDE,resolved,NASDAQ,NASDAQ,597954936,,1 contract(s),1,0.109,no
HIDV,resolved,ARCA,ARCA,621534105,,1 contract(s),1,0.104,no
HIGH,resolved,ARCA,ARCA,594450954,,1 contract(s),1,0.107,no
HIPS,resolved,ARCA,ARCA,299184612,,1 contract(s),1,0.134,no
HISF,resolved,NASDAQ,NASDAQ,163615288,,1 contract(s),1,0.153,no
HIYS,not_found,,,,,no response after 2 attempt(s) — likely IBKR error 200,2,20.009,no
HIYY,resolved,ARCA,ARCA,816865073,,1 contract(s),1,0.129,no
HJEN,not_found,,,,,no response after 2 attempt(s) — likely IBKR error 200,2,20.006,no
HKND,not_found,,,,,no response after 2 attempt(s) — likely IBKR error 200,2,20.008,no
HLAL,resolved,NASDAQ,NASDAQ,374687582,,1 contract(s),1,0.106,no
HLGE,not_found,,,,,no response after 2 attempt(s) — likely IBKR error 200,2,20.006,no
HMOP,resolved,ARCA,ARCA,299439708,,1 contract(s),1,0.108,no
HMYY,resolved,NASDAQ,NASDAQ,835875726,,1 contract(s),1,0.106,no
HNDL,resolved,NASDAQ,NASDAQ,302902494,,1 contract(s),1,0.099,no
HOCT,not_found,,,,,no response after 2 attempt(s) — likely IBKR error 200,2,20.005,no
HODL,resolved,BATS,BATS,677037670,,1 contract(s),1,0.147,no
HODU,resolved,NASDAQ,NASDAQ,832145180,,1 contract(s),1,0.103,no
HOLA,resolved,ARCA,ARCA,798501326,,1 contract(s),1,0.136,no
HOLD,resolved,ARCA,ARCA,806287734,,1 contract(s),1,0.106,no
HOM,not_found,,,,,no response after 2 attempt(s) — likely IBKR error 200,2,20.007,no
HOMZ,resolved,ARCA,ARCA,358060551,,1 contract(s),1,0.108,no
HOOW,resolved,BATS,BATS,792065903,,1 contract(s),1,0.144,no
HOOX,resolved,NASDAQ,NASDAQ,865203883,,1 contract(s),1,0.090,no
HOOY,resolved,ARCA,ARCA,782383915,,1 contract(s),1,0.144,no
HOYY,resolved,NASDAQ,NASDAQ,818583828,,1 contract(s),1,0.158,no
HQGO,resolved,NASDAQ,NASDAQ,669995112,,1 contract(s),1,0.145,no
HRTS,resolved,NASDAQ,NASDAQ,667434005,,1 contract(s),1,0.104,no
HSBH,resolved,ARCA,ARCA,733485889,,1 contract(s),1,0.105,no
HSCZ,resolved,ARCA,ARCA,198746813,,1 contract(s),1,0.149,no
HSMV,resolved,ARCA,ARCA,416184726,,1 contract(s),1,0.150,no
HSRT,not_found,,,,,no response after 2 attempt(s) — likely IBKR error 200,2,20.009,no
HSUN,not_found,,,,,no response after 2 attempt(s) — likely IBKR error 200,2,20.003,no
HTAB,resolved,ARCA,ARCA,314584840,,1 contract(s),1,0.152,no
HTAX,resolved,ARCA,ARCA,766155335,,1 contract(s),1,0.110,no
HTEC,resolved,ARCA,ARCA,372615774,,1 contract(s),1,0.151,no
HTRB,resolved,ARCA,ARCA,290661646,,1 contract(s),1,0.107,no
HTUS,resolved,BATS,BATS,634526788,,1 contract(s),1,0.203,no
HUMN,resolved,BATS,BATS,794633154,,1 contract(s),1,0.185,no
HUSV,resolved,ARCA,ARCA,245170134,,1 contract(s),1,0.106,no
HVAC,resolved,ARCA,ARCA,758858057,,1 contract(s),1,0.102,no
HVAL,not_found,,,,,no response after 2 attempt(s) — likely IBKR error 200,2,20.004,no
HWAY,resolved,NASDAQ,NASDAQ,728168248,,1 contract(s),1,0.108,no
HWSM,resolved,NASDAQ,NASDAQ,772483470,,1 contract(s),1,0.146,no
HYBB,resolved,ARCA,ARCA,449068461,,1 contract(s),1,0.112,no
HYBI,resolved,NASDAQ,NASDAQ,751043403,,1 contract(s),1,0.153,no
HYBL,resolved,BATS,BATS,544787075,,1 contract(s),1,0.158,no
HYBX,resolved,NYSE,NYSE,742459268,,1 contract(s),1,0.105,no
HYD,resolved,BATS,BATS,337332936,,1 contract(s),1,0.108,no
HYDB,resolved,BATS,BATS,282156630,,1 contract(s),1,0.109,no
HYDR,resolved,NASDAQ,NASDAQ,709555343,,1 contract(s),1,0.128,no
HYDW,resolved,ARCA,ARCA,302299051,,1 contract(s),1,0.108,no
HYEM,resolved,ARCA,ARCA,229726238,,1 contract(s),1,0.114,no
HYFI,resolved,ARCA,ARCA,630720846,,1 contract(s),1,0.109,no
HYG,resolved,ARCA,ARCA,43652089,,1 contract(s),1,0.103,no
HYGH,resolved,ARCA,ARCA,153090099,,1 contract(s),1,0.100,no
HYGI,not_found,,,,,no response after 2 attempt(s) — likely IBKR error 200,2,20.005,no
HYGV,resolved,ARCA,ARCA,326089414,,1 contract(s),1,0.146,no
HYGW,resolved,BATS,BATS,580615951,,1 contract(s),1,0.106,no
HYHG,resolved,BATS,BATS,127710077,,1 contract(s),1,0.142,no
HYLB,resolved,ARCA,ARCA,257944560,,1 contract(s),1,0.137,no
HYLD,not_found,,,,,no response after 2 attempt(s) — likely IBKR error 200,2,20.006,no
HYLG,not_found,,,,,no response after 2 attempt(s) — likely IBKR error 200,2,20.008,no
HYLS,resolved,NASDAQ,NASDAQ,123458397,,1 contract(s),1,0.102,no
HYMB,resolved,ARCA,ARCA,86766096,,1 contract(s),1,0.129,no
HYMU,not_found,,,,,no response after 2 attempt(s) — likely IBKR error 200,2,20.008,no
HYP,resolved,NASDAQ,NASDAQ,816871966,,1 contract(s),1,0.104,no
HYRM,not_found,,,,,no response after 2 attempt(s) — likely IBKR error 200,2,20.003,no
HYS,resolved,ARCA,ARCA,89553565,,1 contract(s),1,0.117,no
HYSA,resolved,ARCA,ARCA,654722255,,1 contract(s),1,0.091,no
HYSD,resolved,ARCA,ARCA,726761174,,1 contract(s),1,0.106,no
HYTI,resolved,ARCA,ARCA,760778275,,1 contract(s),1,0.105,no
HYTR,resolved,NYSE,NYSE,400759007,,1 contract(s),1,0.104,no
HYUP,resolved,ARCA,ARCA,302299044,,1 contract(s),1,0.135,no
HYXF,resolved,NASDAQ,NASDAQ,236855035,,1 contract(s),1,0.204,no
HYXU,not_found,,,,,no response after 2 attempt(s) — likely IBKR error 200,2,20.006,no
HYZD,resolved,NASDAQ,NASDAQ,140149924,,1 contract(s),1,0.468,no
IAGG,resolved,BATS,BATS,212290413,,1 contract(s),1,0.266,no
IAI,resolved,ARCA,ARCA,39046988,,1 contract(s),1,0.117,no
IAK,resolved,ARCA,ARCA,39046964,,1 contract(s),1,0.154,no
IAPR,resolved,ARCA,ARCA,479807323,,1 contract(s),1,0.111,no
IAT,resolved,ARCA,ARCA,39046961,,1 contract(s),1,0.133,no
IAU,resolved,ARCA,ARCA,474829650,,1 contract(s),1,0.101,no
IAUF,not_found,,,,,no response after 2 attempt(s) — likely IBKR error 200,2,20.007,no
IAUG,resolved,ARCA,ARCA,719474017,,1 contract(s),1,0.149,no
IAUI,resolved,BATS,BATS,789274017,,1 contract(s),1,0.149,no
IAUM,resolved,ARCA,ARCA,499640636,,1 contract(s),1,0.145,no
IBAT,resolved,NASDAQ,NASDAQ,692396119,,1 contract(s),1,0.102,no
IBB,resolved,NASDAQ,NASDAQ,11517520,,1 contract(s),1,0.140,no
IBBQ,resolved,NASDAQ,NASDAQ,496085608,,1 contract(s),1,0.102,no
IBCA,resolved,ARCA,ARCA,771558770,,1 contract(s),1,0.131,no
IBCE,not_found,,,,,no response after 2 attempt(s) — likely IBKR error 200,2,20.009,no
IBD,resolved,ARCA,ARCA,281981485,,1 contract(s),1,0.114,no
IBDD,not_found,,,,,no response after 2 attempt(s) — likely IBKR error 200,2,20.007,no
IBDO,not_found,,,,,no response after 2 attempt(s) — likely IBKR error 200,2,20.007,no
IBDP,not_found,,,,,no response after 2 attempt(s) — likely IBKR error 200,2,20.008,no
IBDQ,not_found,,,,,no response after 2 attempt(s) — likely IBKR error 200,2,20.010,no
IBDR,resolved,ARCA,ARCA,247848905,,1 contract(s),1,0.149,no
IBDS,resolved,ARCA,ARCA,288992388,,1 contract(s),1,0.146,no
IBDT,resolved,ARCA,ARCA,333970426,,1 contract(s),1,0.162,no
IBDU,resolved,ARCA,ARCA,383858509,,1 contract(s),1,0.157,no
IBDV,resolved,ARCA,ARCA,429664996,,1 contract(s),1,0.102,no
IBDW,resolved,ARCA,ARCA,498854133,,1 contract(s),1,0.144,no
IBDX,resolved,ARCA,ARCA,570487257,,1 contract(s),1,0.106,no
IBDY,resolved,ARCA,ARCA,638857478,,1 contract(s),1,0.157,no
IBDZ,resolved,ARCA,ARCA,705592553,,1 contract(s),1,0.103,no
IBET,not_found,,,,,no response after 2 attempt(s) — likely IBKR error 200,2,20.005,no
IBGA,resolved,NASDAQ,NASDAQ,709038574,,1 contract(s),1,0.145,no
IBGB,resolved,NASDAQ,NASDAQ,771558816,,1 contract(s),1,0.155,no
IBGK,resolved,NASDAQ,NASDAQ,709038576,,1 contract(s),1,0.147,no
IBGL,resolved,NASDAQ,NASDAQ,771558821,,1 contract(s),1,0.109,no
IBHC,not_found,,,,,no response after 2 attempt(s) — likely IBKR error 200,2,20.006,no
IBHD,not_found,,,,,no response after 2 attempt(s) — likely IBKR error 200,2,20.007,no
IBHE,not_found,,,,,no response after 2 attempt(s) — likely IBKR error 200,2,20.007,no
IBHF,resolved,BATS,BATS,454859690,,1 contract(s),1,0.179,no
IBHG,resolved,BATS,BATS,501314854,,1 contract(s),1,0.141,no
IBIA,not_found,,,,,no response after 2 attempt(s) — likely IBKR error 200,2,20.004,no
IBIB,not_found,,,,,no response after 2 attempt(s) — likely IBKR error 200,2,20.008,no
IBIC,resolved,ARCA,ARCA,654750889,,1 contract(s),1,0.145,no
IBID,resolved,ARCA,ARCA,654750892,,1 contract(s),1,0.104,no
IBIE,resolved,ARCA,ARCA,654750898,,1 contract(s),1,0.138,no
IBIF,resolved,ARCA,ARCA,655454633,,1 contract(s),1,0.102,no
IBIG,resolved,ARCA,ARCA,655647224,,1 contract(s),1,0.101,no
IBIH,resolved,ARCA,ARCA,655647229,,1 contract(s),1,0.101,no
IBII,resolved,ARCA,ARCA,655647233,,1 contract(s),1,0.102,no
IBIJ,resolved,ARCA,ARCA,655454630,,1 contract(s),1,0.144,no
IBIK,resolved,ARCA,ARCA,705592556,,1 contract(s),1,0.146,no
IBIL,resolved,ARCA,ARCA,771558797,,1 contract(s),1,0.102,no
IBIT,resolved,NASDAQ,NASDAQ,677037673,,1 contract(s),1,0.144,no
IBLC,resolved,ARCA,ARCA,558456271,,1 contract(s),1,0.146,no
IBML,not_found,,,,,no response after 2 attempt(s) — likely IBKR error 200,2,20.010,no
IBMM,not_found,,,,,no response after 2 attempt(s) — likely IBKR error 200,2,20.005,no
IBMN,not_found,,,,,no response after 2 attempt(s) — likely IBKR error 200,2,20.003,no
IBMO,resolved,BATS,BATS,359815312,,1 contract(s),1,0.100,no
IBMP,resolved,BATS,BATS,360508598,,1 contract(s),1,0.103,no
IBMQ,resolved,BATS,BATS,361208024,,1 contract(s),1,0.100,no
IBMR,resolved,BATS,BATS,630282887,,1 contract(s),1,0.151,no
IBND,resolved,ARCA,ARCA,75399304,,1 contract(s),1,0.083,no
IBOT,resolved,NASDAQ,NASDAQ,624402271,,1 contract(s),1,0.101,no
IBRN,resolved,ARCA,ARCA,581722409,,1 contract(s),1,0.102,no
IBTD,not_found,,,,,no response after 2 attempt(s) — likely IBKR error 200,2,20.001,no
IBTE,not_found,,,,,no response after 2 attempt(s) — likely IBKR error 200,2,20.007,no
IBTG,resolved,NASDAQ,NASDAQ,406008783,,1 contract(s),1,0.143,no
IBTH,resolved,NASDAQ,NASDAQ,406007063,,1 contract(s),1,0.104,no
IBTI,resolved,NASDAQ,NASDAQ,406006833,,1 contract(s),1,0.101,no
IBTJ,resolved,NASDAQ,NASDAQ,406006516,,1 contract(s),1,0.116,no
IBTK,resolved,NASDAQ,NASDAQ,434693586,,1 contract(s),1,0.146,no
IBTL,resolved,NASDAQ,NASDAQ,502252204,,1 contract(s),1,0.107,no
IBTM,resolved,NASDAQ,NASDAQ,572125070,,1 contract(s),1,0.109,no
IBTO,resolved,NASDAQ,NASDAQ,639607109,,1 contract(s),1,0.111,no
IBTP,resolved,NASDAQ,NASDAQ,709038571,,1 contract(s),1,0.108,no
IBTQ,resolved,NASDAQ,NASDAQ,771558812,,1 contract(s),1,0.141,no
IBUF,resolved,ARCA,ARCA,713229011,,1 contract(s),1,0.106,no
IBUY,resolved,ARCA,ARCA,230540237,,1 contract(s),1,0.090,no
ICAP,resolved,ARCA,ARCA,535408476,,1 contract(s),1,0.113,no
ICF,resolved,BATS,BATS,8335,,1 contract(s),1,0.146,no
ICLN,resolved,NASDAQ,NASDAQ,52170893,,1 contract(s),1,0.107,no
ICLO,resolved,BATS,BATS,601776289,,1 contract(s),1,0.144,no
ICOI,resolved,ARCA,ARCA,772782877,,1 contract(s),1,0.147,no
ICOP,resolved,NASDAQ,NASDAQ,638977464,,1 contract(s),1,0.090,no
ICOW,resolved,BATS,BATS,279447217,,1 contract(s),1,0.105,no
ICPY,resolved,ARCA,ARCA,812848420,,1 contract(s),1,0.149,no
ICSH,resolved,BATS,BATS,140007769,,1 contract(s),1,0.127,no
ICVT,resolved,BATS,BATS,196234342,,1 contract(s),1,0.148,no
IDAT,not_found,,,,,no response after 2 attempt(s) — likely IBKR error 200,2,20.002,no
IDEC,resolved,ARCA,ARCA,669231245,,1 contract(s),1,0.148,no
IDEF,resolved,NASDAQ,NASDAQ,786312578,,1 contract(s),1,0.108,no
IDEQ,resolved,ARCA,ARCA,782982405,,1 contract(s),1,0.107,no
IDEV,resolved,ARCA,ARCA,270708877,,1 contract(s),1,0.160,no
IDGT,resolved,ARCA,ARCA,12658200,,1 contract(s),1,0.102,no
IDHD,not_found,,,,,no response after 2 attempt(s) — likely IBKR error 200,2,20.002,no
IDHQ,resolved,ARCA,ARCA,319359370,,1 contract(s),1,0.163,no
IDLB,not_found,,,,,no response after 2 attempt(s) — likely IBKR error 200,2,20.006,no
IDLV,resolved,ARCA,ARCA,319359354,,1 contract(s),1,0.304,no
IDME,not_found,,,,,no response after 2 attempt(s) — likely IBKR error 200,2,20.003,no
IDMO,resolved,ARCA,ARCA,319359308,,1 contract(s),1,0.140,no
IDNA,resolved,ARCA,ARCA,370889431,,1 contract(s),1,0.132,no
IDOG,resolved,ARCA,ARCA,130540610,,1 contract(s),1,0.107,no
IDRV,resolved,ARCA,ARCA,361201676,,1 contract(s),1,0.090,no
IDU,resolved,ARCA,ARCA,10190333,,1 contract(s),1,0.119,no
IDUB,resolved,BATS,BATS,504546659,,1 contract(s),1,0.125,no
IDV,resolved,BATS,BATS,44647192,,1 contract(s),1,0.106,no
IDVO,resolved,ARCA,ARCA,583996508,,1 contract(s),1,0.088,no
IDX,resolved,ARCA,ARCA,229727483,,1 contract(s),1,0.111,no
IEDI,resolved,BATS,BATS,311897684,,1 contract(s),1,0.143,no
IEF,resolved,NASDAQ,NASDAQ,15547844,,1 contract(s),1,0.144,no
IEFA,resolved,BATS,BATS,115826907,,1 contract(s),1,0.146,no
IEI,resolved,NASDAQ,NASDAQ,42454555,,1 contract(s),1,0.162,no
IEMG,resolved,ARCA,ARCA,115826951,,1 contract(s),1,0.124,no
IEO,resolved,BATS,BATS,39046971,,1 contract(s),1,0.100,no
IETC,resolved,BATS,BATS,311897704,,1 contract(s),1,0.103,no
IEUR,resolved,ARCA,ARCA,155518918,,1 contract(s),1,0.104,no
IEUS,resolved,NASDAQ,NASDAQ,47202545,,1 contract(s),1,0.152,no
IEV,resolved,ARCA,ARCA,10158657,,1 contract(s),1,0.138,no
IEZ,resolved,ARCA,ARCA,39046974,,1 contract(s),1,0.139,no
IFEB,resolved,ARCA,ARCA,681352402,,1 contract(s),1,0.147,no
IFED,resolved,ARCA,ARCA,514484973,,1 contract(s),1,0.112,no
IFGL,resolved,NASDAQ,NASDAQ,47202548,,1 contract(s),1,0.146,no
IFLN,resolved,ARCA,ARCA,319356966,,1 contract(s),1,0.110,no
IFLR,resolved,ARCA,ARCA,832145940,,1 contract(s),1,0.102,no
IFRA,resolved,BATS,BATS,313130248,,1 contract(s),1,0.140,no
IFV,resolved,NASDAQ,NASDAQ,161693563,,1 contract(s),1,0.140,no
IG,resolved,BATS,BATS,314584699,,1 contract(s),1,0.142,no
IGBH,resolved,ARCA,ARCA,201113876,,1 contract(s),1,0.102,no
IGCB,resolved,NYSE,NYSE,742459265,,1 contract(s),1,0.101,no
IGE,resolved,BATS,BATS,13695807,,1 contract(s),1,0.121,no
IGEB,resolved,BATS,BATS,282156633,,1 contract(s),1,0.144,no
IGF,resolved,NASDAQ,NASDAQ,47605491,,1 contract(s),1,0.123,no
IGGY,resolved,ARCA,ARCA,814529008,,1 contract(s),1,0.109,no
IGHG,resolved,BATS,BATS,137937806,,1 contract(s),1,0.103,no
IGIB,resolved,NASDAQ,NASDAQ,42454558,,1 contract(s),1,0.139,no
IGLB,resolved,ARCA,ARCA,69342629,,1 contract(s),1,0.084,no
IGLD,resolved,BATS,BATS,474668856,,1 contract(s),1,0.147,no
IGM,resolved,ARCA,ARCA,12637025,,1 contract(s),1,0.149,no
IGME,resolved,ARCA,ARCA,790694120,,1 contract(s),1,0.106,no
IGN,not_found,,,,,no response after 2 attempt(s) — likely IBKR error 200,2,20.002,no
IGOV,resolved,NASDAQ,NASDAQ,57482345,,1 contract(s),1,0.102,no
IGPT,resolved,ARCA,ARCA,319357022,,1 contract(s),1,0.144,no
IGRO,resolved,BATS,BATS,233776236,,1 contract(s),1,0.105,no
IGSB,resolved,NASDAQ,NASDAQ,42455799,,1 contract(s),1,0.105,no
IGTR,not_found,,,,,no response after 2 attempt(s) — likely IBKR error 200,2,20.002,no
IGV,resolved,BATS,BATS,12658199,,1 contract(s),1,0.135,no
IHAK,resolved,ARCA,ARCA,370889426,,1 contract(s),1,0.107,no
IHDG,resolved,ARCA,ARCA,150699950,,1 contract(s),1,0.131,no
IHE,resolved,ARCA,ARCA,39046979,,1 contract(s),1,0.120,no
IHF,resolved,ARCA,ARCA,39046982,,1 contract(s),1,0.142,no
IHI,resolved,ARCA,ARCA,39046985,,1 contract(s),1,0.109,no
IHY,resolved,ARCA,ARCA,229727437,,1 contract(s),1,0.100,no
IIGD,resolved,ARCA,ARCA,327314119,,1 contract(s),1,0.151,no
IIGV,not_found,,,,,no response after 2 attempt(s) — likely IBKR error 200,2,20.002,no
IJAN,resolved,ARCA,ARCA,397813622,,1 contract(s),1,0.146,no
IJH,resolved,ARCA,ARCA,9579987,,1 contract(s),1,0.111,no
IJJ,resolved,ARCA,ARCA,10369812,,1 contract(s),1,0.094,no
IJK,resolved,ARCA,ARCA,10369809,,1 contract(s),1,0.101,no
IJR,resolved,ARCA,ARCA,9579976,,1 contract(s),1,0.137,no
IJS,resolved,ARCA,ARCA,10435409,,1 contract(s),1,0.140,no
IJT,resolved,NASDAQ,NASDAQ,10435412,,1 contract(s),1,0.109,no
IJUL,resolved,ARCA,ARCA,373323064,,1 contract(s),1,0.149,no
IJUN,resolved,ARCA,ARCA,707175521,,1 contract(s),1,0.146,no
ILCB,resolved,ARCA,ARCA,29318700,,1 contract(s),1,0.109,no
ILCG,resolved,ARCA,ARCA,29318706,,1 contract(s),1,0.178,no
ILCV,resolved,ARCA,ARCA,29318711,,1 contract(s),1,0.128,no
ILDR,resolved,ARCA,ARCA,493581419,,1 contract(s),1,0.110,no
ILF,resolved,ARCA,ARCA,13648820,,1 contract(s),1,0.100,no
ILIT,resolved,NASDAQ,NASDAQ,638982481,,1 contract(s),1,0.098,no
ILOW,resolved,ARCA,ARCA,715346096,,1 contract(s),1,0.103,no
ILS,resolved,ARCA,ARCA,772483472,,1 contract(s),1,0.107,no
ILTB,resolved,ARCA,ARCA,69342634,,1 contract(s),1,0.142,no
IMAR,resolved,ARCA,ARCA,687497147,,1 contract(s),1,0.144,no
IMAY,resolved,ARCA,ARCA,700520962,,1 contract(s),1,0.109,no
IMCB,resolved,ARCA,ARCA,29318712,,1 contract(s),1,0.106,no
IMCG,resolved,ARCA,ARCA,29318717,,1 contract(s),1,0.129,no
IMCV,resolved,NASDAQ,NASDAQ,29318720,,1 contract(s),1,0.109,no
IMOM,resolved,NASDAQ,NASDAQ,217237083,,1 contract(s),1,0.150,no
IMRA,resolved,ARCA,ARCA,772782881,,1 contract(s),1,0.151,no
IMST,resolved,ARCA,ARCA,772782884,,1 contract(s),1,0.154,no
IMTB,resolved,ARCA,ARCA,254143308,,1 contract(s),1,0.146,no
IMTM,resolved,ARCA,ARCA,180124274,,1 contract(s),1,0.146,no
IMVP,resolved,ARCA,ARCA,319355859,,1 contract(s),1,0.090,no
INC,not_found,,,,,no response after 2 attempt(s) — likely IBKR error 200,2,20.006,no
INCE,resolved,ARCA,ARCA,248755455,,1 contract(s),1,0.144,no
INCM,resolved,ARCA,ARCA,635678249,,1 contract(s),1,0.110,no
INCO,resolved,ARCA,ARCA,251383254,,1 contract(s),1,0.104,no
IND,resolved,NASDAQ,NASDAQ,834263559,,1 contract(s),1,0.106,no
INDA,resolved,BATS,BATS,101484826,,1 contract(s),1,0.110,no
INDE,resolved,ARCA,ARCA,655624694,,1 contract(s),1,0.105,no
INDF,not_found,,,,,no response after 2 attempt(s) — likely IBKR error 200,2,20.004,no
INDH,resolved,NASDAQ,NASDAQ,702296820,,1 contract(s),1,0.105,no
INDL,resolved,ARCA,ARCA,225312858,,1 contract(s),1,0.110,no
INDS,resolved,ARCA,ARCA,317730379,,1 contract(s),1,0.131,no
INDY,resolved,NASDAQ,NASDAQ,70333958,,1 contract(s),1,0.111,no
INDZ,resolved,ARCA,ARCA,855469773,,1 contract(s),1,0.106,no
INEQ,resolved,ARCA,ARCA,706720003,,1 contract(s),1,0.117,no
INFL,resolved,ARCA,ARCA,464974603,,1 contract(s),1,0.284,no
INFO,resolved,NYSE,NYSE,734184075,,1 contract(s),1,0.193,no
INFR,not_found,,,,,no response after 2 attempt(s) — likely IBKR error 200,2,20.002,no
INKM,resolved,ARCA,ARCA,106661015,,1 contract(s),1,0.113,no
INMU,resolved,ARCA,ARCA,477170785,,1 contract(s),1,0.201,no
INNO,not_found,,,,,no response after 2 attempt(s) — likely IBKR error 200,2,20.003,no
INQQ,resolved,ARCA,ARCA,555015947,,1 contract(s),1,0.151,no
INR,resolved,NYSE,NYSE,757877644,,1 contract(s),1,0.139,no
INRO,resolved,NASDAQ,NASDAQ,693810751,,1 contract(s),1,0.151,no
INTF,resolved,ARCA,ARCA,192643864,,1 contract(s),1,0.087,no
INTW,resolved,NASDAQ,NASDAQ,760970920,,1 contract(s),1,0.145,no
INVG,resolved,ARCA,ARCA,789039965,,1 contract(s),1,0.102,no
INVN,resolved,ARCA,ARCA,752454717,,1 contract(s),1,0.103,no
IOCT,resolved,ARCA,ARCA,518304439,,1 contract(s),1,0.141,no
ION,resolved,ARCA,ARCA,600686664,,1 contract(s),1,0.101,no
IOO,resolved,ARCA,ARCA,11049686,,1 contract(s),1,0.123,no
IOPP,resolved,ARCA,ARCA,688252019,,1 contract(s),1,0.095,no
IOYY,resolved,NASDAQ,NASDAQ,828370124,,1 contract(s),1,0.104,no
IPAC,resolved,ARCA,ARCA,155518921,,1 contract(s),1,0.124,no
IPAV,resolved,BATS,BATS,725492240,,1 contract(s),1,0.139,no
IPAY,resolved,ARCA,ARCA,680623556,,1 contract(s),1,0.103,no
IPDP,not_found,,,,,no response after 2 attempt(s) — likely IBKR error 200,2,20.004,no
IPKW,resolved,NASDAQ,NASDAQ,320225884,,1 contract(s),1,0.149,no
IPO,resolved,ARCA,ARCA,136350535,,1 contract(s),1,0.126,no
IPOS,resolved,ARCA,ARCA,169534907,,1 contract(s),1,0.084,no
IPPP,not_found,,,,,no response after 2 attempt(s) — likely IBKR error 200,2,20.011,no
IPW,resolved,NASDAQ,NASDAQ,885295401,,1 contract(s),1,0.153,no
IQDE,not_found,,,,,no response after 2 attempt(s) — likely IBKR error 200,2,20.004,no
IQDF,resolved,ARCA,ARCA,125815455,,1 contract(s),1,0.127,no
IQDG,resolved,BATS,BATS,228590488,,1 contract(s),1,0.139,no
IQDY,resolved,ARCA,ARCA,125815450,,1 contract(s),1,0.143,no
IQHI,resolved,ARCA,ARCA,593186028,,1 contract(s),1,0.112,no
IQIN,not_found,,,,,no response after 2 attempt(s) — likely IBKR error 200,2,20.004,no
IQLT,resolved,ARCA,ARCA,180124279,,1 contract(s),1,0.144,no
IQM,resolved,BATS,BATS,405971886,,1 contract(s),1,0.144,no
IQQQ,resolved,NASDAQ,NASDAQ,692173637,,1 contract(s),1,0.107,no
IQRA,resolved,ARCA,ARCA,630097284,,1 contract(s),1,0.111,no
IQSI,resolved,ARCA,ARCA,395882742,,1 contract(s),1,0.106,no
IQSM,resolved,ARCA,ARCA,593186025,,1 contract(s),1,0.116,no
IQSU,resolved,ARCA,ARCA,395882745,,1 contract(s),1,0.150,no
IQSZ,resolved,ARCA,ARCA,799160856,,1 contract(s),1,0.183,no
IRBO,not_found,,,,,no response after 2 attempt(s) — likely IBKR error 200,2,20.005,no
IRET,not_found,,,,,no response after 2 attempt(s) — likely IBKR error 200,2,20.004,no
IROC,resolved,BATS,BATS,601776299,,1 contract(s),1,0.160,no
IRTR,resolved,ARCA,ARCA,660309029,,1 contract(s),1,0.102,no
IRVH,resolved,ARCA,ARCA,571281666,,1 contract(s),1,0.148,no
ISCB,resolved,ARCA,ARCA,29318725,,1 contract(s),1,0.100,no
ISCF,resolved,ARCA,ARCA,192643869,,1 contract(s),1,0.144,no
ISCG,resolved,ARCA,ARCA,29318730,,1 contract(s),1,0.101,no
ISCV,resolved,ARCA,ARCA,29318735,,1 contract(s),1,0.104,no
ISDB,not_found,,,,,no response after 2 attempt(s) — likely IBKR error 200,2,20.002,no
ISDX,not_found,,,,,no response after 2 attempt(s) — likely IBKR error 200,2,20.006,no
ISEM,not_found,,,,,no response after 2 attempt(s) — likely IBKR error 200,2,20.006,no
ISEP,resolved,ARCA,ARCA,652089169,,1 contract(s),1,0.140,no
ISHG,resolved,NASDAQ,NASDAQ,57482348,,1 contract(s),1,0.162,no
ISHP,resolved,NASDAQ,NASDAQ,248755977,,1 contract(s),1,0.186,no
ISMD,resolved,ARCA,ARCA,268132815,,1 contract(s),1,0.203,no
ISPY,resolved,BATS,BATS,673397027,,1 contract(s),1,0.207,no
ISRA,resolved,ARCA,ARCA,229727413,,1 contract(s),1,0.216,no
ISTB,resolved,NASDAQ,NASDAQ,115826957,,1 contract(s),1,0.191,no
ISUL,resolved,NASDAQ,NASDAQ,820572799,,1 contract(s),1,0.455,no
ISVL,resolved,BATS,BATS,478647613,,1 contract(s),1,0.346,no
ISWN,resolved,ARCA,ARCA,467756051,,1 contract(s),1,0.193,no
ISZE,not_found,,,,,no response after 2 attempt(s) — likely IBKR error 200,2,20.004,no
ITA,resolved,BATS,BATS,39046959,,1 contract(s),1,0.102,no
ITAN,resolved,ARCA,ARCA,499640633,,1 contract(s),1,0.140,no
ITB,resolved,BATS,BATS,39046954,,1 contract(s),1,0.111,no
ITDA,not_found,,,,,no response after 2 attempt(s) — likely IBKR error 200,2,20.006,no
ITDB,resolved,ARCA,ARCA,660293640,,1 contract(s),1,0.107,no
ITDC,resolved,ARCA,ARCA,660309039,,1 contract(s),1,0.103,no
ITDD,resolved,ARCA,ARCA,660309041,,1 contract(s),1,0.103,no
ITDE,resolved,ARCA,ARCA,660293651,,1 contract(s),1,0.107,no
ITDF,resolved,ARCA,ARCA,660293654,,1 contract(s),1,0.118,no
ITDG,resolved,ARCA,ARCA,660309020,,1 contract(s),1,0.106,no
ITDH,resolved,ARCA,ARCA,660309024,,1 contract(s),1,0.083,no
ITDI,resolved,ARCA,ARCA,660293645,,1 contract(s),1,0.108,no
ITDJ,resolved,ARCA,ARCA,741244368,,1 contract(s),1,0.160,no
ITEQ,resolved,ARCA,ARCA,680623545,,1 contract(s),1,0.123,no
ITM,resolved,BATS,BATS,337332935,,1 contract(s),1,0.114,no
ITOT,resolved,ARCA,ARCA,27443032,,1 contract(s),1,0.143,no
IUS,resolved,NASDAQ,NASDAQ,332975609,,1 contract(s),1,0.143,no
IUSB,resolved,NASDAQ,NASDAQ,155518924,,1 contract(s),1,0.098,no
IUSG,resolved,NASDAQ,NASDAQ,10753223,,1 contract(s),1,0.101,no
IUSS,not_found,,,,,no response after 2 attempt(s) — likely IBKR error 200,2,20.004,no
IUSV,resolved,NASDAQ,NASDAQ,10758520,,1 contract(s),1,0.151,no
IVAL,resolved,NASDAQ,NASDAQ,177128585,,1 contract(s),1,0.108,no
IVDG,not_found,,,,,no response after 2 attempt(s) — likely IBKR error 200,2,20.004,no
IVE,resolved,ARCA,ARCA,9579975,,1 contract(s),1,0.144,no
IVEG,not_found,,,,,no response after 2 attempt(s) — likely IBKR error 200,2,20.004,no
IVES,resolved,ARCA,ARCA,789278741,,1 contract(s),1,0.150,no
IVLC,not_found,,,,,no response after 2 attempt(s) — likely IBKR error 200,2,20.005,no
IVLU,resolved,ARCA,ARCA,197174257,,1 contract(s),1,0.103,no
IVOG,resolved,ARCA,ARCA,78645828,,1 contract(s),1,0.114,no
IVOL,resolved,ARCA,ARCA,365931926,,1 contract(s),1,0.132,no
IVOO,resolved,ARCA,ARCA,78645825,,1 contract(s),1,0.206,no
IVOV,resolved,ARCA,ARCA,78645835,,1 contract(s),1,0.106,no
IVRA,not_found,,,,,no response after 2 attempt(s) — likely IBKR error 200,2,20.004,no
IVRS,resolved,ARCA,ARCA,614065575,,1 contract(s),1,0.096,no
IVSG,not_found,,,,,no response after 2 attempt(s) — likely IBKR error 200,2,20.007,no
IVSS,resolved,NASDAQ,NASDAQ,836365973,,1 contract(s),1,0.108,no
IVV,resolved,ARCA,ARCA,8991352,,1 contract(s),1,0.038,no
IVVB,resolved,BATS,BATS,639605031,,1 contract(s),1,0.140,no
IVVM,resolved,BATS,BATS,639605032,,1 contract(s),1,0.139,no
IVVW,resolved,BATS,BATS,690418932,,1 contract(s),1,0.144,no
IVW,resolved,ARCA,ARCA,8991552,,1 contract(s),1,0.103,no
IWB,resolved,ARCA,ARCA,8991549,,1 contract(s),1,0.146,no
IWC,resolved,ARCA,ARCA,35445810,,1 contract(s),1,0.108,no
IWD,resolved,ARCA,ARCA,8991562,,1 contract(s),1,0.099,no
IWDL,resolved,ARCA,ARCA,469724295,,1 contract(s),1,0.109,no
IWF,resolved,ARCA,ARCA,8991557,,1 contract(s),1,0.158,no
IWFG,resolved,ARCA,ARCA,569541072,,1 contract(s),1,0.102,no
IWFH,not_found,,,,,no response after 2 attempt(s) — likely IBKR error 200,2,20.005,no
IWFL,resolved,ARCA,ARCA,469724285,,1 contract(s),1,0.150,no
IWIN,not_found,,,,,no response after 2 attempt(s) — likely IBKR error 200,2,20.004,no
IWL,resolved,ARCA,ARCA,69046163,,1 contract(s),1,0.152,no
IWLG,resolved,ARCA,ARCA,569541077,,1 contract(s),1,0.115,no
IWM,resolved,ARCA,ARCA,9579970,,1 contract(s),1,0.128,no
IWMI,resolved,BATS,BATS,712143742,,1 contract(s),1,0.141,no
IWML,resolved,ARCA,ARCA,469724290,,1 contract(s),1,0.141,no
IWMW,resolved,BATS,BATS,690418929,,1 contract(s),1,0.154,no
IWMY,resolved,ARCA,ARCA,716342254,,1 contract(s),1,0.093,no
IWN,resolved,ARCA,ARCA,10435407,,1 contract(s),1,0.149,no
IWO,resolved,ARCA,ARCA,10435402,,1 contract(s),1,0.107,no
IWP,resolved,ARCA,ARCA,13002605,,1 contract(s),1,0.105,no
IWR,resolved,ARCA,ARCA,13002600,,1 contract(s),1,0.108,no
IWS,resolved,ARCA,ARCA,13002611,,1 contract(s),1,0.140,no
IWTR,not_found,,,,,no response after 2 attempt(s) — likely IBKR error 200,2,20.004,no
IWV,resolved,ARCA,ARCA,10205675,,1 contract(s),1,0.141,no
IWX,resolved,ARCA,ARCA,69046900,,1 contract(s),1,0.128,no
IWY,resolved,ARCA,ARCA,69046928,,1 contract(s),1,0.178,no
IXC,resolved,ARCA,ARCA,13832153,,1 contract(s),1,0.083,no
IXG,resolved,ARCA,ARCA,13832156,,1 contract(s),1,0.130,no
IXJ,resolved,ARCA,ARCA,13832282,,1 contract(s),1,0.156,no
IXN,resolved,ARCA,ARCA,13832150,,1 contract(s),1,0.098,no
IXP,resolved,ARCA,ARCA,6604147,,1 contract(s),1,0.189,no
IXSE,not_found,,,,,no response after 2 attempt(s) — likely IBKR error 200,2,20.002,no
IXUS,resolved,NASDAQ,NASDAQ,115826952,,1 contract(s),1,0.161,no
IYC,resolved,ARCA,ARCA,10190337,,1 contract(s),1,0.129,no
IYE,resolved,ARCA,ARCA,10190340,,1 contract(s),1,0.157,no
IYF,resolved,ARCA,ARCA,9579962,,1 contract(s),1,0.138,no
IYG,resolved,ARCA,ARCA,9930889,,1 contract(s),1,0.105,no
IYH,resolved,ARCA,ARCA,10753238,,1 contract(s),1,0.100,no
IYJ,resolved,BATS,BATS,10753241,,1 contract(s),1,0.097,no
IYK,resolved,ARCA,ARCA,10753235,,1 contract(s),1,0.161,no
IYLD,resolved,BATS,BATS,105507912,,1 contract(s),1,0.106,no
IYM,resolved,ARCA,ARCA,10753224,,1 contract(s),1,0.109,no
IYR,resolved,ARCA,ARCA,10209369,,1 contract(s),1,0.143,no
IYRI,resolved,BATS,BATS,754102235,,1 contract(s),1,0.150,no
IYT,resolved,BATS,BATS,26337175,,1 contract(s),1,0.217,no
IYW,resolved,ARCA,ARCA,10158652,,1 contract(s),1,0.166,no
IYY,resolved,ARCA,ARCA,10205678,,1 contract(s),1,0.114,no
IYZ,resolved,BATS,BATS,9579981,,1 contract(s),1,0.118,no
IZRL,resolved,BATS,BATS,298541826,,1 contract(s),1,0.196,no
JAAA,resolved,ARCA,ARCA,450862181,,1 contract(s),1,0.200,no
JADE,resolved,ARCA,ARCA,703681167,,1 contract(s),1,0.139,no
JAJL,resolved,BATS,BATS,713229020,,1 contract(s),1,0.140,no
JANT,resolved,BATS,BATS,463451424,,1 contract(s),1,0.102,no
JANW,resolved,BATS,BATS,463451429,,1 contract(s),1,0.107,no
JANZ,resolved,BATS,BATS,805705223,,1 contract(s),1,0.145,no
JAVA,resolved,ARCA,ARCA,518627867,,1 contract(s),1,0.150,no
JBBB,resolved,BATS,BATS,537454625,,1 contract(s),1,0.145,no
JBND,resolved,NYSE,NYSE,659068180,,1 contract(s),1,0.151,no
JCHI,resolved,ARCA,ARCA,619557154,,1 contract(s),1,0.111,no
JCPB,resolved,ARCA,ARCA,351775799,,1 contract(s),1,0.152,no
JCPI,resolved,ARCA,ARCA,555500165,,1 contract(s),1,0.090,no
JCTR,not_found,,,,,no response after 2 attempt(s) — likely IBKR error 200,2,20.005,no
JDIV,resolved,ARCA,ARCA,731478584,,1 contract(s),1,0.103,no
JDOC,resolved,NASDAQ,NASDAQ,663593005,,1 contract(s),1,0.151,no
JDST,resolved,ARCA,ARCA,854072545,,1 contract(s),1,0.099,no
JDVI,resolved,ARCA,ARCA,673664465,,1 contract(s),1,0.089,no
JEDI,resolved,ARCA,ARCA,817976191,,1 contract(s),1,0.105,no
JEM,resolved,NASDAQ,NASDAQ,900618174,,1 contract(s),1,0.165,no
JEMA,resolved,NASDAQ,NASDAQ,476061807,,1 contract(s),1,0.150,no
JEMB,resolved,ARCA,ARCA,722303937,,1 contract(s),1,0.130,no
JEPI,resolved,ARCA,ARCA,423216410,,1 contract(s),1,0.140,no
JEPQ,resolved,NASDAQ,NASDAQ,559931479,,1 contract(s),1,0.128,no
JETD,resolved,ARCA,ARCA,638362078,,1 contract(s),1,0.141,no
JETS,resolved,ARCA,ARCA,192643858,,1 contract(s),1,0.142,no
JETU,resolved,ARCA,ARCA,638362082,,1 contract(s),1,0.106,no
JFLI,resolved,ARCA,ARCA,760773324,,1 contract(s),1,0.103,no
JFLX,resolved,ARCA,ARCA,817976202,,1 contract(s),1,0.108,no
JFWD,not_found,,,,,no response after 2 attempt(s) — likely IBKR error 200,2,20.007,no
JGLO,resolved,NASDAQ,NASDAQ,653757705,,1 contract(s),1,0.107,no
JGRO,resolved,ARCA,ARCA,578413058,,1 contract(s),1,0.150,no
JGRW,resolved,ARCA,ARCA,722303856,,1 contract(s),1,0.103,no
JHAC,resolved,ARCA,ARCA,663376399,,1 contract(s),1,0.103,no
JHAI,resolved,NASDAQ,NASDAQ,808619672,,1 contract(s),1,0.170,no
JHCB,resolved,ARCA,ARCA,479630105,,1 contract(s),1,0.107,no
JHDV,resolved,ARCA,ARCA,588206975,,1 contract(s),1,0.106,no
JHEM,resolved,ARCA,ARCA,335460261,,1 contract(s),1,0.104,no
JHHY,resolved,ARCA,ARCA,700520973,,1 contract(s),1,0.102,no
JHID,resolved,ARCA,ARCA,604411842,,1 contract(s),1,0.142,no
JHLN,resolved,ARCA,ARCA,808311609,,1 contract(s),1,0.108,no
JHMB,resolved,ARCA,ARCA,508811014,,1 contract(s),1,0.150,no
JHMD,resolved,ARCA,ARCA,258905258,,1 contract(s),1,0.148,no
JHML,resolved,ARCA,ARCA,208317013,,1 contract(s),1,0.091,no
JHMM,resolved,ARCA,ARCA,208317018,,1 contract(s),1,0.111,no
JHMU,resolved,ARCA,ARCA,663376394,,1 contract(s),1,0.103,no
JHPI,resolved,ARCA,ARCA,532646875,,1 contract(s),1,0.104,no
JHSC,resolved,ARCA,ARCA,295520848,,1 contract(s),1,0.144,no
JIDA,not_found,,,,,no response after 2 attempt(s) — likely IBKR error 200,2,20.008,no
JIG,resolved,ARCA,ARCA,423216415,,1 contract(s),1,0.147,no
JIII,resolved,ARCA,ARCA,741208380,,1 contract(s),1,0.111,no
JIRE,resolved,ARCA,ARCA,566841782,,1 contract(s),1,0.213,no
JIVE,resolved,NASDAQ,NASDAQ,653757708,,1 contract(s),1,0.174,no
JJA,not_found,,,,,no response after 2 attempt(s) — likely IBKR error 200,2,20.004,no
JJC,not_found,,,,,no response after 2 attempt(s) — likely IBKR error 200,2,20.003,no
JJE,not_found,,,,,no response after 2 attempt(s) — likely IBKR error 200,2,20.003,no
JJG,not_found,,,,,no response after 2 attempt(s) — likely IBKR error 200,2,20.005,no
JJM,not_found,,,,,no response after 2 attempt(s) — likely IBKR error 200,2,20.004,no
JJN,not_found,,,,,no response after 2 attempt(s) — likely IBKR error 200,2,20.003,no
JJP,not_found,,,,,no response after 2 attempt(s) — likely IBKR error 200,2,20.004,no
JJS,not_found,,,,,no response after 2 attempt(s) — likely IBKR error 200,2,20.006,no
JJT,not_found,,,,,no response after 2 attempt(s) — likely IBKR error 200,2,20.008,no
JJU,not_found,,,,,no response after 2 attempt(s) — likely IBKR error 200,2,20.010,no
JLQD,resolved,ARCA,ARCA,513290458,,1 contract(s),1,0.102,no
JMBS,resolved,ARCA,ARCA,333130749,,1 contract(s),1,0.143,no
JMEE,resolved,ARCA,ARCA,560578187,,1 contract(s),1,0.149,no
JMHI,resolved,ARCA,ARCA,642161560,,1 contract(s),1,0.110,no
JMID,resolved,NASDAQ,NASDAQ,729375123,,1 contract(s),1,0.108,no
JMOM,resolved,ARCA,ARCA,295518913,,1 contract(s),1,0.150,no
JMSI,resolved,ARCA,ARCA,642161565,,1 contract(s),1,0.112,no
JMST,resolved,ARCA,ARCA,337739817,,1 contract(s),1,0.104,no
JMUB,resolved,ARCA,ARCA,339974442,,1 contract(s),1,0.151,no
JNK,resolved,ARCA,ARCA,356312840,,1 contract(s),1,0.177,no
JNUG,resolved,ARCA,ARCA,416854773,,1 contract(s),1,0.111,no
JO,not_found,,,,,no response after 2 attempt(s) — likely IBKR error 200,2,20.006,no
JOET,resolved,ARCA,ARCA,455801532,,1 contract(s),1,0.113,no
JOJO,resolved,ARCA,ARCA,503146652,,1 contract(s),1,0.105,no
JOYT,resolved,NASDAQ,NASDAQ,807655630,,1 contract(s),1,0.153,no
JPAN,resolved,ARCA,ARCA,655624697,,1 contract(s),1,0.143,no
JPEF,resolved,NASDAQ,NASDAQ,645673197,,1 contract(s),1,0.145,no
JPEM,resolved,ARCA,ARCA,179343619,,1 contract(s),1,0.152,no
JPHY,resolved,ARCA,ARCA,794356545,,1 contract(s),1,0.110,no
JPIB,resolved,ARCA,ARCA,272356189,,1 contract(s),1,0.107,no
JPIE,resolved,ARCA,ARCA,524096632,,1 contract(s),1,0.155,no
JPIN,resolved,ARCA,ARCA,173148142,,1 contract(s),1,0.150,no
JPLD,resolved,ARCA,ARCA,645362099,,1 contract(s),1,0.148,no
JPMB,resolved,ARCA,ARCA,304958825,,1 contract(s),1,0.109,no
JPME,resolved,ARCA,ARCA,233150444,,1 contract(s),1,0.145,no
JPMO,not_found,,,,,no response after 2 attempt(s) — likely IBKR error 200,2,20.006,no
JPO,resolved,ARCA,ARCA,653371961,,1 contract(s),1,0.138,no
JPRE,resolved,ARCA,ARCA,563417302,,1 contract(s),1,0.102,no
JPSE,resolved,ARCA,ARCA,255608023,,1 contract(s),1,0.144,no
JPST,resolved,ARCA,ARCA,276459749,,1 contract(s),1,0.137,no
JPSV,resolved,ARCA,ARCA,618334673,,1 contract(s),1,0.144,no
JPUS,resolved,ARCA,ARCA,208426442,,1 contract(s),1,0.147,no
JPXN,resolved,ARCA,ARCA,13648948,,1 contract(s),1,0.147,no
JPY,resolved,NASDAQ,NASDAQ,774122382,,1 contract(s),1,0.107,no
JQUA,resolved,ARCA,ARCA,295518916,,1 contract(s),1,0.142,no
JRE,resolved,ARCA,ARCA,498854113,,1 contract(s),1,0.157,no
JRNY,not_found,,,,,no response after 2 attempt(s) — likely IBKR error 200,2,20.009,no
JSCP,resolved,ARCA,ARCA,474514866,,1 contract(s),1,0.143,no
JSI,resolved,ARCA,ARCA,664697718,,1 contract(s),1,0.293,no
JSMD,resolved,NASDAQ,NASDAQ,223667863,,1 contract(s),1,0.204,no
JSML,resolved,NASDAQ,NASDAQ,223667858,,1 contract(s),1,0.130,no
JSTC,resolved,ARCA,ARCA,459553805,,1 contract(s),1,0.144,no
JTEK,resolved,NASDAQ,NASDAQ,658122148,,1 contract(s),1,0.110,no
JUCY,resolved,BATS,BATS,595177773,,1 contract(s),1,0.148,no
JULD,not_found,,,,,no response after 2 attempt(s) — likely IBKR error 200,2,20.007,no
JULH,resolved,BATS,BATS,640120093,,1 contract(s),1,0.183,no
JULJ,resolved,BATS,BATS,640120097,,1 contract(s),1,0.139,no
JULQ,not_found,,,,,no response after 2 attempt(s) — likely IBKR error 200,2,20.006,no
JULT,resolved,BATS,BATS,430858150,,1 contract(s),1,0.116,no
JULW,resolved,BATS,BATS,430858147,,1 contract(s),1,0.103,no
JULZ,resolved,BATS,BATS,812511734,,1 contract(s),1,0.101,no
JUNE,not_found,,,,,no response after 2 attempt(s) — likely IBKR error 200,2,20.005,no
JUNM,resolved,BATS,BATS,711280007,,1 contract(s),1,0.094,no
JUNT,resolved,BATS,BATS,634331822,,1 contract(s),1,0.102,no
JUNW,resolved,BATS,BATS,634331824,,1 contract(s),1,0.135,no
JUNZ,resolved,BATS,BATS,805705224,,1 contract(s),1,0.143,no
JUSA,resolved,ARCA,ARCA,768185580,,1 contract(s),1,0.136,no
JUST,resolved,ARCA,ARCA,321207371,,1 contract(s),1,0.129,no
JVAL,resolved,ARCA,ARCA,295518923,,1 contract(s),1,0.143,no
JXI,resolved,ARCA,ARCA,40784279,,1 contract(s),1,0.101,no
JZRO,not_found,,,,,no response after 2 attempt(s) — likely IBKR error 200,2,20.010,no
KALL,not_found,,,,,no response after 2 attempt(s) — likely IBKR error 200,2,20.006,no
KAPR,resolved,BATS,BATS,415483745,,1 contract(s),1,0.202,no
KARS,resolved,ARCA,ARCA,303205339,,1 contract(s),1,0.144,no
KAT,resolved,NASDAQ,NASDAQ,809521340,,1 contract(s),1,0.146,no
KBA,resolved,ARCA,ARCA,145723873,,1 contract(s),1,0.147,no
KBAB,resolved,NASDAQ,NASDAQ,767907379,,1 contract(s),1,0.099,no
KBDU,resolved,NASDAQ,NASDAQ,832443722,,1 contract(s),1,0.142,no
KBE,resolved,ARCA,ARCA,45540769,,1 contract(s),1,0.103,no
KBND,not_found,,,,,no response after 2 attempt(s) — likely IBKR error 200,2,20.007,no
KBUF,resolved,ARCA,ARCA,682850044,,1 contract(s),1,0.103,no
KBUY,not_found,,,,,no response after 2 attempt(s) — likely IBKR error 200,2,20.005,no
KBWB,resolved,NASDAQ,NASDAQ,320227535,,1 contract(s),1,0.142,no
KBWD,resolved,NASDAQ,NASDAQ,320227537,,1 contract(s),1,0.120,no
KBWP,resolved,NASDAQ,NASDAQ,320227547,,1 contract(s),1,0.132,no
KBWR,not_found,,,,,no response after 2 attempt(s) — likely IBKR error 200,2,20.010,no
KBWY,resolved,NASDAQ,NASDAQ,320227540,,1 contract(s),1,0.087,no
KCAI,resolved,ARCA,ARCA,725492238,,1 contract(s),1,0.104,no
KCCA,resolved,ARCA,ARCA,518943105,,1 contract(s),1,0.157,no
KCE,resolved,ARCA,ARCA,45540819,,1 contract(s),1,0.155,no
KCSH,resolved,ARCA,ARCA,718209241,,1 contract(s),1,0.110,no
KDEF,resolved,ARCA,ARCA,759148399,,1 contract(s),1,0.132,no
KDIV,not_found,,,,,no response after 2 attempt(s) — likely IBKR error 200,2,20.006,no
KDRN,resolved,ARCA,ARCA,534281077,,1 contract(s),1,0.101,no
KEAT,resolved,NASDAQ,NASDAQ,693599939,,1 contract(s),1,0.107,no
KEJI,not_found,,,,,no response after 2 attempt(s) — likely IBKR error 200,2,20.006,no
KEM,not_found,,,,,no response after 2 attempt(s) — likely IBKR error 200,2,20.009,no
KEMQ,resolved,ARCA,ARCA,292181034,,1 contract(s),1,0.109,no
KEMX,resolved,ARCA,ARCA,360760435,,1 contract(s),1,0.154,no
KESG,not_found,,,,,no response after 2 attempt(s) — likely IBKR error 200,2,20.014,no
KEUA,not_found,,,,,no response after 2 attempt(s) — likely IBKR error 200,2,20.008,no
KFVG,not_found,,,,,no response after 2 attempt(s) — likely IBKR error 200,2,20.004,no
KFYP,not_found,,,,,no response after 2 attempt(s) — likely IBKR error 200,2,20.010,no
KGLD,resolved,BATS,BATS,797020949,,1 contract(s),1,0.143,no
KGRN,resolved,ARCA,ARCA,292406140,,1 contract(s),1,0.152,no
KHYB,resolved,ARCA,ARCA,324062416,,1 contract(s),1,0.174,no
KIE,resolved,ARCA,ARCA,45540872,,1 contract(s),1,0.160,no
KJAN,resolved,BATS,BATS,397813635,,1 contract(s),1,0.111,no
KJD,resolved,NASDAQ,NASDAQ,822731751,,1 contract(s),1,0.085,no
KJUL,resolved,BATS,BATS,430797606,,1 contract(s),1,0.140,no
KLCD,not_found,,,,,no response after 2 attempt(s) — likely IBKR error 200,2,20.004,no
KLDW,not_found,,,,,no response after 2 attempt(s) — likely IBKR error 200,2,20.007,no
KLIP,resolved,ARCA,ARCA,748615383,,1 contract(s),1,0.149,no
KLMT,resolved,ARCA,ARCA,712146399,,1 contract(s),1,0.145,no
KLNE,not_found,,,,,no response after 2 attempt(s) — likely IBKR error 200,2,20.004,no
KLXY,not_found,,,,,no response after 2 attempt(s) — likely IBKR error 200,2,20.007,no
KMED,not_found,,,,,no response after 2 attempt(s) — likely IBKR error 200,2,20.006,no
KMET,not_found,,,,,no response after 2 attempt(s) — likely IBKR error 200,2,20.007,no
KMID,resolved,ARCA,ARCA,735459451,,1 contract(s),1,0.111,no
KMLI,resolved,NASDAQ,NASDAQ,791105391,,1 contract(s),1,0.108,no
KMLM,resolved,ARCA,ARCA,458378552,,1 contract(s),1,0.104,no
KNCT,resolved,ARCA,ARCA,319356983,,1 contract(s),1,0.163,no
KNG,resolved,BATS,BATS,474092451,,1 contract(s),1,0.114,no
KNGS,not_found,,,,,no response after 2 attempt(s) — likely IBKR error 200,2,20.006,no
KNGZ,resolved,NASDAQ,NASDAQ,280262339,,1 contract(s),1,0.098,no
KNO,resolved,ARCA,ARCA,716381346,,1 contract(s),1,0.111,no
KNOW,resolved,BATS,BATS,686144374,,1 contract(s),1,0.112,no
KNRG,resolved,ARCA,ARCA,787280647,,1 contract(s),1,0.150,no
KOCG,not_found,,,,,no response after 2 attempt(s) — likely IBKR error 200,2,20.005,no
KOCT,resolved,BATS,BATS,385690434,,1 contract(s),1,0.248,no
KOID,resolved,NASDAQ,NASDAQ,789480841,,1 contract(s),1,0.127,no
KOIN,not_found,,,,,no response after 2 attempt(s) — likely IBKR error 200,2,20.005,no
KOKU,resolved,ARCA,ARCA,416323110,,1 contract(s),1,0.135,no
KOLD,resolved,ARCA,ARCA,562283011,,1 contract(s),1,0.145,no
KOMP,resolved,ARCA,ARCA,338719520,,1 contract(s),1,0.132,no
KONG,resolved,BATS,BATS,504262798,,1 contract(s),1,0.143,no
KOOL,resolved,ARCA,ARCA,694302877,,1 contract(s),1,0.145,no
KORP,resolved,ARCA,ARCA,302704700,,1 contract(s),1,0.140,no
KORU,resolved,ARCA,ARCA,754315862,,1 contract(s),1,0.100,no
KPDD,resolved,NASDAQ,NASDAQ,767907382,,1 contract(s),1,0.125,no
KPOP,not_found,,,,,no response after 2 attempt(s) — likely IBKR error 200,2,20.004,no
KPRO,resolved,ARCA,ARCA,682850041,,1 contract(s),1,0.146,no
KQQQ,resolved,NASDAQ,NASDAQ,717838551,,1 contract(s),1,0.146,no
KRBN,resolved,ARCA,ARCA,437113803,,1 contract(s),1,0.130,no
KRE,resolved,ARCA,ARCA,45540822,,1 contract(s),1,0.142,no
KRMA,not_found,,,,,no response after 2 attempt(s) — likely IBKR error 200,2,20.008,no
KROP,resolved,NASDAQ,NASDAQ,811021456,,1 contract(s),1,0.132,no
KRUZ,not_found,,,,,no response after 2 attempt(s) — likely IBKR error 200,2,20.002,no
KSA,resolved,ARCA,ARCA,206663855,,1 contract(s),1,0.107,no
KSEA,not_found,,,,,no response after 2 attempt(s) — likely IBKR error 200,2,20.006,no
KSLV,resolved,BATS,BATS,818284908,,1 contract(s),1,0.082,no
KSPY,resolved,ARCA,ARCA,715611619,,1 contract(s),1,0.125,no
KSTR,resolved,ARCA,ARCA,467911297,,1 contract(s),1,0.118,no
KTEC,resolved,ARCA,ARCA,495763811,,1 contract(s),1,0.205,no
KURE,resolved,ARCA,ARCA,305186267,,1 contract(s),1,0.148,no
KVLE,resolved,ARCA,ARCA,457104543,,1 contract(s),1,0.133,no
KWEB,resolved,ARCA,ARCA,132310537,,1 contract(s),1,0.144,no
KWT,resolved,BATS,BATS,443408548,,1 contract(s),1,0.139,no
KXI,resolved,ARCA,ARCA,40784274,,1 contract(s),1,0.106,no
LABD,resolved,ARCA,ARCA,812475642,,1 contract(s),1,0.095,no
LABU,resolved,ARCA,ARCA,665380967,,1 contract(s),1,0.133,no
LALT,resolved,ARCA,ARCA,611462826,,1 contract(s),1,0.104,no
LAYS,not_found,,,,,no response after 2 attempt(s) — likely IBKR error 200,2,20.005,no
LBAY,resolved,ARCA,ARCA,455616426,,1 contract(s),1,0.105,no
LBO,resolved,BATS,BATS,668668292,,1 contract(s),1,0.084,no
LCAP,resolved,BATS,BATS,771334510,,1 contract(s),1,0.141,no
LCDL,not_found,,,,,no response after 2 attempt(s) — likely IBKR error 200,2,20.001,no
LCDS,resolved,NASDAQ,NASDAQ,721315837,,1 contract(s),1,0.114,no
LCF,resolved,BATS,BATS,576969484,,1 contract(s),1,0.143,no
LCG,not_found,,,,,no response after 2 attempt(s) — likely IBKR error 200,2,20.007,no
LCLG,resolved,ARCA,ARCA,578351155,,1 contract(s),1,0.087,no
LCR,resolved,ARCA,ARCA,754525885,,1 contract(s),1,0.173,no
LCTD,resolved,ARCA,ARCA,480746350,,1 contract(s),1,0.138,no
LCTU,resolved,ARCA,ARCA,480746347,,1 contract(s),1,0.111,no
LD,not_found,,,,,no response after 2 attempt(s) — likely IBKR error 200,2,20.006,no
LDEM,resolved,NASDAQ,NASDAQ,403103964,,1 contract(s),1,0.152,no
LDRC,resolved,ARCA,ARCA,740062418,,1 contract(s),1,0.156,no
LDRH,resolved,ARCA,ARCA,740062423,,1 contract(s),1,0.112,no
LDRI,resolved,ARCA,ARCA,740062424,,1 contract(s),1,0.110,no
LDRT,resolved,ARCA,ARCA,740528546,,1 contract(s),1,0.107,no
LDRX,resolved,NASDAQ,NASDAQ,781675315,,1 contract(s),1,0.141,no
LDSF,resolved,NASDAQ,NASDAQ,348593570,,1 contract(s),1,0.147,no
LDUR,resolved,ARCA,ARCA,142896452,,1 contract(s),1,0.108,no
LEAD,not_found,,,,,no response after 2 attempt(s) — likely IBKR error 200,2,20.002,no
LEGR,resolved,NASDAQ,NASDAQ,304032018,,1 contract(s),1,0.107,no
LEMB,resolved,ARCA,ARCA,96079917,,1 contract(s),1,0.127,no
LEXI,resolved,NASDAQ,NASDAQ,500073351,,1 contract(s),1,0.109,no
LFEQ,resolved,ARCA,ARCA,291378180,,1 contract(s),1,0.182,no
LFGY,resolved,ARCA,ARCA,754102223,,1 contract(s),1,0.207,no
LFSC,resolved,NASDAQ,NASDAQ,738738796,,1 contract(s),1,0.190,no
LGCF,resolved,NASDAQ,NASDAQ,671347150,,1 contract(s),1,0.121,no
LGDX,resolved,ARCA,ARCA,764745848,,1 contract(s),1,0.148,no
LGH,resolved,ARCA,ARCA,386755002,,1 contract(s),1,0.118,no
LGHT,resolved,ARCA,ARCA,676783263,,1 contract(s),1,0.112,no
LGLV,resolved,ARCA,ARCA,123103552,,1 contract(s),1,0.104,no
LGOV,resolved,ARCA,ARCA,351057354,,1 contract(s),1,0.145,no
LGRO,resolved,NASDAQ,NASDAQ,650082829,,1 contract(s),1,0.106,no
LINT,resolved,NASDAQ,NASDAQ,832145184,,1 contract(s),1,0.109,no
LIT,resolved,ARCA,ARCA,211651695,,1 contract(s),1,0.148,no
LITL,resolved,ARCA,ARCA,780414757,,1 contract(s),1,0.143,no
LITP,resolved,NASDAQ,NASDAQ,611584566,,1 contract(s),1,0.106,no
LIVR,not_found,,,,,no response after 2 attempt(s) — likely IBKR error 200,2,20.005,no
LKOR,resolved,BATS,BATS,207825358,,1 contract(s),1,0.120,no
LLDR,resolved,ARCA,ARCA,727529174,,1 contract(s),1,0.111,no
LLYX,resolved,ARCA,ARCA,721288718,,1 contract(s),1,0.134,no
LMBO,not_found,,,,,no response after 2 attempt(s) — likely IBKR error 200,2,20.005,no
LMBS,resolved,NASDAQ,NASDAQ,172854886,,1 contract(s),1,0.140,no
LMNX,resolved,NASDAQ,NASDAQ,823013254,,1 contract(s),1,0.210,no
LMUB,resolved,ARCA,ARCA,769117604,,1 contract(s),1,0.149,no
LNGG,not_found,,,,,no response after 2 attempt(s) — likely IBKR error 200,2,20.006,no
LNGX,resolved,ARCA,ARCA,826493475,,1 contract(s),1,0.104,no
LNGZ,not_found,,,,,no response after 2 attempt(s) — likely IBKR error 200,2,20.005,no
LOCT,resolved,BATS,BATS,657517475,,1 contract(s),1,0.142,no
LOGO,resolved,NASDAQ,NASDAQ,787744978,,1 contract(s),1,0.155,no
LONZ,resolved,ARCA,ARCA,566205812,,1 contract(s),1,0.110,no
LOPP,resolved,ARCA,ARCA,468793464,,1 contract(s),1,0.107,no
LOTI,resolved,NASDAQ,NASDAQ,818271122,,1 contract(s),1,0.109,no
LOUP,resolved,ARCA,ARCA,327314206,,1 contract(s),1,0.133,no
LOWV,resolved,ARCA,ARCA,621534108,,1 contract(s),1,0.112,no
LPRE,resolved,ARCA,ARCA,773302478,,1 contract(s),1,0.158,no
LQAI,resolved,ARCA,ARCA,664518932,,1 contract(s),1,0.147,no
LQD,resolved,ARCA,ARCA,15547816,,1 contract(s),1,0.151,no
LQDB,resolved,ARCA,ARCA,492142913,,1 contract(s),1,0.143,no
LQDH,resolved,ARCA,ARCA,153090093,,1 contract(s),1,0.126,no
LQDI,resolved,BATS,BATS,317235350,,1 contract(s),1,0.109,no
LQIG,not_found,,,,,no response after 2 attempt(s) — likely IBKR error 200,2,20.008,no
LQPE,not_found,,,,,no response after 2 attempt(s) — likely IBKR error 200,2,20.004,no
LQTI,resolved,ARCA,ARCA,760778278,,1 contract(s),1,0.107,no
LRGC,resolved,ARCA,ARCA,655310917,,1 contract(s),1,0.112,no
LRGE,resolved,NASDAQ,NASDAQ,277216817,,1 contract(s),1,0.107,no
LRGF,resolved,ARCA,ARCA,192643873,,1 contract(s),1,0.130,no
LRGG,resolved,ARCA,ARCA,703246380,,1 contract(s),1,0.104,no
LRND,resolved,NASDAQ,NASDAQ,543283593,,1 contract(s),1,0.109,no
LRNZ,resolved,BATS,BATS,791478304,,1 contract(s),1,0.085,no
LSAF,resolved,ARCA,ARCA,335755664,,1 contract(s),1,0.146,no
LSAT,resolved,ARCA,ARCA,452087669,,1 contract(s),1,0.135,no
LSEQ,resolved,ARCA,ARCA,669231260,,1 contract(s),1,0.202,no
LSGR,resolved,ARCA,ARCA,639450941,,1 contract(s),1,0.134,no
LSST,not_found,,,,,no response after 2 attempt(s) — likely IBKR error 200,2,20.006,no
LST,resolved,ARCA,ARCA,755303588,,1 contract(s),1,0.109,no
LSVD,resolved,ARCA,ARCA,748616336,,1 contract(s),1,0.107,no
LTCC,resolved,NASDAQ,NASDAQ,826423830,,1 contract(s),1,0.122,no
LTL,resolved,ARCA,ARCA,49942534,,1 contract(s),1,0.119,no
LTPZ,resolved,ARCA,ARCA,68388485,,1 contract(s),1,0.151,no
LTTI,resolved,ARCA,ARCA,760778054,,1 contract(s),1,0.101,no
LULG,resolved,NASDAQ,NASDAQ,828640877,,1 contract(s),1,0.085,no
LUX,not_found,,,,,no response after 2 attempt(s) — likely IBKR error 200,2,20.005,no
LUXE,resolved,NYSE,NYSE,466739480,,1 contract(s),1,0.086,no
LUXX,not_found,,,,,no response after 2 attempt(s) — likely IBKR error 200,2,20.008,no
LVDS,resolved,NASDAQ,NASDAQ,798501328,,1 contract(s),1,0.146,no
LVHD,resolved,NASDAQ,NASDAQ,217581626,,1 contract(s),1,0.105,no
LVHI,resolved,BATS,BATS,242140467,,1 contract(s),1,0.109,no
LVOL,not_found,,,,,no response after 2 attempt(s) — likely IBKR error 200,2,20.008,no
LYFE,not_found,,,,,no response after 2 attempt(s) — likely IBKR error 200,2,20.010,no
MAAX,not_found,,,,,no response after 2 attempt(s) — likely IBKR error 200,2,20.010,no
MAAY,resolved,NASDAQ,NASDAQ,828370130,,1 contract(s),1,0.146,no
MADE,resolved,ARCA,ARCA,716160980,,1 contract(s),1,0.145,no
MAGA,ambiguous,,,,ARCA|BATS,2 contracts across 2 venues,1,0.119,no
MAGC,resolved,BATS,BATS,733126350,,1 contract(s),1,0.103,no
MAGG,resolved,ARCA,ARCA,650949021,,1 contract(s),1,0.113,no
MAGQ,not_found,,,,,no response after 2 attempt(s) — likely IBKR error 200,2,20.005,no
MAGS,resolved,BATS,BATS,624756922,,1 contract(s),1,0.176,no
MAGX,resolved,BATS,BATS,687497130,,1 contract(s),1,0.143,no
MAGY,resolved,BATS,BATS,779329633,,1 contract(s),1,0.147,no
MAKX,resolved,ARCA,ARCA,517867328,,1 contract(s),1,0.147,no
MAMB,resolved,BATS,BATS,478647531,,1 contract(s),1,0.168,no
MANI,resolved,ARCA,ARCA,814795335,,1 contract(s),1,0.104,no
MAPP,resolved,ARCA,ARCA,653576409,,1 contract(s),1,0.109,no
MARB,not_found,,,,,no response after 2 attempt(s) — likely IBKR error 200,2,20.005,no
MARM,resolved,BATS,BATS,693595079,,1 contract(s),1,0.164,no
MARO,resolved,ARCA,ARCA,747339265,,1 contract(s),1,0.087,no
MART,resolved,BATS,BATS,617333302,,1 contract(s),1,0.167,no
MARW,resolved,BATS,BATS,617333305,,1 contract(s),1,0.142,no
MARZ,resolved,BATS,BATS,805705258,,1 contract(s),1,0.141,no
MAVF,resolved,ARCA,ARCA,763584860,,1 contract(s),1,0.109,no
MAXI,resolved,NASDAQ,NASDAQ,589098774,,1 contract(s),1,0.129,no
MAYT,resolved,BATS,BATS,628620434,,1 contract(s),1,0.149,no
MAYW,resolved,BATS,BATS,628620439,,1 contract(s),1,0.146,no
MAYZ,resolved,BATS,BATS,805705241,,1 contract(s),1,0.149,no
MBB,resolved,NASDAQ,NASDAQ,43283708,,1 contract(s),1,0.154,no
MBBB,resolved,BATS,BATS,458378557,,1 contract(s),1,0.145,no
MBCC,not_found,,,,,no response after 2 attempt(s) — likely IBKR error 200,2,20.009,no
MBND,resolved,BATS,BATS,469352078,,1 contract(s),1,0.142,no
MBNE,not_found,,,,,no response after 2 attempt(s) — likely IBKR error 200,2,20.006,no
MBOX,resolved,ARCA,ARCA,489137073,,1 contract(s),1,0.182,no
MBS,resolved,NASDAQ,NASDAQ,685218921,,1 contract(s),1,0.105,no
MBSD,resolved,ARCA,ARCA,165880457,,1 contract(s),1,0.109,no
MBSF,resolved,ARCA,ARCA,687087921,,1 contract(s),1,0.087,no
MBSX,resolved,ARCA,ARCA,781264654,,1 contract(s),1,0.105,no
MCDS,resolved,NASDAQ,NASDAQ,721315842,,1 contract(s),1,0.141,no
MCH,resolved,ARCA,ARCA,573167020,,1 contract(s),1,0.106,no
MCHI,resolved,NASDAQ,NASDAQ,86326988,,1 contract(s),1,0.140,no
MCHS,resolved,NASDAQ,NASDAQ,677027908,,1 contract(s),1,0.104,no
MCSE,not_found,,,,,no response after 2 attempt(s) — likely IBKR error 200,2,20.002,no
MDCP,not_found,,,,,no response after 2 attempt(s) — likely IBKR error 200,2,20.005,no
MDEV,resolved,BATS,BATS,498661801,,1 contract(s),1,0.142,no
MDIV,resolved,NASDAQ,NASDAQ,112003450,,1 contract(s),1,0.116,no
MDLV,resolved,BATS,BATS,627987947,,1 contract(s),1,0.142,no
MDST,resolved,NYSE,NYSE,695627172,,1 contract(s),1,0.101,no
MDY,resolved,ARCA,ARCA,72195411,,1 contract(s),1,0.140,no
MDYG,resolved,ARCA,ARCA,45540624,,1 contract(s),1,0.124,no
MDYV,resolved,ARCA,ARCA,45540639,,1 contract(s),1,0.127,no
MEAR,resolved,BATS,BATS,186023735,,1 contract(s),1,0.141,no
MEDI,resolved,ARCA,ARCA,597954921,,1 contract(s),1,0.103,no
MEDX,resolved,NASDAQ,NASDAQ,611462812,,1 contract(s),1,0.158,no
MEM,resolved,ARCA,ARCA,573167026,,1 contract(s),1,0.094,no
MEME,resolved,ARCA,ARCA,820616378,,1 contract(s),1,0.102,no
MEMS,resolved,NASDAQ,NASDAQ,677037682,,1 contract(s),1,0.111,no
MEMX,resolved,ARCA,ARCA,607327395,,1 contract(s),1,0.107,no
METD,resolved,NASDAQ,NASDAQ,707923159,,1 contract(s),1,0.150,no
METL,resolved,NASDAQ,NASDAQ,813058454,,1 contract(s),1,0.122,no
METU,resolved,NASDAQ,NASDAQ,707923160,,1 contract(s),1,0.166,no
METV,resolved,ARCA,ARCA,499901347,,1 contract(s),1,0.147,no
METW,resolved,BATS,BATS,792065905,,1 contract(s),1,0.181,no
MEXX,resolved,ARCA,ARCA,411151526,,1 contract(s),1,0.128,no
MFDX,resolved,ARCA,ARCA,288231297,,1 contract(s),1,0.113,no
MFEM,resolved,ARCA,ARCA,288231294,,1 contract(s),1,0.110,no
MFIG,resolved,NASDAQ,NASDAQ,837482605,,1 contract(s),1,0.146,no
MFLX,resolved,NASDAQ,NASDAQ,249325683,,1 contract(s),1,0.157,no
MFMO,resolved,NASDAQ,NASDAQ,837482713,,1 contract(s),1,0.104,no
MFUL,resolved,BATS,BATS,524517587,,1 contract(s),1,0.105,no
MFUS,resolved,ARCA,ARCA,288231300,,1 contract(s),1,0.108,no
MFVL,resolved,NASDAQ,NASDAQ,837482716,,1 contract(s),1,0.107,no
MGC,resolved,ARCA,ARCA,47640024,,1 contract(s),1,0.137,no
MGK,resolved,ARCA,ARCA,47640023,,1 contract(s),1,0.139,no
MGMT,resolved,ARCA,ARCA,458209493,,1 contract(s),1,0.102,no
MGNR,resolved,ARCA,ARCA,682456371,,1 contract(s),1,0.105,no
MGOV,resolved,ARCA,ARCA,646238703,,1 contract(s),1,0.102,no
MGV,resolved,ARCA,ARCA,47640018,,1 contract(s),1,0.125,no
MHY,resolved,ARCA,ARCA,814795336,,1 contract(s),1,0.145,no
MID,resolved,ARCA,ARCA,434313219,,1 contract(s),1,0.166,no
MIDE,resolved,ARCA,ARCA,473315559,,1 contract(s),1,0.177,no
MIDU,resolved,ARCA,ARCA,57021536,,1 contract(s),1,0.124,no
MIG,resolved,BATS,BATS,458378560,,1 contract(s),1,0.128,no
MILN,resolved,NASDAQ,NASDAQ,232341597,,1 contract(s),1,0.128,no
MINC,not_found,,,,,no response after 2 attempt(s) — likely IBKR error 200,2,20.003,no
MINO,resolved,ARCA,ARCA,513150063,,1 contract(s),1,0.130,no
MINT,resolved,ARCA,ARCA,70282872,,1 contract(s),1,0.107,no
MINV,resolved,ARCA,ARCA,573167017,,1 contract(s),1,0.109,no
MISL,resolved,ARCA,ARCA,593850385,,1 contract(s),1,0.204,no
MJ,resolved,ARCA,ARCA,757861324,,1 contract(s),1,0.126,no
MJSC,resolved,ARCA,ARCA,814788822,,1 contract(s),1,0.205,no
MJUS,not_found,,,,,no response after 2 attempt(s) — likely IBKR error 200,2,20.002,no
MKAM,resolved,NASDAQ,NASDAQ,625090661,,1 contract(s),1,0.093,no
MKOR,resolved,ARCA,ARCA,642161569,,1 contract(s),1,0.143,no
MKTN,resolved,ARCA,ARCA,817194234,,1 contract(s),1,0.105,no
MLDR,resolved,ARCA,ARCA,727529171,,1 contract(s),1,0.149,no
MLN,resolved,BATS,BATS,229727384,,1 contract(s),1,0.110,no
MLPA,resolved,ARCA,ARCA,417292573,,1 contract(s),1,0.133,no
MLPB,resolved,ARCA,ARCA,209265597,,1 contract(s),1,0.100,no
MLPD,resolved,ARCA,ARCA,701510559,,1 contract(s),1,0.105,no
MLPO,not_found,,,,,no response after 2 attempt(s) — likely IBKR error 200,2,20.002,no
MLPR,resolved,ARCA,ARCA,425010510,,1 contract(s),1,0.130,no
MLPX,resolved,ARCA,ARCA,417292597,,1 contract(s),1,0.128,no
MMCA,resolved,ARCA,ARCA,533809125,,1 contract(s),1,0.107,no
MMIN,resolved,ARCA,ARCA,292735617,,1 contract(s),1,0.109,no
MMIT,resolved,ARCA,ARCA,292735620,,1 contract(s),1,0.107,no
MMKT,resolved,NYSE,NYSE,731109560,,1 contract(s),1,0.103,no
MMLG,not_found,,,,,no response after 2 attempt(s) — likely IBKR error 200,2,20.009,no
MMSC,resolved,ARCA,ARCA,520355092,,1 contract(s),1,0.102,no
MMSD,resolved,ARCA,ARCA,782084378,,1 contract(s),1,0.110,no
MMTM,resolved,ARCA,ARCA,116379888,,1 contract(s),1,0.094,no
MNA,resolved,ARCA,ARCA,70282877,,1 contract(s),1,0.086,no
MNBD,resolved,ARCA,ARCA,563316624,,1 contract(s),1,0.106,no
MNRS,resolved,ARCA,ARCA,757877638,,1 contract(s),1,0.131,no
MNTL,not_found,,,,,no response after 2 attempt(s) — likely IBKR error 200,2,20.005,no
MNZL,resolved,NASDAQ,NASDAQ,831872602,,1 contract(s),1,0.160,no
MOAT,resolved,BATS,BATS,229728900,,1 contract(s),1,0.168,no
MODL,resolved,NASDAQ,NASDAQ,590844633,,1 contract(s),1,0.143,no
MOHR,not_found,,,,,no response after 2 attempt(s) — likely IBKR error 200,2,20.003,no
MOO,resolved,ARCA,ARCA,229728912,,1 contract(s),1,0.104,no
MOOD,resolved,NASDAQ,NASDAQ,562463370,,1 contract(s),1,0.152,no
MOON,not_found,,,,,no response after 2 attempt(s) — likely IBKR error 200,2,20.004,no
MORT,resolved,ARCA,ARCA,229727406,,1 contract(s),1,0.124,no
MOTG,resolved,BATS,BATS,339976289,,1 contract(s),1,0.146,no
MOTI,resolved,BATS,BATS,229727431,,1 contract(s),1,0.108,no
MOTO,resolved,ARCA,ARCA,391530579,,1 contract(s),1,0.155,no
MPAY,not_found,,,,,no response after 2 attempt(s) — likely IBKR error 200,2,20.005,no
MPG,resolved,NASDAQ,NASDAQ,826120834,,1 contract(s),1,0.172,no
MPRO,resolved,BATS,BATS,478647578,,1 contract(s),1,0.194,no
MQQQ,resolved,NASDAQ,NASDAQ,788713824,,1 contract(s),1,0.151,no
MRAD,not_found,,,,,no response after 2 attempt(s) — likely IBKR error 200,2,20.002,no
MRAL,resolved,NASDAQ,NASDAQ,869892464,,1 contract(s),1,0.089,no
MRGR,resolved,BATS,BATS,118806465,,1 contract(s),1,0.111,no
MRNY,resolved,ARCA,ARCA,832260634,,1 contract(s),1,0.155,no
MRSK,resolved,ARCA,ARCA,408520406,,1 contract(s),1,0.153,no
MSBT,resolved,ARCA,ARCA,871480201,,1 contract(s),1,0.104,no
MSDD,not_found,,,,,no response after 2 attempt(s) — likely IBKR error 200,2,20.005,no
MSFD,resolved,NASDAQ,NASDAQ,583996499,,1 contract(s),1,0.142,no
MSFL,resolved,NASDAQ,NASDAQ,691439810,,1 contract(s),1,0.099,no
MSFO,resolved,ARCA,ARCA,650768742,,1 contract(s),1,0.087,no
MSFU,resolved,NASDAQ,NASDAQ,583996502,,1 contract(s),1,0.143,no
MSFW,resolved,BATS,BATS,801561286,,1 contract(s),1,0.143,no
MSFX,resolved,BATS,BATS,677037687,,1 contract(s),1,0.097,no
MSFY,resolved,BATS,BATS,742759296,,1 contract(s),1,0.147,no
MSII,not_found,,,,,no response after 2 attempt(s) — likely IBKR error 200,2,20.004,no
MSMR,resolved,BATS,BATS,526906278,,1 contract(s),1,0.145,no
MSOS,resolved,ARCA,ARCA,443224436,,1 contract(s),1,0.142,no
MSOX,resolved,ARCA,ARCA,743311523,,1 contract(s),1,0.131,no
MST,resolved,NASDAQ,NASDAQ,866502691,,1 contract(s),1,0.087,no
MSTB,resolved,BATS,BATS,447947929,,1 contract(s),1,0.139,no
MSTI,resolved,ARCA,ARCA,652379152,,1 contract(s),1,0.101,no
MSTP,resolved,NASDAQ,NASDAQ,869927286,,1 contract(s),1,0.139,no
MSTQ,resolved,BATS,BATS,543283537,,1 contract(s),1,0.136,no
MSTU,resolved,BATS,BATS,833844154,,1 contract(s),1,0.144,no
MSTW,resolved,BATS,BATS,801569873,,1 contract(s),1,0.146,no
MSTX,resolved,NASDAQ,NASDAQ,865203863,,1 contract(s),1,0.149,no
MSTY,resolved,ARCA,ARCA,835599787,,1 contract(s),1,0.111,no
MSTZ,resolved,BATS,BATS,747326053,,1 contract(s),1,0.148,no
MSVX,not_found,,,,,no response after 2 attempt(s) — likely IBKR error 200,2,20.001,no
MTBA,resolved,ARCA,ARCA,664172373,,1 contract(s),1,0.092,no
MTGP,resolved,ARCA,ARCA,391415951,,1 contract(s),1,0.144,no
MTUL,resolved,ARCA,ARCA,469724274,,1 contract(s),1,0.108,no
MTUM,resolved,BATS,BATS,125903832,,1 contract(s),1,0.105,no
MTVR,not_found,,,,,no response after 2 attempt(s) — likely IBKR error 200,2,20.008,no
MTYY,resolved,NASDAQ,NASDAQ,888114595,,1 contract(s),1,0.149,no
MUB,resolved,ARCA,ARCA,46104034,,1 contract(s),1,0.146,no
MULL,resolved,NASDAQ,NASDAQ,741194660,,1 contract(s),1,0.150,no
MULT,resolved,NASDAQ,NASDAQ,810304505,,1 contract(s),1,0.142,no
MUNA,resolved,ARCA,ARCA,807655541,,1 contract(s),1,0.104,no
MUNB,resolved,ARCA,ARCA,807655551,,1 contract(s),1,0.111,no
MUNC,resolved,ARCA,ARCA,807655557,,1 contract(s),1,0.127,no
MUND,resolved,ARCA,ARCA,807655567,,1 contract(s),1,0.105,no
MUNI,resolved,ARCA,ARCA,70682403,,1 contract(s),1,0.134,no
MUSE,resolved,NYSE,NYSE,742459275,,1 contract(s),1,0.113,no
MUSI,resolved,ARCA,ARCA,500289403,,1 contract(s),1,0.151,no
MUSQ,resolved,ARCA,ARCA,640808154,,1 contract(s),1,0.176,no
MUST,resolved,ARCA,ARCA,336648628,,1 contract(s),1,0.184,no
MUU,resolved,NASDAQ,NASDAQ,734424283,,1 contract(s),1,0.177,no
MVLL,resolved,NASDAQ,NASDAQ,766916326,,1 contract(s),1,0.163,no
MVPA,resolved,ARCA,ARCA,681352379,,1 contract(s),1,0.113,no
MVPL,resolved,ARCA,ARCA,687087919,,1 contract(s),1,0.108,no
MVPS,not_found,,,,,no response after 2 attempt(s) — likely IBKR error 200,2,20.005,no
MVRL,resolved,ARCA,ARCA,425010507,,1 contract(s),1,0.102,no
MVV,resolved,ARCA,ARCA,39622933,,1 contract(s),1,0.102,no
MXI,resolved,ARCA,ARCA,40784262,,1 contract(s),1,0.111,no
MYCF,resolved,NASDAQ,NASDAQ,731109492,,1 contract(s),1,0.111,no
MYCG,resolved,NASDAQ,NASDAQ,731109502,,1 contract(s),1,0.140,no
MYCH,resolved,NASDAQ,NASDAQ,731109508,,1 contract(s),1,0.160,no
MYCI,resolved,NASDAQ,NASDAQ,731109518,,1 contract(s),1,0.197,no
MYCJ,resolved,NASDAQ,NASDAQ,731109525,,1 contract(s),1,0.163,no
MYCK,resolved,NASDAQ,NASDAQ,731109535,,1 contract(s),1,0.157,no
MYCL,resolved,NASDAQ,NASDAQ,731109539,,1 contract(s),1,0.148,no
MYCM,resolved,NASDAQ,NASDAQ,731109542,,1 contract(s),1,0.102,no
MYCN,resolved,NASDAQ,NASDAQ,731109545,,1 contract(s),1,0.139,no
MYCO,resolved,NASDAQ,NASDAQ,814787123,,1 contract(s),1,0.146,no
MYMF,resolved,NASDAQ,NASDAQ,731109499,,1 contract(s),1,0.150,no
MYMG,resolved,NASDAQ,NASDAQ,731109505,,1 contract(s),1,0.142,no
MYMH,resolved,NASDAQ,NASDAQ,731109515,,1 contract(s),1,0.104,no
MYMI,resolved,NASDAQ,NASDAQ,731109520,,1 contract(s),1,0.146,no
MYMJ,resolved,NASDAQ,NASDAQ,731109530,,1 contract(s),1,0.107,no
MYMK,resolved,NASDAQ,NASDAQ,814787117,,1 contract(s),1,0.152,no
MYY,resolved,ARCA,ARCA,317467441,,1 contract(s),1,0.143,no
MZZ,resolved,ARCA,ARCA,490791459,,1 contract(s),1,0.128,no
NACP,resolved,ARCA,ARCA,326089417,,1 contract(s),1,0.104,no
NAIL,resolved,ARCA,ARCA,203435133,,1 contract(s),1,0.141,no
NANC,resolved,BATS,BATS,751081186,,1 contract(s),1,0.166,no
NANR,resolved,ARCA,ARCA,215361312,,1 contract(s),1,0.133,no
NAPR,resolved,BATS,BATS,415483741,,1 contract(s),1,0.145,no
NBCC,not_found,,,,,no response after 2 attempt(s) — likely IBKR error 200,2,20.005,no
NBCE,resolved,ARCA,ARCA,659517703,,1 contract(s),1,0.148,no
NBCM,resolved,ARCA,ARCA,593184869,,1 contract(s),1,0.099,no
NBCR,resolved,ARCA,ARCA,719474020,,1 contract(s),1,0.107,no
NBCT,not_found,,,,,no response after 2 attempt(s) — likely IBKR error 200,2,20.001,no
NBDS,resolved,ARCA,ARCA,555015895,,1 contract(s),1,0.103,no
NBET,resolved,ARCA,ARCA,555015890,,1 contract(s),1,0.101,no
NBFC,resolved,ARCA,ARCA,711483247,,1 contract(s),1,0.109,no
NBGR,not_found,,,,,no response after 2 attempt(s) — likely IBKR error 200,2,20.005,no
NBIG,resolved,NASDAQ,NASDAQ,826120839,,1 contract(s),1,0.146,no
NBJP,resolved,ARCA,ARCA,727984327,,1 contract(s),1,0.138,no
NBOS,resolved,ARCA,ARCA,680733372,,1 contract(s),1,0.101,no
NBSD,resolved,ARCA,ARCA,711275345,,1 contract(s),1,0.101,no
NBSM,resolved,ARCA,ARCA,692191360,,1 contract(s),1,0.089,no
NCIQ,resolved,NASDAQ,NASDAQ,761329977,,1 contract(s),1,0.153,no
NCPB,resolved,NASDAQ,NASDAQ,688825736,,1 contract(s),1,0.194,no
NDAA,resolved,NASDAQ,NASDAQ,735671026,,1 contract(s),1,0.146,no
NDIA,resolved,ARCA,ARCA,648413953,,1 contract(s),1,0.119,no
NDIV,resolved,ARCA,ARCA,581259019,,1 contract(s),1,0.152,no
NDVG,not_found,,,,,no response after 2 attempt(s) — likely IBKR error 200,2,20.004,no
NEAR,resolved,BATS,BATS,135423659,,1 contract(s),1,0.145,no
NEMG,resolved,NASDAQ,NASDAQ,831425856,,1 contract(s),1,0.090,no
NERD,resolved,BATS,BATS,369580525,,1 contract(s),1,0.144,no
NETG,resolved,NASDAQ,NASDAQ,831425861,,1 contract(s),1,0.091,no
NETL,resolved,ARCA,ARCA,358417635,,1 contract(s),1,0.151,no
NETZ,not_found,,,,,no response after 2 attempt(s) — likely IBKR error 200,2,20.006,no
NEWZ,resolved,NASDAQ,NASDAQ,696511307,,1 contract(s),1,0.105,no
NFLP,resolved,BATS,BATS,742759313,,1 contract(s),1,0.148,no
NFLT,resolved,ARCA,ARCA,202918193,,1 contract(s),1,0.111,no
NFLU,resolved,BATS,BATS,731690792,,1 contract(s),1,0.142,no
NFLW,resolved,BATS,BATS,792065908,,1 contract(s),1,0.141,no
NFLY,resolved,ARCA,ARCA,646793848,,1 contract(s),1,0.092,no
NFRA,resolved,ARCA,ARCA,136001685,,1 contract(s),1,0.111,no
NFTY,resolved,NASDAQ,NASDAQ,314453657,,1 contract(s),1,0.097,no
NFXL,resolved,NASDAQ,NASDAQ,733168177,,1 contract(s),1,0.142,no
NFXS,resolved,NASDAQ,NASDAQ,733168175,,1 contract(s),1,0.103,no
NGE,not_found,,,,,no response after 2 attempt(s) — likely IBKR error 200,2,20.002,no
NHYB,resolved,ARCA,ARCA,816879111,,1 contract(s),1,0.108,no
NHYM,resolved,ARCA,ARCA,755613132,,1 contract(s),1,0.114,no
NIB,not_found,,,,,no response after 2 attempt(s) — likely IBKR error 200,2,20.006,no
NIHI,resolved,BATS,BATS,814529293,,1 contract(s),1,0.150,no
NIKL,resolved,NASDAQ,NASDAQ,621734916,,1 contract(s),1,0.111,no
NITE,resolved,ARCA,ARCA,711280665,,1 contract(s),1,0.104,no
NIXT,resolved,NASDAQ,NASDAQ,727817092,,1 contract(s),1,0.111,no
NJAN,resolved,BATS,BATS,397813628,,1 contract(s),1,0.145,no
NJNK,resolved,ARCA,ARCA,726761177,,1 contract(s),1,0.107,no
NJUL,resolved,BATS,BATS,430858153,,1 contract(s),1,0.150,no
NLR,resolved,ARCA,ARCA,229727461,,1 contract(s),1,0.144,no
NMB,resolved,ARCA,ARCA,727533412,,1 contract(s),1,0.115,no
NOBL,resolved,BATS,BATS,136046695,,1 contract(s),1,0.145,no
NOCT,resolved,BATS,BATS,385690431,,1 contract(s),1,0.102,no
NORW,resolved,ARCA,ARCA,67418865,,1 contract(s),1,0.113,no
NOWL,resolved,NASDAQ,NASDAQ,799145829,,1 contract(s),1,0.206,no
NPFI,resolved,NASDAQ,NASDAQ,688825741,,1 contract(s),1,0.145,no
NRES,resolved,NASDAQ,NASDAQ,687077467,,1 contract(s),1,0.101,no
NRGD,resolved,ARCA,ARCA,854937691,,1 contract(s),1,0.106,no
NRGU,resolved,ARCA,ARCA,762285138,,1 contract(s),1,0.150,no
NRSH,resolved,ARCA,ARCA,668631589,,1 contract(s),1,0.104,no
NSCI,resolved,ARCA,ARCA,816879117,,1 contract(s),1,0.112,no
NSCR,not_found,,,,,no response after 2 attempt(s) — likely IBKR error 200,2,20.006,no
NSCS,not_found,,,,,no response after 2 attempt(s) — likely IBKR error 200,2,20.004,no
NSI,resolved,NASDAQ,NASDAQ,670192081,,1 contract(s),1,0.129,no
NTSE,resolved,ARCA,ARCA,492142905,,1 contract(s),1,0.145,no
NTSI,resolved,ARCA,ARCA,492142908,,1 contract(s),1,0.551,no
NTSX,resolved,ARCA,ARCA,328204983,,1 contract(s),1,0.489,no
NTZG,not_found,,,,,no response after 2 attempt(s) — likely IBKR error 200,2,20.003,no
NUAG,resolved,ARCA,ARCA,247848829,,1 contract(s),1,0.170,no
NUBD,resolved,ARCA,ARCA,291086765,,1 contract(s),1,0.152,no
NUCL,resolved,NASDAQ,NASDAQ,858151827,,1 contract(s),1,0.125,no
NUDM,resolved,BATS,BATS,278468179,,1 contract(s),1,0.078,no
NUDV,resolved,BATS,BATS,517423794,,1 contract(s),1,0.210,no
NUEM,resolved,BATS,BATS,278468173,,1 contract(s),1,0.153,no
NUG,resolved,NASDAQ,NASDAQ,831425866,,1 contract(s),1,0.131,no
NUGO,resolved,ARCA,ARCA,517423788,,1 contract(s),1,0.149,no
NUGT,resolved,ARCA,ARCA,416854763,,1 contract(s),1,0.147,no
NUGY,resolved,NASDAQ,NASDAQ,831857270,,1 contract(s),1,0.111,no
NUHY,resolved,ARCA,ARCA,385087169,,1 contract(s),1,0.147,no
NUKZ,resolved,ARCA,ARCA,679723615,,1 contract(s),1,0.091,no
NULC,resolved,BATS,BATS,369580931,,1 contract(s),1,0.104,no
NULG,resolved,BATS,BATS,258674484,,1 contract(s),1,0.097,no
NULV,resolved,BATS,BATS,258674491,,1 contract(s),1,0.100,no
NUMG,resolved,BATS,BATS,258674494,,1 contract(s),1,0.147,no
NUMI,resolved,ARCA,ARCA,755613138,,1 contract(s),1,0.109,no
NUMV,resolved,BATS,BATS,258674499,,1 contract(s),1,0.145,no
NURE,resolved,BATS,BATS,259854230,,1 contract(s),1,0.108,no
NUSA,resolved,ARCA,ARCA,271745764,,1 contract(s),1,0.143,no
NUSB,resolved,NASDAQ,NASDAQ,688825747,,1 contract(s),1,0.151,no
NUSC,resolved,BATS,BATS,258674502,,1 contract(s),1,0.126,no
NUSI,not_found,,,,,no response after 2 attempt(s) — likely IBKR error 200,2,20.010,no
NVBT,resolved,BATS,BATS,594760514,,1 contract(s),1,0.145,no
NVBW,resolved,BATS,BATS,594761665,,1 contract(s),1,0.151,no
NVD,resolved,NASDAQ,NASDAQ,739052934,,1 contract(s),1,0.146,no
NVDD,resolved,NASDAQ,NASDAQ,817966017,,1 contract(s),1,0.131,no
NVDL,resolved,NASDAQ,NASDAQ,602261424,,1 contract(s),1,0.105,no
NVDQ,resolved,BATS,BATS,823090609,,1 contract(s),1,0.140,no
NVDS,resolved,NASDAQ,NASDAQ,824113973,,1 contract(s),1,0.129,no
NVDU,resolved,NASDAQ,NASDAQ,653576397,,1 contract(s),1,0.138,no
NVDW,resolved,BATS,BATS,762285108,,1 contract(s),1,0.103,no
NVDX,resolved,BATS,BATS,660151297,,1 contract(s),1,0.152,no
NVDY,resolved,ARCA,ARCA,630281089,,1 contract(s),1,0.139,no
NVII,resolved,BATS,BATS,787755291,,1 contract(s),1,0.139,no
NVIR,resolved,ARCA,ARCA,615337863,,1 contract(s),1,0.105,no
NVOH,resolved,ARCA,ARCA,752451963,,1 contract(s),1,0.086,no
NVOX,resolved,ARCA,ARCA,835050383,,1 contract(s),1,0.124,no
NVQ,not_found,,,,,no response after 2 attempt(s) — likely IBKR error 200,2,20.004,no
NVYY,resolved,NASDAQ,NASDAQ,783548336,,1 contract(s),1,0.087,no
NWLG,not_found,,,,,no response after 2 attempt(s) — likely IBKR error 200,2,20.008,no
NXTE,resolved,ARCA,ARCA,588626086,,1 contract(s),1,0.092,no
NXTG,resolved,NASDAQ,NASDAQ,368642027,,1 contract(s),1,0.150,no
NXTI,resolved,BATS,BATS,696845721,,1 contract(s),1,0.143,no
NXTV,not_found,,,,,no response after 2 attempt(s) — likely IBKR error 200,2,20.003,no
NXUS,resolved,ARCA,ARCA,816879112,,1 contract(s),1,0.201,no
NYF,resolved,ARCA,ARCA,46576899,,1 contract(s),1,0.200,no
NZAC,resolved,NASDAQ,NASDAQ,175120989,,1 contract(s),1,0.217,no
NZUS,not_found,,,,,no response after 2 attempt(s) — likely IBKR error 200,2,20.004,no
OACP,resolved,ARCA,ARCA,553616140,,1 contract(s),1,0.100,no
OAEM,resolved,ARCA,ARCA,585324492,,1 contract(s),1,0.116,no
OAIA,not_found,,,,,no response after 2 attempt(s) — likely IBKR error 200,2,20.006,no
OAIM,resolved,ARCA,ARCA,585324498,,1 contract(s),1,0.110,no
OAKM,resolved,ARCA,ARCA,745689119,,1 contract(s),1,0.108,no
OALC,resolved,ARCA,ARCA,526726684,,1 contract(s),1,0.097,no
OARK,resolved,ARCA,ARCA,832233852,,1 contract(s),1,0.135,no
OASC,resolved,ARCA,ARCA,708643374,,1 contract(s),1,0.104,no
OBIL,resolved,NASDAQ,NASDAQ,597691628,,1 contract(s),1,0.106,no
OBND,resolved,BATS,BATS,517423799,,1 contract(s),1,0.108,no
OBOR,resolved,ARCA,ARCA,288536082,,1 contract(s),1,0.102,no
OCFS,not_found,,,,,no response after 2 attempt(s) — likely IBKR error 200,2,20.004,no
OCIO,resolved,ARCA,ARCA,280739295,,1 contract(s),1,0.117,no
OCTD,not_found,,,,,no response after 2 attempt(s) — likely IBKR error 200,2,20.006,no
OCTH,resolved,BATS,BATS,657517478,,1 contract(s),1,0.146,no
OCTJ,resolved,BATS,BATS,657517481,,1 contract(s),1,0.148,no
OCTQ,not_found,,,,,no response after 2 attempt(s) — likely IBKR error 200,2,20.007,no
OCTT,resolved,BATS,BATS,448085843,,1 contract(s),1,0.099,no
OCTW,resolved,BATS,BATS,448085846,,1 contract(s),1,0.139,no
OCTZ,resolved,BATS,BATS,805705218,,1 contract(s),1,0.146,no
ODDS,resolved,NASDAQ,NASDAQ,555711197,,1 contract(s),1,0.092,no
OEF,resolved,ARCA,ARCA,11488731,,1 contract(s),1,0.147,no
OEFA,resolved,ARCA,ARCA,569345974,,1 contract(s),1,0.110,no
OEUR,not_found,,,,,no response after 2 attempt(s) — likely IBKR error 200,2,20.004,no
OFOS,not_found,,,,,no response after 2 attempt(s) — likely IBKR error 200,2,20.007,no
OGIG,resolved,ARCA,ARCA,569345954,,1 contract(s),1,0.088,no
OGSP,resolved,ARCA,ARCA,695819433,,1 contract(s),1,0.109,no
OIH,resolved,ARCA,ARCA,415578515,,1 contract(s),1,0.185,no
OIL,not_found,,,,,no response after 2 attempt(s) — likely IBKR error 200,2,20.006,no
OILD,resolved,ARCA,ARCA,854937681,,1 contract(s),1,0.109,no
OILK,resolved,BATS,BATS,416774476,,1 contract(s),1,0.089,no
OILT,resolved,ARCA,ARCA,673829590,,1 contract(s),1,0.153,no
OILU,resolved,ARCA,ARCA,525260342,,1 contract(s),1,0.152,no
OKTG,resolved,NASDAQ,NASDAQ,831425871,,1 contract(s),1,0.091,no
OLO,not_found,,,,,no response after 2 attempt(s) — likely IBKR error 200,2,20.005,no
OMAH,resolved,ARCA,ARCA,765879495,,1 contract(s),1,0.146,no
OMFL,resolved,BATS,BATS,366359580,,1 contract(s),1,0.128,no
OMFS,resolved,BATS,BATS,366359584,,1 contract(s),1,0.084,no
OND,resolved,ARCA,ARCA,523222591,,1 contract(s),1,0.095,no
ONEO,resolved,ARCA,ARCA,214246773,,1 contract(s),1,0.090,no
ONEQ,resolved,NASDAQ,NASDAQ,25065073,,1 contract(s),1,0.101,no
ONEV,resolved,ARCA,ARCA,214246768,,1 contract(s),1,0.139,no
ONEY,resolved,ARCA,ARCA,214246778,,1 contract(s),1,0.147,no
ONG,resolved,BATS,BATS,888130729,,1 contract(s),1,0.147,no
ONLN,resolved,ARCA,ARCA,325910389,,1 contract(s),1,0.150,no
ONOF,resolved,ARCA,ARCA,465153950,,1 contract(s),1,0.149,no
OOQB,not_found,,,,,no response after 2 attempt(s) — likely IBKR error 200,2,20.010,no
OOSB,not_found,,,,,no response after 2 attempt(s) — likely IBKR error 200,2,20.010,no
OOSP,resolved,ARCA,ARCA,695819436,,1 contract(s),1,0.159,no
OOTO,not_found,,,,,no response after 2 attempt(s) — likely IBKR error 200,2,20.006,no
OPER,resolved,ARCA,ARCA,325457041,,1 contract(s),1,0.173,no
OPPE,resolved,ARCA,ARCA,185834628,,1 contract(s),1,0.161,no
OPPJ,resolved,NASDAQ,NASDAQ,130539918,,1 contract(s),1,0.319,no
OPPX,not_found,,,,,no response after 2 attempt(s) — likely IBKR error 200,2,20.006,no
OPTZ,resolved,NASDAQ,NASDAQ,699029987,,1 contract(s),1,0.141,no
ORCS,resolved,NASDAQ,NASDAQ,832145189,,1 contract(s),1,0.104,no
ORCX,resolved,NASDAQ,NASDAQ,865714520,,1 contract(s),1,0.139,no
ORR,resolved,NASDAQ,NASDAQ,754328489,,1 contract(s),1,0.133,no
OSCG,resolved,NASDAQ,NASDAQ,828640883,,1 contract(s),1,0.136,no
OSCV,resolved,BATS,BATS,326089420,,1 contract(s),1,0.140,no
OSCX,resolved,NASDAQ,NASDAQ,866506832,,1 contract(s),1,0.103,no
OSEA,resolved,ARCA,ARCA,583996512,,1 contract(s),1,0.120,no
OTGL,resolved,NASDAQ,NASDAQ,798824759,,1 contract(s),1,0.107,no
OUNZ,resolved,ARCA,ARCA,210810210,,1 contract(s),1,0.125,no
OUSA,resolved,ARCA,ARCA,569345959,,1 contract(s),1,0.137,no
OUSM,resolved,ARCA,ARCA,569345971,,1 contract(s),1,0.149,no
OVB,resolved,BATS,BATS,385690411,,1 contract(s),1,0.202,no
OVF,resolved,BATS,BATS,385690414,,1 contract(s),1,0.184,no
OVL,resolved,BATS,BATS,385690416,,1 contract(s),1,0.146,no
OVLH,resolved,BATS,BATS,465973936,,1 contract(s),1,0.102,no
OVM,resolved,BATS,BATS,385690421,,1 contract(s),1,0.173,no
OVS,resolved,BATS,BATS,385690426,,1 contract(s),1,0.105,no
OVT,resolved,BATS,BATS,465973941,,1 contract(s),1,0.110,no
OWNB,resolved,ARCA,ARCA,767588185,,1 contract(s),1,0.135,no
OWNS,resolved,ARCA,ARCA,691439773,,1 contract(s),1,0.126,no
OZEM,resolved,NASDAQ,NASDAQ,705166785,,1 contract(s),1,0.125,no
PAAA,resolved,ARCA,ARCA,644607837,,1 contract(s),1,0.154,no
PAB,resolved,ARCA,ARCA,481863643,,1 contract(s),1,0.109,no
PABD,resolved,NASDAQ,NASDAQ,678917249,,1 contract(s),1,0.178,no
PABU,resolved,NASDAQ,NASDAQ,543500004,,1 contract(s),1,0.147,no
PAK,not_found,,,,,no response after 2 attempt(s) — likely IBKR error 200,2,20.005,no
PALC,resolved,ARCA,ARCA,429664984,,1 contract(s),1,0.128,no
PALD,resolved,NASDAQ,NASDAQ,771552027,,1 contract(s),1,0.102,no
PALL,resolved,ARCA,ARCA,334909223,,1 contract(s),1,0.152,no
PALU,resolved,NASDAQ,NASDAQ,771552030,,1 contract(s),1,0.201,no
PAMC,resolved,ARCA,ARCA,429664989,,1 contract(s),1,0.142,no
PANG,resolved,NASDAQ,NASDAQ,770382796,,1 contract(s),1,0.088,no
PAPI,resolved,ARCA,ARCA,660148246,,1 contract(s),1,0.106,no
PAPR,resolved,BATS,BATS,359395482,,1 contract(s),1,0.132,no
PATN,resolved,NASDAQ,NASDAQ,729217612,,1 contract(s),1,0.180,no
PAUG,resolved,BATS,BATS,376499902,,1 contract(s),1,0.101,no
PAVE,resolved,BATS,BATS,268960148,,1 contract(s),1,0.143,no
PAWZ,resolved,BATS,BATS,340387640,,1 contract(s),1,0.141,no
PBD,resolved,ARCA,ARCA,319356992,,1 contract(s),1,0.088,no
PBDC,resolved,ARCA,ARCA,588626092,,1 contract(s),1,0.103,no
PBDM,not_found,,,,,no response after 2 attempt(s) — likely IBKR error 200,2,20.007,no
PBE,resolved,ARCA,ARCA,319356932,,1 contract(s),1,0.131,no
PBEE,not_found,,,,,no response after 2 attempt(s) — likely IBKR error 200,2,20.009,no
PBEU,resolved,NASDAQ,NASDAQ,834263547,,1 contract(s),1,0.144,no
PBFR,resolved,BATS,BATS,709209388,,1 contract(s),1,0.126,no
PBJ,resolved,ARCA,ARCA,319356963,,1 contract(s),1,0.143,no
PBND,not_found,,,,,no response after 2 attempt(s) — likely IBKR error 200,2,20.006,no
PBOG,resolved,NASDAQ,NASDAQ,834263550,,1 contract(s),1,0.142,no
PBP,resolved,BATS,BATS,319357148,,1 contract(s),1,0.103,no
PBPH,resolved,NASDAQ,NASDAQ,834263554,,1 contract(s),1,0.161,no
PBQQ,resolved,NASDAQ,NASDAQ,751897037,,1 contract(s),1,0.141,no
PBS,not_found,,,,,no response after 2 attempt(s) — likely IBKR error 200,2,20.003,no
PBSM,not_found,,,,,no response after 2 attempt(s) — likely IBKR error 200,2,20.005,no
PBTP,resolved,BATS,BATS,317604209,,1 contract(s),1,0.144,no
PBUS,resolved,BATS,BATS,317604207,,1 contract(s),1,0.105,no
PBW,resolved,ARCA,ARCA,319359405,,1 contract(s),1,0.140,no
PCCE,resolved,ARCA,ARCA,691186506,,1 contract(s),1,0.143,no
PCEF,resolved,ARCA,ARCA,319355865,,1 contract(s),1,0.099,no
PCEM,not_found,,,,,no response after 2 attempt(s) — likely IBKR error 200,2,20.008,no
PCFI,resolved,ARCA,ARCA,770389954,,1 contract(s),1,0.102,no
PCGG,resolved,ARCA,ARCA,651096922,,1 contract(s),1,0.101,no
PCHI,resolved,ARCA,ARCA,770389959,,1 contract(s),1,0.102,no
PCIG,resolved,ARCA,ARCA,691186511,,1 contract(s),1,0.108,no
PCLG,resolved,ARCA,ARCA,818284905,,1 contract(s),1,0.088,no
PCR,resolved,ARCA,ARCA,816106865,,1 contract(s),1,0.109,no
PCRB,not_found,,,,,no response after 2 attempt(s) — likely IBKR error 200,2,20.003,no
PCY,resolved,ARCA,ARCA,319355940,,1 contract(s),1,0.087,no
PDBA,resolved,NASDAQ,NASDAQ,581445011,,1 contract(s),1,0.102,no
PDBC,resolved,NASDAQ,NASDAQ,320227565,,1 contract(s),1,0.098,no
PDDL,resolved,NASDAQ,NASDAQ,799145834,,1 contract(s),1,0.130,no
PDEC,resolved,BATS,BATS,393752926,,1 contract(s),1,0.154,no
PDN,resolved,ARCA,ARCA,319356917,,1 contract(s),1,0.106,no
PDP,resolved,NASDAQ,NASDAQ,320226771,,1 contract(s),1,0.142,no
PEJ,resolved,ARCA,ARCA,319356972,,1 contract(s),1,0.088,no
PEMX,resolved,ARCA,ARCA,631370177,,1 contract(s),1,0.105,no
PEPS,resolved,NASDAQ,NASDAQ,740522738,,1 contract(s),1,0.145,no
PEVC,resolved,ARCA,ARCA,758862531,,1 contract(s),1,0.111,no
PEX,resolved,BATS,BATS,123488548,,1 contract(s),1,0.143,no
PEXL,resolved,ARCA,ARCA,327230540,,1 contract(s),1,0.102,no
PEY,resolved,NASDAQ,NASDAQ,320227525,,1 contract(s),1,0.107,no
PEZ,resolved,NASDAQ,NASDAQ,320226734,,1 contract(s),1,0.101,no
PFEB,resolved,BATS,BATS,402361700,,1 contract(s),1,0.141,no
PFF,resolved,NASDAQ,NASDAQ,41037032,,1 contract(s),1,0.099,no
PFFA,resolved,ARCA,ARCA,317799819,,1 contract(s),1,0.101,no
PFFD,resolved,ARCA,ARCA,288871046,,1 contract(s),1,0.125,no
PFFL,resolved,ARCA,ARCA,335049672,,1 contract(s),1,0.131,no
PFFR,resolved,ARCA,ARCA,265109609,,1 contract(s),1,0.099,no
PFFV,resolved,ARCA,ARCA,429435226,,1 contract(s),1,0.137,no
PFI,resolved,NASDAQ,NASDAQ,320226754,,1 contract(s),1,0.141,no
PFIG,resolved,ARCA,ARCA,319356984,,1 contract(s),1,0.103,no
PFIX,resolved,ARCA,ARCA,490450360,,1 contract(s),1,0.138,no
PFLD,resolved,ARCA,ARCA,392443144,,1 contract(s),1,0.101,no
PFM,resolved,NASDAQ,NASDAQ,320226731,,1 contract(s),1,0.143,no
PFRL,resolved,ARCA,ARCA,563578546,,1 contract(s),1,0.099,no
PFUT,not_found,,,,,no response after 2 attempt(s) — likely IBKR error 200,2,20.011,no
PFXF,resolved,ARCA,ARCA,229727473,,1 contract(s),1,0.086,no
PGAL,not_found,,,,,no response after 2 attempt(s) — likely IBKR error 200,2,20.006,no
PGF,resolved,ARCA,ARCA,319357009,,1 contract(s),1,0.089,no
PGHY,resolved,ARCA,ARCA,319356978,,1 contract(s),1,0.117,no
PGJ,resolved,NASDAQ,NASDAQ,320232077,,1 contract(s),1,0.138,no
PGM,not_found,,,,,no response after 2 attempt(s) — likely IBKR error 200,2,20.010,no
PGRO,resolved,ARCA,ARCA,493464110,,1 contract(s),1,0.118,no
PGX,resolved,ARCA,ARCA,319357079,,1 contract(s),1,0.090,no
PHB,not_found,,,,,no response after 2 attempt(s) — likely IBKR error 200,2,20.010,no
PHDG,resolved,ARCA,ARCA,319355788,,1 contract(s),1,0.147,no
PHEQ,resolved,ARCA,ARCA,660148249,,1 contract(s),1,0.164,no
PHO,resolved,NASDAQ,NASDAQ,320227626,,1 contract(s),1,0.166,no
PHYD,not_found,,,,,no response after 2 attempt(s) — likely IBKR error 200,2,20.015,no
PHYL,resolved,ARCA,ARCA,335150951,,1 contract(s),1,0.113,no
PHYS,resolved,ARCA,ARCA,73062564,,1 contract(s),1,0.143,no
PICB,resolved,ARCA,ARCA,319357037,,1 contract(s),1,0.105,no
PICK,resolved,BATS,BATS,253190571,,1 contract(s),1,0.140,no
PID,resolved,NASDAQ,NASDAQ,320227530,,1 contract(s),1,0.087,no
PIE,resolved,NASDAQ,NASDAQ,320226746,,1 contract(s),1,0.113,no
PIFI,resolved,ARCA,ARCA,448389028,,1 contract(s),1,0.144,no
PILL,resolved,ARCA,ARCA,296185694,,1 contract(s),1,0.112,no
PIN,not_found,,,,,no response after 2 attempt(s) — likely IBKR error 200,2,20.008,no
PINK,resolved,ARCA,ARCA,519322285,,1 contract(s),1,0.103,no
PIO,resolved,NASDAQ,NASDAQ,320227520,,1 contract(s),1,0.148,no
PIT,resolved,BATS,BATS,604572106,,1 contract(s),1,0.142,no
PIZ,resolved,NASDAQ,NASDAQ,320226741,,1 contract(s),1,0.106,no
PJAN,resolved,BATS,BATS,348194850,,1 contract(s),1,0.142,no
PJBF,not_found,,,,,no response after 2 attempt(s) — likely IBKR error 200,2,20.008,no
PJFG,resolved,ARCA,ARCA,602439305,,1 contract(s),1,0.170,no
PJFM,resolved,BATS,BATS,672770444,,1 contract(s),1,0.200,no
PJFV,resolved,ARCA,ARCA,602439308,,1 contract(s),1,0.125,no
PJIO,resolved,ARCA,ARCA,672770428,,1 contract(s),1,0.195,no
PJP,resolved,ARCA,ARCA,319357012,,1 contract(s),1,0.150,no
PJUL,resolved,BATS,BATS,328860314,,1 contract(s),1,0.100,no
PJUN,resolved,BATS,BATS,369213070,,1 contract(s),1,0.144,no
PKB,resolved,ARCA,ARCA,319356929,,1 contract(s),1,0.104,no
PKW,resolved,NASDAQ,NASDAQ,320226721,,1 contract(s),1,0.105,no
PLAT,not_found,,,,,no response after 2 attempt(s) — likely IBKR error 200,2,20.008,no
PLDR,not_found,,,,,no response after 2 attempt(s) — likely IBKR error 200,2,20.008,no
PLRG,not_found,,,,,no response after 2 attempt(s) — likely IBKR error 200,2,20.006,no
PLTG,resolved,NASDAQ,NASDAQ,780122004,,1 contract(s),1,0.127,no
PLTL,resolved,BATS,BATS,895826018,,1 contract(s),1,0.145,no
PLTM,resolved,ARCA,ARCA,303325766,,1 contract(s),1,0.105,no
PLTU,resolved,NASDAQ,NASDAQ,747569089,,1 contract(s),1,0.146,no
PLTW,resolved,BATS,BATS,762285115,,1 contract(s),1,0.104,no
PLTY,resolved,ARCA,ARCA,733984818,,1 contract(s),1,0.130,no
PLW,not_found,,,,,no response after 2 attempt(s) — likely IBKR error 200,2,20.004,no
PLYY,resolved,NASDAQ,NASDAQ,816871975,,1 contract(s),1,0.226,no
PMAR,resolved,BATS,BATS,406766941,,1 contract(s),1,0.147,no
PMAY,resolved,BATS,BATS,420256161,,1 contract(s),1,0.111,no
PMIO,resolved,ARCA,ARCA,712594685,,1 contract(s),1,0.114,no
PMMF,resolved,NYSE,NYSE,759331641,,1 contract(s),1,0.138,no
PNOV,resolved,BATS,BATS,390040937,,1 contract(s),1,0.145,no
PNQI,resolved,NASDAQ,NASDAQ,320227559,,1 contract(s),1,0.149,no
POCT,resolved,BATS,BATS,335633907,,1 contract(s),1,0.107,no
POTX,not_found,,,,,no response after 2 attempt(s) — likely IBKR error 200,2,20.009,no
POWA,resolved,ARCA,ARCA,319355910,,1 contract(s),1,0.154,no
POWR,resolved,ARCA,ARCA,101780391,,1 contract(s),1,0.093,no
PP,not_found,,,,,no response after 2 attempt(s) — likely IBKR error 200,2,20.010,no
PPA,resolved,ARCA,ARCA,319355952,,1 contract(s),1,0.242,no
PPEM,not_found,,,,,no response after 2 attempt(s) — likely IBKR error 200,2,20.005,no
PPH,resolved,NASDAQ,NASDAQ,231848993,,1 contract(s),1,0.107,no
PPI,resolved,NASDAQ,NASDAQ,535526231,,1 contract(s),1,0.086,no
PPIE,not_found,,,,,no response after 2 attempt(s) — likely IBKR error 200,2,20.007,no
PPLC,resolved,NYSE,NYSE,858138573,,1 contract(s),1,0.109,no
PPLT,resolved,ARCA,ARCA,334909224,,1 contract(s),1,0.132,no
PPTY,resolved,ARCA,ARCA,312184396,,1 contract(s),1,0.105,no
PQAP,resolved,NASDAQ,NASDAQ,751897043,,1 contract(s),1,0.143,no
PQDI,resolved,ARCA,ARCA,427573937,,1 contract(s),1,0.142,no
PQJA,resolved,NASDAQ,NASDAQ,751897046,,1 contract(s),1,0.106,no
PQJL,resolved,NASDAQ,NASDAQ,751897049,,1 contract(s),1,0.143,no
PQOC,resolved,NASDAQ,NASDAQ,751897052,,1 contract(s),1,0.110,no
PRAE,resolved,ARCA,ARCA,672770435,,1 contract(s),1,0.109,no
PRAY,resolved,ARCA,ARCA,842166651,,1 contract(s),1,0.107,no
PREF,resolved,ARCA,ARCA,281981386,,1 contract(s),1,0.170,no
PRF,resolved,ARCA,ARCA,319357032,,1 contract(s),1,0.106,no
PRFD,resolved,ARCA,ARCA,608608052,,1 contract(s),1,0.215,no
PRFZ,resolved,NASDAQ,NASDAQ,320227512,,1 contract(s),1,0.237,no
PRIV,resolved,ARCA,ARCA,764745869,,1 contract(s),1,0.144,no
PRMN,not_found,,,,,no response after 2 attempt(s) — likely IBKR error 200,2,20.008,no
PRMR,resolved,NASDAQ,NASDAQ,837482720,,1 contract(s),1,0.177,no
PRN,resolved,NASDAQ,NASDAQ,320226760,,1 contract(s),1,0.114,no
PRNT,resolved,BATS,BATS,241424237,,1 contract(s),1,0.107,no
PRXG,resolved,ARCA,ARCA,774815532,,1 contract(s),1,0.097,no
PRXV,resolved,ARCA,ARCA,774815538,,1 contract(s),1,0.151,no
PSC,resolved,NASDAQ,NASDAQ,248811629,,1 contract(s),1,0.159,no
PSCC,resolved,NASDAQ,NASDAQ,320227592,,1 contract(s),1,0.154,no
PSCD,resolved,NASDAQ,NASDAQ,320227597,,1 contract(s),1,0.149,no
PSCE,resolved,NASDAQ,NASDAQ,642414849,,1 contract(s),1,0.130,no
PSCF,resolved,NASDAQ,NASDAQ,320227606,,1 contract(s),1,0.147,no
PSCH,resolved,NASDAQ,NASDAQ,320227609,,1 contract(s),1,0.182,no
PSCI,resolved,NASDAQ,NASDAQ,320227612,,1 contract(s),1,0.116,no
PSCJ,resolved,BATS,BATS,500073372,,1 contract(s),1,0.129,no
PSCM,resolved,NASDAQ,NASDAQ,320228918,,1 contract(s),1,0.110,no
PSCQ,resolved,BATS,BATS,518304445,,1 contract(s),1,0.178,no
PSCT,resolved,NASDAQ,NASDAQ,320227616,,1 contract(s),1,0.155,no
PSCU,resolved,NASDAQ,NASDAQ,320227621,,1 contract(s),1,0.149,no
PSCW,resolved,BATS,BATS,479807341,,1 contract(s),1,0.144,no
PSCX,resolved,BATS,BATS,462268928,,1 contract(s),1,0.103,no
PSDN,not_found,,,,,no response after 2 attempt(s) — likely IBKR error 200,2,20.002,no
PSEP,resolved,BATS,BATS,381637421,,1 contract(s),1,0.148,no
PSET,resolved,NASDAQ,NASDAQ,226664426,,1 contract(s),1,0.106,no
PSFD,resolved,BATS,BATS,462268933,,1 contract(s),1,0.102,no
PSFF,resolved,BATS,BATS,462936677,,1 contract(s),1,0.154,no
PSFJ,resolved,BATS,BATS,500073376,,1 contract(s),1,0.104,no
PSFM,resolved,BATS,BATS,479807347,,1 contract(s),1,0.106,no
PSFO,resolved,BATS,BATS,518304448,,1 contract(s),1,0.148,no
PSH,resolved,BATS,BATS,672770450,,1 contract(s),1,0.148,no
PSI,resolved,ARCA,ARCA,319357019,,1 contract(s),1,0.103,no
PSIL,resolved,ARCA,ARCA,726746629,,1 contract(s),1,0.106,no
PSJ,not_found,,,,,no response after 2 attempt(s) — likely IBKR error 200,2,20.003,no
PSK,resolved,ARCA,ARCA,68650342,,1 contract(s),1,0.088,no
PSL,resolved,NASDAQ,NASDAQ,320226736,,1 contract(s),1,0.182,no
PSLV,resolved,ARCA,ARCA,80425147,,1 contract(s),1,0.144,no
PSMB,not_found,,,,,no response after 2 attempt(s) — likely IBKR error 200,2,20.003,no
PSMC,not_found,,,,,no response after 2 attempt(s) — likely IBKR error 200,2,20.007,no
PSMD,resolved,BATS,BATS,462268938,,1 contract(s),1,0.105,no
PSMG,not_found,,,,,no response after 2 attempt(s) — likely IBKR error 200,2,20.007,no
PSMJ,resolved,BATS,BATS,500073381,,1 contract(s),1,0.104,no
PSMM,not_found,,,,,no response after 2 attempt(s) — likely IBKR error 200,2,20.003,no
PSMO,resolved,BATS,BATS,518304453,,1 contract(s),1,0.144,no
PSMR,resolved,BATS,BATS,479807350,,1 contract(s),1,0.107,no
PSP,resolved,ARCA,ARCA,640550540,,1 contract(s),1,0.112,no
PSQ,resolved,ARCA,ARCA,692767261,,1 contract(s),1,0.130,no
PSQA,resolved,ARCA,ARCA,727533405,,1 contract(s),1,0.110,no
PSQO,resolved,ARCA,ARCA,727533409,,1 contract(s),1,0.122,no
PSR,resolved,ARCA,ARCA,319355785,,1 contract(s),1,0.145,no
PST,resolved,ARCA,ARCA,50918095,,1 contract(s),1,0.091,no
PSTP,resolved,ARCA,ARCA,548569417,,1 contract(s),1,0.144,no
PSTR,resolved,NASDAQ,NASDAQ,700337401,,1 contract(s),1,0.108,no
PSWD,resolved,NASDAQ,NASDAQ,641848900,,1 contract(s),1,0.238,no
PTBD,resolved,ARCA,ARCA,388706261,,1 contract(s),1,0.234,no
PTEC,not_found,,,,,no response after 2 attempt(s) — likely IBKR error 200,2,20.003,no
PTEU,resolved,BATS,BATS,215304048,,1 contract(s),1,0.202,no
PTF,resolved,NASDAQ,NASDAQ,320226789,,1 contract(s),1,0.165,no
PTH,resolved,NASDAQ,NASDAQ,320226759,,1 contract(s),1,0.146,no
PTIN,resolved,ARCA,ARCA,364402878,,1 contract(s),1,0.086,no
PTIR,resolved,NASDAQ,NASDAQ,726761165,,1 contract(s),1,0.103,no
PTL,resolved,ARCA,ARCA,693113812,,1 contract(s),1,0.107,no
PTLC,resolved,BATS,BATS,196183258,,1 contract(s),1,0.137,no
PTMC,resolved,BATS,BATS,196183253,,1 contract(s),1,0.094,no
PTNQ,resolved,NASDAQ,NASDAQ,196887990,,1 contract(s),1,0.093,no
PTRB,resolved,ARCA,ARCA,531494986,,1 contract(s),1,0.104,no
PUI,resolved,NASDAQ,NASDAQ,320226794,,1 contract(s),1,0.147,no
PULS,resolved,ARCA,ARCA,313675684,,1 contract(s),1,0.108,no
PULT,not_found,,,,,no response after 2 attempt(s) — likely IBKR error 200,2,20.003,no
PUSH,resolved,ARCA,ARCA,712594731,,1 contract(s),1,0.110,no
PUTD,not_found,,,,,no response after 2 attempt(s) — likely IBKR error 200,2,20.002,no
PUTW,not_found,,,,,no response after 2 attempt(s) — likely IBKR error 200,2,20.010,no
PVAL,resolved,ARCA,ARCA,493464112,,1 contract(s),1,0.109,no
PVI,resolved,ARCA,ARCA,319359465,,1 contract(s),1,0.106,no
PWB,resolved,ARCA,ARCA,319356939,,1 contract(s),1,0.147,no
PWC,not_found,,,,,no response after 2 attempt(s) — likely IBKR error 200,2,20.004,no
PWER,resolved,ARCA,ARCA,668447010,,1 contract(s),1,0.107,no
PWP,resolved,NASDAQ,NASDAQ,499429364,,1 contract(s),1,0.106,no
PWRD,resolved,NASDAQ,NASDAQ,542577766,,1 contract(s),1,0.142,no
PWS,resolved,BATS,BATS,299204152,,1 contract(s),1,0.106,no
PWV,resolved,ARCA,ARCA,319356954,,1 contract(s),1,0.104,no
PWZ,resolved,ARCA,ARCA,319355907,,1 contract(s),1,0.084,no
PXE,resolved,ARCA,ARCA,319356959,,1 contract(s),1,0.133,no
PXF,resolved,ARCA,ARCA,319356942,,1 contract(s),1,0.107,no
PXH,resolved,ARCA,ARCA,319356969,,1 contract(s),1,0.151,no
PXI,resolved,NASDAQ,NASDAQ,320226751,,1 contract(s),1,0.145,no
PXJ,resolved,ARCA,ARCA,640550537,,1 contract(s),1,0.109,no
PXQ,not_found,,,,,no response after 2 attempt(s) — likely IBKR error 200,2,20.002,no
PXUS,not_found,,,,,no response after 2 attempt(s) — likely IBKR error 200,2,20.004,no
PY,resolved,NASDAQ,NASDAQ,226664431,,1 contract(s),1,0.211,no
PYLD,resolved,ARCA,ARCA,638360201,,1 contract(s),1,0.196,no
PYPE,not_found,,,,,no response after 2 attempt(s) — likely IBKR error 200,2,20.002,no
PYPY,resolved,ARCA,ARCA,835599807,,1 contract(s),1,0.109,no
PYZ,resolved,NASDAQ,NASDAQ,320226724,,1 contract(s),1,0.101,no
PZA,resolved,ARCA,ARCA,319357043,,1 contract(s),1,0.153,no
PZT,resolved,ARCA,ARCA,319357065,,1 contract(s),1,0.103,no
QABA,resolved,NASDAQ,NASDAQ,61481451,,1 contract(s),1,0.144,no
QAI,resolved,ARCA,ARCA,59194806,,1 contract(s),1,0.138,no
QALT,resolved,NASDAQ,NASDAQ,809521337,,1 contract(s),1,0.088,no
QARP,resolved,ARCA,ARCA,313130362,,1 contract(s),1,0.084,no
QAT,resolved,NASDAQ,NASDAQ,150201408,,1 contract(s),1,0.135,no
QB,resolved,NASDAQ,NASDAQ,794917155,,1 contract(s),1,0.109,no
QBIG,resolved,NASDAQ,NASDAQ,746167162,,1 contract(s),1,0.136,no
QBUF,resolved,NASDAQ,NASDAQ,713229044,,1 contract(s),1,0.150,no
QBY,resolved,NASDAQ,NASDAQ,834263537,,1 contract(s),1,0.108,no
QCLN,resolved,NASDAQ,NASDAQ,42839245,,1 contract(s),1,0.108,no
QCLR,resolved,NASDAQ,NASDAQ,510711385,,1 contract(s),1,0.111,no
QCMD,resolved,NASDAQ,NASDAQ,794631860,,1 contract(s),1,0.211,no
QCML,resolved,NASDAQ,NASDAQ,760970910,,1 contract(s),1,0.196,no
QCMU,resolved,NASDAQ,NASDAQ,794631867,,1 contract(s),1,0.242,no
QCON,not_found,,,,,no response after 2 attempt(s) — likely IBKR error 200,2,20.005,no
QDCC,not_found,,,,,no response after 2 attempt(s) — likely IBKR error 200,2,20.002,no
QDEC,resolved,BATS,BATS,461481826,,1 contract(s),1,0.276,no
QDEF,resolved,ARCA,ARCA,118977457,,1 contract(s),1,0.182,no
QDF,resolved,ARCA,ARCA,118938250,,1 contract(s),1,0.152,no
QDIV,resolved,ARCA,ARCA,326013604,,1 contract(s),1,0.094,no
QDPL,resolved,ARCA,ARCA,502056042,,1 contract(s),1,0.130,no
QDTE,resolved,BATS,BATS,688829913,,1 contract(s),1,0.146,no
QDTY,resolved,NASDAQ,NASDAQ,760970925,,1 contract(s),1,0.106,no
QDVO,resolved,ARCA,ARCA,724502258,,1 contract(s),1,0.106,no
QDYN,not_found,,,,,no response after 2 attempt(s) — likely IBKR error 200,2,20.003,no
QEFA,resolved,ARCA,ARCA,154111516,,1 contract(s),1,0.152,no
QEMM,resolved,ARCA,ARCA,154111520,,1 contract(s),1,0.116,no
QETH,resolved,BATS,BATS,717324496,,1 contract(s),1,0.143,no
QFLR,resolved,ARCA,ARCA,679998220,,1 contract(s),1,0.109,no
QGRD,resolved,NASDAQ,NASDAQ,798089940,,1 contract(s),1,0.199,no
QGRO,resolved,ARCA,ARCA,332975526,,1 contract(s),1,0.184,no
QGRW,resolved,ARCA,ARCA,602596442,,1 contract(s),1,0.101,no
QHDG,not_found,,,,,no response after 2 attempt(s) — likely IBKR error 200,2,20.003,no
QHY,resolved,BATS,BATS,231354115,,1 contract(s),1,0.146,no
QID,resolved,ARCA,ARCA,692768974,,1 contract(s),1,0.097,no
QIDX,resolved,ARCA,ARCA,751742289,,1 contract(s),1,0.143,no
QIG,resolved,BATS,BATS,231354109,,1 contract(s),1,0.148,no
QINT,resolved,ARCA,ARCA,332975523,,1 contract(s),1,0.108,no
QIS,resolved,ARCA,ARCA,641571106,,1 contract(s),1,0.109,no
QJUN,resolved,BATS,BATS,497954456,,1 contract(s),1,0.138,no
QLC,resolved,BATS,BATS,207825360,,1 contract(s),1,0.102,no
QLD,resolved,ARCA,ARCA,39622938,,1 contract(s),1,0.147,no
QLDY,resolved,NASDAQ,NASDAQ,815039684,,1 contract(s),1,0.105,no
QLTA,resolved,ARCA,ARCA,102436157,,1 contract(s),1,0.112,no
QLTI,resolved,ARCA,ARCA,738099360,,1 contract(s),1,0.105,no
QLTY,resolved,ARCA,ARCA,665643518,,1 contract(s),1,0.146,no
QLV,resolved,ARCA,ARCA,374689879,,1 contract(s),1,0.106,no
QLVD,resolved,ARCA,ARCA,374689892,,1 contract(s),1,0.232,no
QLVE,resolved,ARCA,ARCA,374689899,,1 contract(s),1,0.205,no
QMAR,resolved,BATS,BATS,478105870,,1 contract(s),1,0.185,no
QMID,resolved,NASDAQ,NASDAQ,680176956,,1 contract(s),1,0.104,no
QMOM,resolved,NASDAQ,NASDAQ,214184966,,1 contract(s),1,0.092,no
QNXT,resolved,NASDAQ,NASDAQ,737558529,,1 contract(s),1,0.143,no
QOWZ,resolved,NASDAQ,NASDAQ,669995117,,1 contract(s),1,0.139,no
QPFF,not_found,,,,,no response after 2 attempt(s) — likely IBKR error 200,2,20.009,no
QPX,resolved,ARCA,ARCA,462781809,,1 contract(s),1,0.087,no
QQA,resolved,NASDAQ,NASDAQ,716128038,,1 contract(s),1,0.138,no
QQC,not_found,,,,,no response after 2 attempt(s) — likely IBKR error 200,2,20.013,no
QQD,not_found,,,,,no response after 2 attempt(s) — likely IBKR error 200,2,20.005,no
QQDN,resolved,NASDAQ,NASDAQ,791105396,,1 contract(s),1,0.108,no
QQEW,resolved,NASDAQ,NASDAQ,38773329,,1 contract(s),1,0.146,no
QQH,resolved,ARCA,ARCA,386754997,,1 contract(s),1,0.106,no
QQJG,not_found,,,,,no response after 2 attempt(s) — likely IBKR error 200,2,20.007,no
QQMG,resolved,NASDAQ,NASDAQ,523222599,,1 contract(s),1,0.151,no
QQQ,resolved,NASDAQ,NASDAQ,320227571,,1 contract(s),1,0.042,no
QQQA,resolved,NASDAQ,NASDAQ,491665433,,1 contract(s),1,0.191,no
QQQD,resolved,ARCA,ARCA,689037200,,1 contract(s),1,0.112,no
QQQE,resolved,NASDAQ,NASDAQ,104792254,,1 contract(s),1,0.173,no
QQQG,resolved,NASDAQ,NASDAQ,724308999,,1 contract(s),1,0.248,no
QQQH,resolved,NASDAQ,NASDAQ,762543319,,1 contract(s),1,0.146,no
QQQI,resolved,NASDAQ,NASDAQ,681156829,,1 contract(s),1,0.221,no
QQQJ,resolved,NASDAQ,NASDAQ,449738115,,1 contract(s),1,0.188,no
QQQM,resolved,NASDAQ,NASDAQ,449738108,,1 contract(s),1,0.121,no
QQQN,not_found,,,,,no response after 2 attempt(s) — likely IBKR error 200,2,20.001,no
QQQS,resolved,NASDAQ,NASDAQ,591000345,,1 contract(s),1,0.137,no
QQQT,resolved,NASDAQ,NASDAQ,711265165,,1 contract(s),1,0.097,no
QQQU,resolved,ARCA,ARCA,689038169,,1 contract(s),1,0.100,no
QQQY,resolved,NASDAQ,NASDAQ,719418309,,1 contract(s),1,0.086,no
QQUP,resolved,NASDAQ,NASDAQ,791105393,,1 contract(s),1,0.101,no
QQXL,resolved,NASDAQ,NASDAQ,807386038,,1 contract(s),1,0.140,no
QQXT,resolved,NASDAQ,NASDAQ,42839251,,1 contract(s),1,0.143,no
QRFT,not_found,,,,,no response after 2 attempt(s) — likely IBKR error 200,2,20.005,no
QRMI,resolved,NASDAQ,NASDAQ,510711392,,1 contract(s),1,0.124,no
QSIG,resolved,BATS,BATS,231354118,,1 contract(s),1,0.200,no
QSML,resolved,NASDAQ,NASDAQ,680176961,,1 contract(s),1,0.186,no
QSPT,resolved,BATS,BATS,515416488,,1 contract(s),1,0.141,no
QSWN,not_found,,,,,no response after 2 attempt(s) — likely IBKR error 200,2,20.008,no
QTAP,resolved,BATS,BATS,479986275,,1 contract(s),1,0.149,no
QTEC,resolved,NASDAQ,NASDAQ,38773332,,1 contract(s),1,0.102,no
QTJA,resolved,BATS,BATS,535920870,,1 contract(s),1,0.140,no
QTJL,resolved,BATS,BATS,500073357,,1 contract(s),1,0.140,no
QTOC,resolved,BATS,BATS,518304440,,1 contract(s),1,0.138,no
QTOP,resolved,NASDAQ,NASDAQ,737558524,,1 contract(s),1,0.127,no
QTR,resolved,NASDAQ,NASDAQ,510711388,,1 contract(s),1,0.102,no
QTUM,resolved,NASDAQ,NASDAQ,332274918,,1 contract(s),1,0.147,no
QUAL,resolved,BATS,BATS,131255429,,1 contract(s),1,0.146,no
QUIZ,resolved,ARCA,ARCA,807663394,,1 contract(s),1,0.107,no
QULL,resolved,ARCA,ARCA,469724279,,1 contract(s),1,0.106,no
QUS,resolved,ARCA,ARCA,190480960,,1 contract(s),1,0.141,no
QUSA,resolved,ARCA,ARCA,782097049,,1 contract(s),1,0.241,no
QUVU,not_found,,,,,no response after 2 attempt(s) — likely IBKR error 200,2,20.008,no
QVAL,resolved,NASDAQ,NASDAQ,171496616,,1 contract(s),1,0.144,no
QVML,resolved,ARCA,ARCA,499901333,,1 contract(s),1,0.163,no
QVMM,resolved,ARCA,ARCA,499901338,,1 contract(s),1,0.151,no
QVMS,resolved,ARCA,ARCA,499901343,,1 contract(s),1,0.104,no
QVMT,resolved,ARCA,ARCA,319357102,,1 contract(s),1,0.127,no
QVOY,resolved,BATS,BATS,601496546,,1 contract(s),1,0.146,no
QWLD,resolved,ARCA,ARCA,154111525,,1 contract(s),1,0.089,no
QXQ,resolved,NASDAQ,NASDAQ,709872772,,1 contract(s),1,0.148,no
QYLD,resolved,NASDAQ,NASDAQ,346727816,,1 contract(s),1,0.143,no
QYLE,not_found,,,,,no response after 2 attempt(s) — likely IBKR error 200,2,20.008,no
QYLG,resolved,NASDAQ,NASDAQ,446336329,,1 contract(s),1,0.126,no
RAA,resolved,NASDAQ,NASDAQ,764476546,,1 contract(s),1,0.084,no
RAAA,resolved,ARCA,ARCA,797518322,,1 contract(s),1,0.102,no
RAAX,resolved,ARCA,ARCA,313675815,,1 contract(s),1,0.132,no
RAFE,resolved,ARCA,ARCA,396177799,,1 contract(s),1,0.141,no
RATE,not_found,,,,,no response after 2 attempt(s) — likely IBKR error 200,2,20.005,no
RAUS,resolved,NASDAQ,NASDAQ,813722955,,1 contract(s),1,0.108,no
RAVI,resolved,ARCA,ARCA,115353748,,1 contract(s),1,0.122,no
RAYC,not_found,,,,,no response after 2 attempt(s) — likely IBKR error 200,2,20.006,no
RAYD,not_found,,,,,no response after 2 attempt(s) — likely IBKR error 200,2,20.005,no
RAYE,not_found,,,,,no response after 2 attempt(s) — likely IBKR error 200,2,20.005,no
RAYJ,resolved,ARCA,ARCA,694721866,,1 contract(s),1,0.208,no
RAYS,not_found,,,,,no response after 2 attempt(s) — likely IBKR error 200,2,20.006,no
RBIL,resolved,NASDAQ,NASDAQ,764164660,,1 contract(s),1,0.168,no
RBLD,resolved,ARCA,ARCA,54913974,,1 contract(s),1,0.105,no
RBLY,resolved,ARCA,ARCA,802486082,,1 contract(s),1,0.132,no
RBND,not_found,,,,,no response after 2 attempt(s) — likely IBKR error 200,2,20.009,no
RCGE,resolved,NASDAQ,NASDAQ,764737923,,1 contract(s),1,0.106,no
RDFI,resolved,BATS,BATS,451304646,,1 contract(s),1,0.140,no
RDIV,resolved,ARCA,ARCA,368312558,,1 contract(s),1,0.142,no
RDOG,resolved,ARCA,ARCA,51072000,,1 contract(s),1,0.142,no
RDTE,resolved,BATS,BATS,727965405,,1 contract(s),1,0.139,no
RDTY,resolved,NASDAQ,NASDAQ,762277023,,1 contract(s),1,0.133,no
RDVI,resolved,BATS,BATS,592115584,,1 contract(s),1,0.143,no
RDVY,resolved,NASDAQ,NASDAQ,141525386,,1 contract(s),1,0.104,no
RDYY,resolved,ARCA,ARCA,812853285,,1 contract(s),1,0.139,no
REAI,resolved,NASDAQ,NASDAQ,636384970,,1 contract(s),1,0.190,no
RECS,resolved,ARCA,ARCA,384947353,,1 contract(s),1,0.151,no
REET,resolved,ARCA,ARCA,160212412,,1 contract(s),1,0.106,no
REFA,resolved,ARCA,ARCA,837910835,,1 contract(s),1,0.149,no
REGL,resolved,BATS,BATS,183005006,,1 contract(s),1,0.106,no
REIT,resolved,NASDAQ,NASDAQ,473982570,,1 contract(s),1,0.143,no
REK,resolved,ARCA,ARCA,535288377,,1 contract(s),1,0.085,no
REKT,not_found,,,,,no response after 2 attempt(s) — likely IBKR error 200,2,20.006,no
REM,resolved,BATS,BATS,253190564,,1 contract(s),1,0.106,no
REMG,resolved,NASDAQ,NASDAQ,788427563,,1 contract(s),1,0.151,no
REMX,resolved,ARCA,ARCA,415578518,,1 contract(s),1,0.147,no
RENW,not_found,,,,,no response after 2 attempt(s) — likely IBKR error 200,2,20.006,no
RESD,not_found,,,,,no response after 2 attempt(s) — likely IBKR error 200,2,20.008,no
RESE,not_found,,,,,no response after 2 attempt(s) — likely IBKR error 200,2,20.005,no
RESP,not_found,,,,,no response after 2 attempt(s) — likely IBKR error 200,2,20.008,no
RETL,resolved,ARCA,ARCA,416854756,,1 contract(s),1,0.135,no
REVS,resolved,ARCA,ARCA,384947356,,1 contract(s),1,0.278,no
REW,resolved,ARCA,ARCA,882360051,,1 contract(s),1,0.119,no
REZ,resolved,ARCA,ARCA,44053719,,1 contract(s),1,0.155,no
RFCI,resolved,ARCA,ARCA,236704008,,1 contract(s),1,0.172,no
RFDA,resolved,ARCA,ARCA,236088098,,1 contract(s),1,0.193,no
RFDI,resolved,NASDAQ,NASDAQ,229325937,,1 contract(s),1,0.156,no
RFEM,resolved,NASDAQ,NASDAQ,236798101,,1 contract(s),1,0.103,no
RFEU,not_found,,,,,no response after 2 attempt(s) — likely IBKR error 200,2,20.006,no
RFFC,resolved,ARCA,ARCA,236088103,,1 contract(s),1,0.107,no
RFG,resolved,ARCA,ARCA,319359502,,1 contract(s),1,0.091,no
RFIX,resolved,ARCA,ARCA,747339261,,1 contract(s),1,0.110,no
RFLR,resolved,ARCA,ARCA,728773261,,1 contract(s),1,0.146,no
RFV,resolved,ARCA,ARCA,319359480,,1 contract(s),1,0.084,no
RGEF,resolved,ARCA,ARCA,738103940,,1 contract(s),1,0.103,no
RGI,not_found,,,,,no response after 2 attempt(s) — likely IBKR error 200,2,20.007,no
RGYY,resolved,NASDAQ,NASDAQ,834263540,,1 contract(s),1,0.195,no
RHRX,resolved,ARCA,ARCA,525075095,,1 contract(s),1,0.105,no
RHS,not_found,,,,,no response after 2 attempt(s) — likely IBKR error 200,2,20.009,no
RHTX,resolved,ARCA,ARCA,525074948,,1 contract(s),1,0.107,no
RIET,resolved,ARCA,ARCA,516382748,,1 contract(s),1,0.124,no
RIGS,resolved,ARCA,ARCA,136001458,,1 contract(s),1,0.148,no
RILA,resolved,ARCA,ARCA,751742287,,1 contract(s),1,0.108,no
RINC,not_found,,,,,no response after 2 attempt(s) — likely IBKR error 200,2,20.010,no
RINF,resolved,ARCA,ARCA,100220750,,1 contract(s),1,0.112,no
RING,resolved,NASDAQ,NASDAQ,253190574,,1 contract(s),1,0.093,no
RIOX,resolved,ARCA,ARCA,862915674,,1 contract(s),1,0.136,no
RISN,resolved,ARCA,ARCA,434698389,,1 contract(s),1,0.103,no
RISR,resolved,ARCA,ARCA,518304428,,1 contract(s),1,0.106,no
RITA,resolved,ARCA,ARCA,531718009,,1 contract(s),1,0.142,no
RJMG,not_found,,,,,no response after 2 attempt(s) — likely IBKR error 200,2,20.005,no
RLY,resolved,ARCA,ARCA,106661016,,1 contract(s),1,0.085,no
RMCA,resolved,ARCA,ARCA,722303917,,1 contract(s),1,0.112,no
RMIF,resolved,BATS,BATS,635680483,,1 contract(s),1,0.128,no
RMNY,resolved,ARCA,ARCA,722303923,,1 contract(s),1,0.174,no
RMOP,resolved,ARCA,ARCA,722303926,,1 contract(s),1,0.098,no
RND,resolved,ARCA,ARCA,700337436,,1 contract(s),1,0.109,no
RNDM,not_found,,,,,no response after 2 attempt(s) — likely IBKR error 200,2,20.007,no
RNDV,not_found,,,,,no response after 2 attempt(s) — likely IBKR error 200,2,20.009,no
RNEM,resolved,NASDAQ,NASDAQ,280262319,,1 contract(s),1,0.152,no
RNEW,not_found,,,,,no response after 2 attempt(s) — likely IBKR error 200,2,20.006,no
RNLC,not_found,,,,,no response after 2 attempt(s) — likely IBKR error 200,2,20.006,no
RNMC,not_found,,,,,no response after 2 attempt(s) — likely IBKR error 200,2,20.007,no
RNRG,resolved,NASDAQ,NASDAQ,810759410,,1 contract(s),1,0.144,no
RNSC,not_found,,,,,no response after 2 attempt(s) — likely IBKR error 200,2,20.005,no
RNTY,resolved,ARCA,ARCA,777441572,,1 contract(s),1,0.152,no
RNWZ,not_found,,,,,no response after 2 attempt(s) — likely IBKR error 200,2,20.008,no
ROAM,resolved,ARCA,ARCA,185345348,,1 contract(s),1,0.151,no
ROBO,resolved,ARCA,ARCA,137056786,,1 contract(s),1,0.172,no
ROBT,resolved,NASDAQ,NASDAQ,308163335,,1 contract(s),1,0.134,no
RODE,not_found,,,,,no response after 2 attempt(s) — likely IBKR error 200,2,20.004,no
RODM,resolved,ARCA,ARCA,185345355,,1 contract(s),1,0.099,no
ROE,resolved,NASDAQ,NASDAQ,645904203,,1 contract(s),1,0.132,no
ROKT,resolved,ARCA,ARCA,338719516,,1 contract(s),1,0.110,no
ROM,resolved,ARCA,ARCA,42808840,,1 contract(s),1,0.132,no
ROMO,resolved,BATS,BATS,390327800,,1 contract(s),1,0.109,no
ROOF,not_found,,,,,no response after 2 attempt(s) — likely IBKR error 200,2,20.007,no
RORO,not_found,,,,,no response after 2 attempt(s) — likely IBKR error 200,2,20.009,no
ROSC,resolved,ARCA,ARCA,188412097,,1 contract(s),1,0.143,no
ROUS,resolved,ARCA,ARCA,185345358,,1 contract(s),1,0.144,no
RPAR,resolved,ARCA,ARCA,395576607,,1 contract(s),1,0.086,no
RPG,resolved,ARCA,ARCA,319359450,,1 contract(s),1,0.106,no
RPHS,not_found,,,,,no response after 2 attempt(s) — likely IBKR error 200,2,20.006,no
RPV,resolved,ARCA,ARCA,319359492,,1 contract(s),1,0.142,no
RRH,not_found,,,,,no response after 2 attempt(s) — likely IBKR error 200,2,20.003,no
RSBT,resolved,BATS,BATS,612893500,,1 contract(s),1,0.176,no
RSBY,resolved,BATS,BATS,724304624,,1 contract(s),1,0.189,no
RSHO,not_found,,,,,no response after 2 attempt(s) — likely IBKR error 200,2,20.006,no
RSJN,resolved,ARCA,ARCA,711270304,,1 contract(s),1,0.169,no
RSMC,resolved,ARCA,ARCA,734448837,,1 contract(s),1,0.146,no
RSMR,resolved,ARCA,ARCA,770385245,,1 contract(s),1,0.110,no
RSMV,resolved,ARCA,ARCA,753752744,,1 contract(s),1,0.103,no
RSP,resolved,ARCA,ARCA,319359375,,1 contract(s),1,0.147,no
RSPA,resolved,ARCA,ARCA,715889172,,1 contract(s),1,0.152,no
RSPC,resolved,ARCA,ARCA,340855122,,1 contract(s),1,0.116,no
RSPD,resolved,ARCA,ARCA,319359360,,1 contract(s),1,0.138,no
RSPE,resolved,ARCA,ARCA,526726698,,1 contract(s),1,0.157,no
RSPF,resolved,ARCA,ARCA,319359319,,1 contract(s),1,0.132,no
RSPG,resolved,ARCA,ARCA,319359359,,1 contract(s),1,0.130,no
RSPH,resolved,ARCA,ARCA,319359417,,1 contract(s),1,0.103,no
RSPM,resolved,ARCA,ARCA,319359380,,1 contract(s),1,0.131,no
RSPN,resolved,ARCA,ARCA,319359411,,1 contract(s),1,0.095,no
RSPR,resolved,ARCA,ARCA,319359414,,1 contract(s),1,0.130,no
RSPS,resolved,ARCA,ARCA,319359339,,1 contract(s),1,0.112,no
RSPT,resolved,ARCA,ARCA,319359399,,1 contract(s),1,0.144,no
RSPU,resolved,ARCA,ARCA,319359445,,1 contract(s),1,0.108,no
RSPY,not_found,,,,,no response after 2 attempt(s) — likely IBKR error 200,2,20.007,no
RSSB,resolved,BATS,BATS,669472149,,1 contract(s),1,0.150,no
RSSE,resolved,ARCA,ARCA,730258831,,1 contract(s),1,0.147,no
RSSL,resolved,ARCA,ARCA,707673302,,1 contract(s),1,0.108,no
RSST,resolved,BATS,BATS,652545027,,1 contract(s),1,0.139,no
RTAI,resolved,BATS,BATS,451304649,,1 contract(s),1,0.142,no
RTH,resolved,NASDAQ,NASDAQ,228790027,,1 contract(s),1,0.092,no
RTL,not_found,,,,,no response after 2 attempt(s) — likely IBKR error 200,2,20.010,no
RTM,not_found,,,,,no response after 2 attempt(s) — likely IBKR error 200,2,20.004,no
RTXG,resolved,NASDAQ,NASDAQ,789863518,,1 contract(s),1,0.143,no
RTYY,resolved,NASDAQ,NASDAQ,835875728,,1 contract(s),1,0.146,no
RUFF,not_found,,,,,no response after 2 attempt(s) — likely IBKR error 200,2,20.008,no
RULE,resolved,BATS,BATS,524517581,,1 contract(s),1,0.102,no
RUNN,resolved,NASDAQ,NASDAQ,635449249,,1 contract(s),1,0.143,no
RVER,resolved,ARCA,ARCA,694721861,,1 contract(s),1,0.103,no
RVNL,resolved,NASDAQ,NASDAQ,779046508,,1 contract(s),1,0.105,no
RVNU,resolved,ARCA,ARCA,128835006,,1 contract(s),1,0.230,no
RVRB,not_found,,,,,no response after 2 attempt(s) — likely IBKR error 200,2,20.010,no
RW,resolved,ARCA,ARCA,792060604,,1 contract(s),1,0.104,no
RWEM,resolved,ARCA,ARCA,532829460,,1 contract(s),1,0.196,no
RWJ,resolved,ARCA,ARCA,368312555,,1 contract(s),1,0.180,no
RWK,resolved,ARCA,ARCA,368312530,,1 contract(s),1,0.173,no
RWL,resolved,ARCA,ARCA,368312545,,1 contract(s),1,0.132,no
RWLC,resolved,ARCA,ARCA,532829467,,1 contract(s),1,0.150,no
RWM,resolved,ARCA,ARCA,193461280,,1 contract(s),1,0.100,no
RWO,resolved,ARCA,ARCA,51141881,,1 contract(s),1,0.141,no
RWR,resolved,ARCA,ARCA,45540813,,1 contract(s),1,0.138,no
RWX,resolved,ARCA,ARCA,45540852,,1 contract(s),1,0.121,no
RXD,resolved,ARCA,ARCA,882360116,,1 contract(s),1,0.128,no
RXI,resolved,ARCA,ARCA,40784268,,1 contract(s),1,0.117,no
RXL,resolved,ARCA,ARCA,42808845,,1 contract(s),1,0.094,no
RYE,not_found,,,,,no response after 2 attempt(s) — likely IBKR error 200,2,20.008,no
RYF,not_found,,,,,no response after 2 attempt(s) — likely IBKR error 200,2,20.005,no
RYH,not_found,,,,,no response after 2 attempt(s) — likely IBKR error 200,2,20.007,no
RYJ,not_found,,,,,no response after 2 attempt(s) — likely IBKR error 200,2,20.009,no
RYLD,resolved,ARCA,ARCA,361439195,,1 contract(s),1,0.130,no
RYLG,resolved,ARCA,ARCA,589552749,,1 contract(s),1,0.134,no
RYT,not_found,,,,,no response after 2 attempt(s) — likely IBKR error 200,2,20.009,no
RYU,not_found,,,,,no response after 2 attempt(s) — likely IBKR error 200,2,20.002,no
RZG,resolved,ARCA,ARCA,319359455,,1 contract(s),1,0.090,no
RZV,resolved,ARCA,ARCA,319359459,,1 contract(s),1,0.093,no
SAA,resolved,ARCA,ARCA,42751760,,1 contract(s),1,0.112,no
SAEF,not_found,,,,,no response after 2 attempt(s) — likely IBKR error 200,2,20.007,no
SAGP,resolved,ARCA,ARCA,540342475,,1 contract(s),1,0.099,no
SAMM,resolved,ARCA,ARCA,694990720,,1 contract(s),1,0.112,no
SAMT,resolved,ARCA,ARCA,540342478,,1 contract(s),1,0.111,no
SAPH,resolved,ARCA,ARCA,752451966,,1 contract(s),1,0.113,no
SARK,resolved,NASDAQ,NASDAQ,744659459,,1 contract(s),1,0.130,no
SATO,resolved,BATS,BATS,519322274,,1 contract(s),1,0.147,no
SAVN,not_found,,,,,no response after 2 attempt(s) — likely IBKR error 200,2,20.007,no
SAWG,resolved,ARCA,ARCA,719474007,,1 contract(s),1,0.179,no
SAWS,resolved,ARCA,ARCA,719474008,,1 contract(s),1,0.187,no
SBAR,resolved,ARCA,ARCA,777177619,,1 contract(s),1,0.174,no
SBB,resolved,ARCA,ARCA,882360123,,1 contract(s),1,0.212,no
SBIL,resolved,ARCA,ARCA,798837433,,1 contract(s),1,0.205,no
SBIO,resolved,ARCA,ARCA,178813576,,1 contract(s),1,0.153,no
SBIT,resolved,ARCA,ARCA,788426888,,1 contract(s),1,0.180,no
SBND,resolved,ARCA,ARCA,516097348,,1 contract(s),1,0.124,no
SBU,resolved,NASDAQ,NASDAQ,831425873,,1 contract(s),1,0.111,no
SCAP,resolved,ARCA,ARCA,671100109,,1 contract(s),1,0.148,no
SCC,resolved,ARCA,ARCA,788427529,,1 contract(s),1,0.109,no
SCCR,resolved,ARCA,ARCA,759148401,,1 contract(s),1,0.104,no
SCDL,resolved,ARCA,ARCA,469724280,,1 contract(s),1,0.113,no
SCDS,resolved,NASDAQ,NASDAQ,721315847,,1 contract(s),1,0.147,no
SCEC,resolved,BATS,BATS,768187102,,1 contract(s),1,0.144,no
SCHA,resolved,ARCA,ARCA,70083661,,1 contract(s),1,0.094,no
SCHB,resolved,ARCA,ARCA,70083650,,1 contract(s),1,0.148,no
SCHC,resolved,ARCA,ARCA,71714776,,1 contract(s),1,0.128,no
SCHD,resolved,ARCA,ARCA,96079912,,1 contract(s),1,0.141,no
SCHE,resolved,ARCA,ARCA,71715076,,1 contract(s),1,0.127,no
SCHF,resolved,ARCA,ARCA,70083656,,1 contract(s),1,0.091,no
SCHG,resolved,ARCA,ARCA,70905158,,1 contract(s),1,0.102,no
SCHH,resolved,ARCA,ARCA,82817278,,1 contract(s),1,0.133,no
SCHI,resolved,ARCA,ARCA,386752910,,1 contract(s),1,0.098,no
SCHJ,resolved,ARCA,ARCA,386752907,,1 contract(s),1,0.150,no
SCHK,resolved,ARCA,ARCA,292080780,,1 contract(s),1,0.096,no
SCHM,resolved,ARCA,ARCA,82817275,,1 contract(s),1,0.099,no
SCHO,resolved,ARCA,ARCA,77763094,,1 contract(s),1,0.102,no
SCHP,resolved,ARCA,ARCA,77763097,,1 contract(s),1,0.100,no
SCHQ,resolved,ARCA,ARCA,386752912,,1 contract(s),1,0.153,no
SCHR,resolved,ARCA,ARCA,77763100,,1 contract(s),1,0.104,no
SCHV,resolved,ARCA,ARCA,70905155,,1 contract(s),1,0.128,no
SCHX,resolved,ARCA,ARCA,70083655,,1 contract(s),1,0.105,no
SCHY,resolved,ARCA,ARCA,484596181,,1 contract(s),1,0.148,no
SCHZ,resolved,ARCA,ARCA,90832064,,1 contract(s),1,0.103,no
SCIO,resolved,ARCA,ARCA,687083710,,1 contract(s),1,0.107,no
SCJ,resolved,ARCA,ARCA,47671843,,1 contract(s),1,0.131,no
SCLS,not_found,,,,,no response after 2 attempt(s) — likely IBKR error 200,2,20.005,no
SCMB,resolved,ARCA,ARCA,590692584,,1 contract(s),1,0.144,no
SCO,resolved,ARCA,ARCA,882359986,,1 contract(s),1,0.102,no
SCUS,resolved,ARCA,ARCA,721996416,,1 contract(s),1,0.189,no
SCYB,resolved,ARCA,ARCA,641561653,,1 contract(s),1,0.159,no
SCZ,resolved,NASDAQ,NASDAQ,47605485,,1 contract(s),1,0.087,no
SDCI,resolved,ARCA,ARCA,316544427,,1 contract(s),1,0.083,no
SDCP,resolved,ARCA,ARCA,665794383,,1 contract(s),1,0.100,no
SDD,resolved,ARCA,ARCA,490791485,,1 contract(s),1,0.084,no
SDEF,not_found,,,,,no response after 2 attempt(s) — likely IBKR error 200,2,20.005,no
SDEI,not_found,,,,,no response after 2 attempt(s) — likely IBKR error 200,2,20.002,no
SDEM,resolved,ARCA,ARCA,601255726,,1 contract(s),1,0.132,no
SDFI,resolved,ARCA,ARCA,708404969,,1 contract(s),1,0.107,no
SDG,resolved,NASDAQ,NASDAQ,230950009,,1 contract(s),1,0.123,no
SDGA,not_found,,,,,no response after 2 attempt(s) — likely IBKR error 200,2,20.004,no
SDIV,resolved,ARCA,ARCA,604409899,,1 contract(s),1,0.116,no
SDOG,resolved,ARCA,ARCA,110091541,,1 contract(s),1,0.083,no
SDOW,resolved,ARCA,ARCA,738523398,,1 contract(s),1,0.147,no
SDP,resolved,ARCA,ARCA,882360521,,1 contract(s),1,0.138,no
SDS,resolved,ARCA,ARCA,828937764,,1 contract(s),1,0.122,no
SDSI,resolved,NASDAQ,NASDAQ,591000342,,1 contract(s),1,0.110,no
SDTY,resolved,NASDAQ,NASDAQ,759556501,,1 contract(s),1,0.210,no
SDVY,resolved,NASDAQ,NASDAQ,294729601,,1 contract(s),1,0.171,no
SDY,resolved,ARCA,ARCA,45540807,,1 contract(s),1,0.111,no
SEA,resolved,ARCA,ARCA,539070022,,1 contract(s),1,0.137,no
SECR,resolved,ARCA,ARCA,706746175,,1 contract(s),1,0.109,no
SECT,resolved,BATS,BATS,288231307,,1 contract(s),1,0.149,no
SEF,resolved,ARCA,ARCA,738524646,,1 contract(s),1,0.103,no
SEIM,resolved,BATS,BATS,562605458,,1 contract(s),1,0.152,no
SEIQ,resolved,BATS,BATS,562605464,,1 contract(s),1,0.147,no
SEIV,resolved,BATS,BATS,562605469,,1 contract(s),1,0.147,no
SEIX,resolved,ARCA,ARCA,362313847,,1 contract(s),1,0.102,no
SELV,resolved,BATS,BATS,562605463,,1 contract(s),1,0.141,no
SEMG,resolved,ARCA,ARCA,783559807,,1 contract(s),1,0.114,no
SEMI,resolved,ARCA,ARCA,553616137,,1 contract(s),1,0.106,no
SEMY,resolved,NASDAQ,NASDAQ,831857273,,1 contract(s),1,0.148,no
SENT,not_found,,,,,no response after 2 attempt(s) — likely IBKR error 200,2,20.004,no
SEPI,resolved,ARCA,ARCA,812201765,,1 contract(s),1,0.104,no
SEPT,resolved,BATS,BATS,651420091,,1 contract(s),1,0.144,no
SEPW,resolved,BATS,BATS,651420094,,1 contract(s),1,0.204,no
SEPZ,resolved,BATS,BATS,805705235,,1 contract(s),1,0.187,no
SETH,resolved,ARCA,ARCA,828937774,,1 contract(s),1,0.129,no
SETM,resolved,NASDAQ,NASDAQ,611584552,,1 contract(s),1,0.104,no
SFGV,resolved,ARCA,ARCA,677915242,,1 contract(s),1,0.102,no
SFIG,not_found,,,,,no response after 2 attempt(s) — likely IBKR error 200,2,20.003,no
SFLO,resolved,NASDAQ,NASDAQ,673829596,,1 contract(s),1,0.145,no
SFLR,resolved,ARCA,ARCA,596373614,,1 contract(s),1,0.143,no
SFY,resolved,ARCA,ARCA,730640115,,1 contract(s),1,0.105,no
SFYF,resolved,ARCA,ARCA,365214630,,1 contract(s),1,0.148,no
SFYX,not_found,,,,,no response after 2 attempt(s) — likely IBKR error 200,2,20.003,no
SGDJ,resolved,ARCA,ARCA,374674774,,1 contract(s),1,0.146,no
SGDM,resolved,ARCA,ARCA,374674771,,1 contract(s),1,0.130,no
SGG,not_found,,,,,no response after 2 attempt(s) — likely IBKR error 200,2,20.006,no
SGLC,resolved,ARCA,ARCA,633584569,,1 contract(s),1,0.104,no
SGOL,resolved,ARCA,ARCA,334909238,,1 contract(s),1,0.144,no
SGOV,resolved,NYSE,NYSE,424099317,,1 contract(s),1,0.221,no
SGRT,resolved,ARCA,ARCA,808311612,,1 contract(s),1,0.149,no
SH,resolved,ARCA,ARCA,738523410,,1 contract(s),1,0.144,no
SHAG,resolved,BATS,BATS,276343976,,1 contract(s),1,0.107,no
SHDG,resolved,BATS,BATS,656379411,,1 contract(s),1,0.149,no
SHE,resolved,ARCA,ARCA,225021072,,1 contract(s),1,0.159,no
SHEH,resolved,ARCA,ARCA,733485892,,1 contract(s),1,0.168,no
SHLD,resolved,ARCA,ARCA,653579427,,1 contract(s),1,0.190,no
SHM,resolved,ARCA,ARCA,225020110,,1 contract(s),1,0.091,no
SHNY,resolved,ARCA,ARCA,615339368,,1 contract(s),1,0.110,no
SHOC,resolved,NYSE,NYSE,589896907,,1 contract(s),1,0.104,no
SHPP,resolved,ARCA,ARCA,566205809,,1 contract(s),1,0.148,no
SHRT,resolved,ARCA,ARCA,663911275,,1 contract(s),1,0.108,no
SHRY,resolved,NASDAQ,NASDAQ,280262324,,1 contract(s),1,0.105,no
SHUS,resolved,ARCA,ARCA,732636174,,1 contract(s),1,0.100,no
SHV,resolved,NYSE,NYSE,42454579,,1 contract(s),1,0.136,no
SHY,resolved,NASDAQ,NASDAQ,15547851,,1 contract(s),1,0.146,no
SHYD,resolved,BATS,BATS,229726268,,1 contract(s),1,0.144,no
SHYG,resolved,ARCA,ARCA,136374385,,1 contract(s),1,0.145,no
SHYL,resolved,ARCA,ARCA,302202057,,1 contract(s),1,0.134,no
SHYM,resolved,BATS,BATS,477170788,,1 contract(s),1,0.150,no
SIFI,resolved,ARCA,ARCA,514485000,,1 contract(s),1,0.102,no
SIHY,resolved,ARCA,ARCA,514484999,,1 contract(s),1,0.110,no
SIJ,resolved,ARCA,ARCA,882360126,,1 contract(s),1,0.131,no
SIL,resolved,ARCA,ARCA,211651690,,1 contract(s),1,0.146,no
SILJ,resolved,ARCA,ARCA,680887855,,1 contract(s),1,0.103,no
SILX,not_found,,,,,no response after 2 attempt(s) — likely IBKR error 200,2,20.004,no
SIMS,resolved,ARCA,ARCA,301004572,,1 contract(s),1,0.113,no
SIO,resolved,ARCA,ARCA,575790771,,1 contract(s),1,0.108,no
SIVR,resolved,ARCA,ARCA,334909235,,1 contract(s),1,0.143,no
SIXA,resolved,ARCA,ARCA,421393595,,1 contract(s),1,0.145,no
SIXD,resolved,BATS,BATS,707142425,,1 contract(s),1,0.145,no
SIXF,resolved,BATS,BATS,681352390,,1 contract(s),1,0.148,no
SIXG,not_found,,,,,no response after 2 attempt(s) — likely IBKR error 200,2,20.006,no
SIXH,resolved,ARCA,ARCA,421393588,,1 contract(s),1,0.160,no
SIXJ,resolved,BATS,BATS,535920867,,1 contract(s),1,0.146,no
SIXL,resolved,ARCA,ARCA,421390569,,1 contract(s),1,0.102,no
SIXO,resolved,BATS,BATS,518304425,,1 contract(s),1,0.149,no
SIXP,resolved,BATS,BATS,687492722,,1 contract(s),1,0.141,no
SIXS,resolved,ARCA,ARCA,421393598,,1 contract(s),1,0.104,no
SIXZ,resolved,BATS,BATS,700321445,,1 contract(s),1,0.148,no
SIZE,resolved,ARCA,ARCA,125903837,,1 contract(s),1,0.094,no
SJB,resolved,ARCA,ARCA,86042053,,1 contract(s),1,0.145,no
SJCP,resolved,NASDAQ,NASDAQ,727817089,,1 contract(s),1,0.105,no
SJLD,resolved,NASDAQ,NASDAQ,727817046,,1 contract(s),1,0.100,no
SJNK,resolved,ARCA,ARCA,104158269,,1 contract(s),1,0.129,no
SKF,resolved,ARCA,ARCA,738524025,,1 contract(s),1,0.128,no
SKK,resolved,NASDAQ,NASDAQ,870514669,,1 contract(s),1,0.108,no
SKOR,resolved,NASDAQ,NASDAQ,173505240,,1 contract(s),1,0.104,no
SKRE,resolved,NASDAQ,NASDAQ,675773447,,1 contract(s),1,0.126,no
SKYU,resolved,NASDAQ,NASDAQ,466888853,,1 contract(s),1,0.126,no
SKYY,resolved,NASDAQ,NASDAQ,90617252,,1 contract(s),1,0.143,no
SLDR,resolved,ARCA,ARCA,727529177,,1 contract(s),1,0.142,no
SLJY,resolved,ARCA,ARCA,807650304,,1 contract(s),1,0.104,no
SLNZ,resolved,NYSE,NYSE,742459278,,1 contract(s),1,0.323,no
SLON,resolved,ARCA,ARCA,882359980,,1 contract(s),1,0.504,no
SLQD,resolved,NASDAQ,NASDAQ,136374388,,1 contract(s),1,0.393,no
SLTY,resolved,ARCA,ARCA,808625137,,1 contract(s),1,0.241,no
SLV,resolved,ARCA,ARCA,39039301,,1 contract(s),1,0.132,no
SLVO,resolved,NASDAQ,NASDAQ,588188244,,1 contract(s),1,0.109,no
SLVP,resolved,BATS,BATS,101795139,,1 contract(s),1,0.104,no
SLVR,resolved,NASDAQ,NASDAQ,754321087,,1 contract(s),1,0.131,no
SLX,resolved,ARCA,ARCA,229726273,,1 contract(s),1,0.148,no
SLY,not_found,,,,,no response after 2 attempt(s) — likely IBKR error 200,2,20.005,no
SLYG,resolved,ARCA,ARCA,45540622,,1 contract(s),1,0.088,no
SLYV,resolved,ARCA,ARCA,45540634,,1 contract(s),1,0.138,no
SMAP,not_found,,,,,no response after 2 attempt(s) — likely IBKR error 200,2,20.005,no
SMAY,resolved,BATS,BATS,632210335,,1 contract(s),1,0.141,no
SMB,resolved,BATS,BATS,229726283,,1 contract(s),1,0.141,no
SMCF,resolved,NASDAQ,NASDAQ,671347157,,1 contract(s),1,0.142,no
SMCO,resolved,NASDAQ,NASDAQ,668631584,,1 contract(s),1,0.110,no
SMCP,resolved,ARCA,ARCA,881547642,,1 contract(s),1,0.119,no
SMCX,resolved,NASDAQ,NASDAQ,865203898,,1 contract(s),1,0.141,no
SMCY,resolved,ARCA,ARCA,727984328,,1 contract(s),1,0.141,no
SMDD,resolved,ARCA,ARCA,788427526,,1 contract(s),1,0.132,no
SMDV,resolved,BATS,BATS,183005008,,1 contract(s),1,0.102,no
SMDX,resolved,ARCA,ARCA,764745853,,1 contract(s),1,0.145,no
SMDY,not_found,,,,,no response after 2 attempt(s) — likely IBKR error 200,2,20.007,no
SMH,resolved,NASDAQ,NASDAQ,229725622,,1 contract(s),1,0.143,no
SMHB,resolved,ARCA,ARCA,341215376,,1 contract(s),1,0.149,no
SMHX,resolved,NASDAQ,NASDAQ,725673659,,1 contract(s),1,5.488,no
SMI,not_found,,,,,no response after 2 attempt(s) — likely IBKR error 200,2,20.005,no
SMIG,resolved,ARCA,ARCA,510922780,,1 contract(s),1,5.947,no
SMIN,resolved,BATS,BATS,101484831,,1 contract(s),1,7.097,no
SMIZ,resolved,ARCA,ARCA,657517519,,1 contract(s),1,6.336,no
SMLE,not_found,,,,,no response after 2 attempt(s) — likely IBKR error 200,2,20.006,no
SMLF,resolved,ARCA,ARCA,192643876,,1 contract(s),1,7.550,no
SMLL,resolved,ARCA,ARCA,725673637,,1 contract(s),1,8.036,no
SMLV,resolved,ARCA,ARCA,123103557,,1 contract(s),1,7.395,no
SMMD,resolved,BATS,BATS,281768501,,1 contract(s),1,8.061,no
SMMU,resolved,ARCA,ARCA,72382389,,1 contract(s),1,8.296,no
SMMV,resolved,BATS,BATS,247473128,,1 contract(s),1,6.680,no
SMN,resolved,ARCA,ARCA,882360524,,1 contract(s),1,5.441,no
SMOG,resolved,ARCA,ARCA,229726202,,1 contract(s),1,4.936,no
SMOM,resolved,NASDAQ,NASDAQ,813061572,,1 contract(s),1,4.784,no
SMOT,resolved,BATS,BATS,589639343,,1 contract(s),1,4.314,no
SMQ,not_found,,,,,no response after 2 attempt(s) — likely IBKR error 200,2,20.005,no
SMRI,resolved,NASDAQ,NASDAQ,653754336,,1 contract(s),1,3.536,no
SMST,resolved,NASDAQ,NASDAQ,786554160,,1 contract(s),1,3.106,no
SMTH,resolved,ARCA,ARCA,669998142,,1 contract(s),1,2.182,no
SMYY,resolved,NASDAQ,NASDAQ,818583835,,1 contract(s),1,2.032,no
SNAV,resolved,BATS,BATS,607676978,,1 contract(s),1,1.588,no
SNLN,not_found,,,,,no response after 2 attempt(s) — likely IBKR error 200,2,20.006,no
SNOV,resolved,BATS,BATS,666754599,,1 contract(s),1,0.900,no
SNOY,resolved,ARCA,ARCA,708631878,,1 contract(s),1,0.864,no
SNPD,resolved,BATS,BATS,596545615,,1 contract(s),1,1.132,no
SNPE,resolved,ARCA,ARCA,372737538,,1 contract(s),1,0.968,no
SNPG,resolved,BATS,BATS,596545605,,1 contract(s),1,1.006,no
SNPV,not_found,,,,,no response after 2 attempt(s) — likely IBKR error 200,2,20.005,no
SNPX,not_found,,,,,no response after 2 attempt(s) — likely IBKR error 200,2,20.005,no
SNSR,resolved,NASDAQ,NASDAQ,247691385,,1 contract(s),1,0.820,no
SNTH,resolved,ARCA,ARCA,767579675,,1 contract(s),1,0.655,no
SOCL,resolved,NASDAQ,NASDAQ,97477676,,1 contract(s),1,0.575,no
SOFR,resolved,ARCA,ARCA,665797191,,1 contract(s),1,0.872,no
SOFX,resolved,NASDAQ,NASDAQ,754542650,,1 contract(s),1,0.721,no
SOGU,not_found,,,,,no response after 2 attempt(s) — likely IBKR error 200,2,20.005,no
SOLC,resolved,NASDAQ,NASDAQ,831872580,,1 contract(s),1,1.462,no
SOLR,not_found,,,,,no response after 2 attempt(s) — likely IBKR error 200,2,20.006,no
SOUX,resolved,NASDAQ,NASDAQ,865203873,,1 contract(s),1,1.224,no
SOVF,resolved,ARCA,ARCA,657517514,,1 contract(s),1,3.564,no
SOXL,resolved,ARCA,ARCA,73340487,,1 contract(s),1,4.928,no
SOXQ,resolved,NASDAQ,NASDAQ,496085613,,1 contract(s),1,5.562,no
SOXS,resolved,ARCA,ARCA,892340391,,1 contract(s),1,5.679,no
SOXX,resolved,NASDAQ,NASDAQ,12658194,,1 contract(s),1,6.439,no
SOXY,resolved,ARCA,ARCA,745692051,,1 contract(s),1,6.511,no
SOYB,resolved,ARCA,ARCA,94440548,,1 contract(s),1,6.948,no
SPAB,resolved,ARCA,ARCA,45540687,,1 contract(s),1,7.460,no
SPAM,resolved,NASDAQ,NASDAQ,670526622,,1 contract(s),1,6.861,no
SPAQ,resolved,NASDAQ,NASDAQ,611462816,,1 contract(s),1,5.368,no
SPAX,resolved,ARCA,ARCA,891883150,,1 contract(s),1,5.397,no
SPBC,resolved,NASDAQ,NASDAQ,493427753,,1 contract(s),1,5.157,no
SPBO,resolved,ARCA,ARCA,86607525,,1 contract(s),1,5.201,no
SPBU,resolved,BATS,BATS,766155336,,1 contract(s),1,4.510,no
SPBW,resolved,BATS,BATS,752727483,,1 contract(s),1,4.636,no
SPBX,resolved,BATS,BATS,752727476,,1 contract(s),1,4.070,no
SPCT,resolved,NASDAQ,NASDAQ,818271116,,1 contract(s),1,4.096,no
SPCX,resolved,NASDAQ,NASDAQ,890493863,,1 contract(s),1,4.250,no
SPCY,not_found,,,,,no response after 2 attempt(s) — likely IBKR error 200,2,20.004,no
SPCZ,not_found,,,,,no response after 2 attempt(s) — likely IBKR error 200,2,20.004,no
SPD,resolved,ARCA,ARCA,443757870,,1 contract(s),1,3.507,no
SPDG,resolved,ARCA,ARCA,653400466,,1 contract(s),1,3.446,no
SPDN,resolved,ARCA,ARCA,268386094,,1 contract(s),1,3.323,no
SPDV,resolved,ARCA,ARCA,297889586,,1 contract(s),1,3.051,no
SPDW,resolved,ARCA,ARCA,45540794,,1 contract(s),1,2.413,no
SPEM,resolved,ARCA,ARCA,45540759,,1 contract(s),1,2.267,no
SPEU,resolved,ARCA,ARCA,45555866,,1 contract(s),1,2.086,no
SPFF,resolved,ARCA,ARCA,110592039,,1 contract(s),1,1.973,no
SPGM,resolved,ARCA,ARCA,103464320,,1 contract(s),1,1.740,no
SPGP,resolved,ARCA,ARCA,319357145,,1 contract(s),1,1.737,no
SPHB,resolved,ARCA,ARCA,319357119,,1 contract(s),1,1.723,no
SPHD,resolved,ARCA,ARCA,319357122,,1 contract(s),1,1.367,no
SPHQ,resolved,ARCA,ARCA,319359474,,1 contract(s),1,1.274,no
SPHY,resolved,ARCA,ARCA,109385195,,1 contract(s),1,1.240,no
SPIB,resolved,ARCA,ARCA,57091578,,1 contract(s),1,1.071,no
SPIN,resolved,BATS,BATS,726761180,,1 contract(s),1,0.785,no
SPIP,resolved,ARCA,ARCA,45540789,,1 contract(s),1,0.766,no
SPIT,resolved,NASDAQ,NASDAQ,820185664,,1 contract(s),1,0.760,no
SPLB,resolved,ARCA,ARCA,57091568,,1 contract(s),1,0.595,no
SPLV,resolved,ARCA,ARCA,319357142,,1 contract(s),1,0.604,no
SPMB,resolved,ARCA,ARCA,57091583,,1 contract(s),1,0.812,no
SPMD,resolved,ARCA,ARCA,45540629,,1 contract(s),1,0.799,no
SPMO,resolved,ARCA,ARCA,319357139,,1 contract(s),1,0.979,no
SPMV,not_found,,,,,no response after 2 attempt(s) — likely IBKR error 200,2,20.006,no
SPOG,resolved,NASDAQ,NASDAQ,831425876,,1 contract(s),1,0.662,no
SPPP,resolved,ARCA,ARCA,118971681,,1 contract(s),1,0.657,no
SPQ,not_found,,,,,no response after 2 attempt(s) — likely IBKR error 200,2,20.006,no
SPRE,resolved,ARCA,ARCA,462936665,,1 contract(s),1,0.346,no
SPRX,resolved,NASDAQ,NASDAQ,506295834,,1 contract(s),1,0.361,no
SPSB,resolved,ARCA,ARCA,70982912,,1 contract(s),1,0.342,no
SPSK,resolved,ARCA,ARCA,397514044,,1 contract(s),1,0.335,no
SPSM,resolved,ARCA,ARCA,130869149,,1 contract(s),1,0.398,no
SPTB,resolved,ARCA,ARCA,705166788,,1 contract(s),1,0.408,no
SPTE,resolved,ARCA,ARCA,668447015,,1 contract(s),1,0.418,no
SPTI,resolved,ARCA,ARCA,45540692,,1 contract(s),1,0.933,no
SPTL,resolved,ARCA,ARCA,45540689,,1 contract(s),1,0.768,no
SPTM,resolved,ARCA,ARCA,45540643,,1 contract(s),1,0.756,no
SPTS,resolved,ARCA,ARCA,98392056,,1 contract(s),1,0.599,no
SPUC,resolved,ARCA,ARCA,443757872,,1 contract(s),1,0.427,no
SPUS,resolved,ARCA,ARCA,396046406,,1 contract(s),1,0.283,no
SPUT,resolved,ARCA,ARCA,768187099,,1 contract(s),1,0.323,no
SPUU,resolved,ARCA,ARCA,171493556,,1 contract(s),1,0.246,no
SPVM,resolved,ARCA,ARCA,319357133,,1 contract(s),1,0.294,no
SPVU,not_found,,,,,no response after 2 attempt(s) — likely IBKR error 200,2,20.004,no
SPWO,resolved,ARCA,ARCA,673665039,,1 contract(s),1,0.299,no
SPXB,not_found,,,,,no response after 2 attempt(s) — likely IBKR error 200,2,20.006,no
SPXE,resolved,ARCA,ARCA,207825422,,1 contract(s),1,0.706,no
SPXL,resolved,ARCA,ARCA,55679428,,1 contract(s),1,0.660,no
SPXN,resolved,ARCA,ARCA,207825429,,1 contract(s),1,0.799,no
SPXS,resolved,ARCA,ARCA,812475659,,1 contract(s),1,0.642,no
SPXT,resolved,ARCA,ARCA,207825419,,1 contract(s),1,0.589,no
SPXU,resolved,ARCA,ARCA,828937771,,1 contract(s),1,1.193,no
SPXV,resolved,ARCA,ARCA,207825424,,1 contract(s),1,1.005,no
SPY,resolved,ARCA,ARCA,756733,,1 contract(s),1,0.856,no
SPYB,not_found,,,,,no response after 2 attempt(s) — likely IBKR error 200,2,20.005,no
SPYC,resolved,ARCA,ARCA,443757867,,1 contract(s),1,1.592,no
SPYD,resolved,ARCA,ARCA,210534655,,1 contract(s),1,2.086,no
SPYG,resolved,ARCA,ARCA,45540799,,1 contract(s),1,1.757,no
SPYH,resolved,BATS,BATS,773321880,,1 contract(s),1,1.221,no
SPYI,resolved,BATS,BATS,582333001,,1 contract(s),1,2.292,no
SPYM,resolved,ARCA,ARCA,45540646,,1 contract(s),1,2.305,no
SPYT,resolved,ARCA,ARCA,688538325,,1 contract(s),1,1.798,no
SPYU,resolved,ARCA,ARCA,669475151,,1 contract(s),1,1.973,no
SPYV,resolved,ARCA,ARCA,45540652,,1 contract(s),1,2.334,no
SPYX,resolved,ARCA,ARCA,214077049,,1 contract(s),1,2.907,no
SQEW,not_found,,,,,no response after 2 attempt(s) — likely IBKR error 200,2,20.004,no
SQLV,resolved,NASDAQ,NASDAQ,282156636,,1 contract(s),1,1.833,no
SQMX,resolved,BATS,BATS,749849644,,1 contract(s),1,2.416,no
SQQQ,resolved,NASDAQ,NASDAQ,831082828,,1 contract(s),1,2.266,no
SQY,not_found,,,,,no response after 2 attempt(s) — likely IBKR error 200,2,20.006,no
SRET,resolved,NASDAQ,NASDAQ,602747255,,1 contract(s),1,2.279,no
SRHQ,resolved,ARCA,ARCA,589640484,,1 contract(s),1,2.122,no
SRHR,resolved,ARCA,ARCA,663373299,,1 contract(s),1,1.912,no
SRLN,resolved,ARCA,ARCA,125373044,,1 contract(s),1,1.758,no
SROI,resolved,ARCA,ARCA,611992957,,1 contract(s),1,1.637,no
SRS,resolved,ARCA,ARCA,738523401,,1 contract(s),1,1.501,no
SRTY,resolved,ARCA,ARCA,828937776,,1 contract(s),1,1.184,no
SRVR,resolved,ARCA,ARCA,317730372,,1 contract(s),1,1.002,no
SSFI,resolved,ARCA,ARCA,517641736,,1 contract(s),1,0.459,no
SSG,resolved,ARCA,ARCA,828937799,,1 contract(s),1,0.391,no
SSLY,not_found,,,,,no response after 2 attempt(s) — likely IBKR error 200,2,20.006,no
SSO,resolved,ARCA,ARCA,39622943,,1 contract(s),1,0.205,no
SSPX,not_found,,,,,no response after 2 attempt(s) — likely IBKR error 200,2,20.005,no
SSPY,resolved,ARCA,ARCA,732636181,,1 contract(s),1,0.089,no
SST,resolved,NYSE,NYSE,787980769,,1 contract(s),1,0.120,no
SSUS,resolved,ARCA,ARCA,399796655,,1 contract(s),1,0.187,no
SSXU,resolved,ARCA,ARCA,571281660,,1 contract(s),1,0.268,no
STAX,resolved,ARCA,ARCA,668631580,,1 contract(s),1,0.115,no
STCE,resolved,ARCA,ARCA,577638151,,1 contract(s),1,0.145,no
STHH,resolved,ARCA,ARCA,767914529,,1 contract(s),1,0.342,no
STIP,resolved,ARCA,ARCA,81580986,,1 contract(s),1,0.205,no
STLG,not_found,,,,,no response after 2 attempt(s) — likely IBKR error 200,2,20.005,no
STLV,not_found,,,,,no response after 2 attempt(s) — likely IBKR error 200,2,20.005,no
STN,resolved,NYSE,NYSE,35442355,,1 contract(s),1,0.245,no
STNC,resolved,NASDAQ,NASDAQ,605219344,,1 contract(s),1,0.238,no
STOT,resolved,BATS,BATS,229207138,,1 contract(s),1,0.202,no
STPZ,resolved,ARCA,ARCA,67544922,,1 contract(s),1,0.233,no
STRN,resolved,ARCA,ARCA,808311617,,1 contract(s),1,0.165,no
STRV,not_found,,,,,no response after 2 attempt(s) — likely IBKR error 200,2,20.005,no
STXD,resolved,NYSE,NYSE,596739249,,1 contract(s),1,0.103,no
STXE,resolved,NYSE,NYSE,611160158,,1 contract(s),1,0.200,no
STXG,resolved,NYSE,NYSE,596739252,,1 contract(s),1,0.143,no
STXI,not_found,,,,,no response after 2 attempt(s) — likely IBKR error 200,2,20.006,no
STXK,resolved,NYSE,NYSE,596739262,,1 contract(s),1,0.180,no
STXM,not_found,,,,,no response after 2 attempt(s) — likely IBKR error 200,2,20.003,no
STXT,resolved,NYSE,NYSE,647324583,,1 contract(s),1,0.104,no
STXV,resolved,NYSE,NYSE,596739259,,1 contract(s),1,0.172,no
SUB,resolved,ARCA,ARCA,55734126,,1 contract(s),1,0.202,no
SUBS,not_found,,,,,no response after 2 attempt(s) — likely IBKR error 200,2,20.005,no
SUPL,resolved,ARCA,ARCA,555181360,,1 contract(s),1,0.172,no
SUPP,resolved,NASDAQ,NASDAQ,613919720,,1 contract(s),1,0.105,no
SURE,resolved,ARCA,ARCA,95568709,,1 contract(s),1,0.092,no
SURI,resolved,ARCA,ARCA,612893497,,1 contract(s),1,0.186,no
SUSA,resolved,ARCA,ARCA,32821285,,1 contract(s),1,0.142,no
SUSB,resolved,NASDAQ,NASDAQ,282156640,,1 contract(s),1,0.141,no
SUSC,resolved,NASDAQ,NASDAQ,282156645,,1 contract(s),1,0.090,no
SUSL,resolved,NASDAQ,NASDAQ,365328982,,1 contract(s),1,0.133,no
SVAL,resolved,BATS,BATS,452367166,,1 contract(s),1,0.142,no
SVIX,resolved,BATS,BATS,553468376,,1 contract(s),1,0.141,no
SVOL,resolved,ARCA,ARCA,490852665,,1 contract(s),1,0.187,no
SVXY,resolved,BATS,BATS,331641614,,1 contract(s),1,0.107,no
SWAN,resolved,ARCA,ARCA,340390084,,1 contract(s),1,0.268,no
SWIN,not_found,,,,,no response after 2 attempt(s) — likely IBKR error 200,2,20.004,no
SXQG,resolved,ARCA,ARCA,490450359,,1 contract(s),1,0.106,no
SXUS,not_found,,,,,no response after 2 attempt(s) — likely IBKR error 200,2,20.003,no
SYFI,resolved,ARCA,ARCA,708404966,,1 contract(s),1,0.292,no
SYLD,resolved,BATS,BATS,127639440,,1 contract(s),1,0.500,no
SYNB,not_found,,,,,no response after 2 attempt(s) — likely IBKR error 200,2,20.005,no
SYSB,resolved,BATS,BATS,294708387,,1 contract(s),1,0.300,no
SYUS,not_found,,,,,no response after 2 attempt(s) — likely IBKR error 200,2,20.004,no
SYZ,resolved,NASDAQ,NASDAQ,814025537,,1 contract(s),1,0.178,no
SZK,resolved,ARCA,ARCA,882360530,,1 contract(s),1,0.239,no
SZNE,not_found,,,,,no response after 2 attempt(s) — likely IBKR error 200,2,20.003,no
TACK,resolved,ARCA,ARCA,552594858,,1 contract(s),1,0.113,no
TAFI,resolved,ARCA,ARCA,585033139,,1 contract(s),1,0.183,no
TAFL,resolved,ARCA,ARCA,671100118,,1 contract(s),1,0.294,no
TAFM,resolved,ARCA,ARCA,671100115,,1 contract(s),1,0.194,no
TAGG,resolved,ARCA,ARCA,517609025,,1 contract(s),1,0.191,no
TAGS,resolved,ARCA,ARCA,105223118,,1 contract(s),1,0.180,no
TAIL,resolved,BATS,BATS,272108657,,1 contract(s),1,0.152,no
TAN,resolved,ARCA,ARCA,319359420,,1 contract(s),1,0.180,no
TAPR,resolved,BATS,BATS,772759059,,1 contract(s),1,0.198,no
TARK,resolved,NASDAQ,NASDAQ,600801557,,1 contract(s),1,0.155,no
TAXE,resolved,NASDAQ,NASDAQ,714792004,,1 contract(s),1,0.205,no
TAXF,resolved,ARCA,ARCA,332975591,,1 contract(s),1,0.118,no
TAXI,resolved,NASDAQ,NASDAQ,808301651,,1 contract(s),1,0.137,no
TAXM,resolved,ARCA,ARCA,767916085,,1 contract(s),1,0.089,no
TAXS,resolved,NASDAQ,NASDAQ,808301654,,1 contract(s),1,0.157,no
TAXT,resolved,NASDAQ,NASDAQ,808301657,,1 contract(s),1,0.162,no
TAXX,resolved,ARCA,ARCA,690200062,,1 contract(s),1,0.113,no
TBF,resolved,ARCA,ARCA,67531165,,1 contract(s),1,0.274,no
TBFC,resolved,ARCA,ARCA,677357074,,1 contract(s),1,0.173,no
TBFG,resolved,ARCA,ARCA,677357079,,1 contract(s),1,0.107,no
TBG,resolved,ARCA,ARCA,664518939,,1 contract(s),1,0.173,no
TBIL,resolved,NASDAQ,NASDAQ,578561477,,1 contract(s),1,0.178,no
TBJL,resolved,BATS,BATS,440521277,,1 contract(s),1,0.163,no
TBLL,resolved,ARCA,ARCA,319359499,,1 contract(s),1,0.201,no
TBLU,resolved,NYSE,NYSE,798837421,,1 contract(s),1,0.221,no
TBT,resolved,ARCA,ARCA,114091283,,1 contract(s),1,0.200,no
TBUX,resolved,ARCA,ARCA,517609035,,1 contract(s),1,0.157,no
TBX,resolved,ARCA,ARCA,86544773,,1 contract(s),1,0.181,no
TCAF,resolved,ARCA,ARCA,636473720,,1 contract(s),1,0.096,no
TCAI,resolved,NYSE,NYSE,804124941,,1 contract(s),1,0.181,no
TCAL,resolved,ARCA,ARCA,771558833,,1 contract(s),1,0.115,no
TCHI,resolved,NASDAQ,NASDAQ,540938309,,1 contract(s),1,0.158,no
TCHP,resolved,ARCA,ARCA,438221990,,1 contract(s),1,0.103,no
TCPB,resolved,ARCA,ARCA,761710713,,1 contract(s),1,0.136,no
TCV,resolved,ARCA,ARCA,864271118,,1 contract(s),1,0.158,no
TDI,resolved,NASDAQ,NASDAQ,670780653,,1 contract(s),1,0.266,no
TDIV,resolved,NASDAQ,NASDAQ,112003455,,1 contract(s),1,0.224,no
TDOT,resolved,NASDAQ,NASDAQ,861451206,,1 contract(s),1,0.167,no
TDSA,not_found,,,,,no response after 2 attempt(s) — likely IBKR error 200,2,20.003,no
TDSB,resolved,NASDAQ,NASDAQ,445554129,,1 contract(s),1,0.258,no
TDSC,resolved,NASDAQ,NASDAQ,445554112,,1 contract(s),1,0.165,no
TDSD,not_found,,,,,no response after 2 attempt(s) — likely IBKR error 200,2,20.004,no
TDSE,not_found,,,,,no response after 2 attempt(s) — likely IBKR error 200,2,20.004,no
TDTF,resolved,ARCA,ARCA,95053809,,1 contract(s),1,0.186,no
TDTT,resolved,ARCA,ARCA,95053807,,1 contract(s),1,0.361,no
TDV,resolved,BATS,BATS,390616582,,1 contract(s),1,0.307,no
TDVG,resolved,ARCA,ARCA,438221993,,1 contract(s),1,0.156,no
TEC,resolved,ARCA,ARCA,777444829,,1 contract(s),1,0.110,no
TECB,resolved,ARCA,ARCA,398898587,,1 contract(s),1,0.269,no
TECL,resolved,ARCA,ARCA,56539091,,1 contract(s),1,0.115,no
TECS,resolved,ARCA,ARCA,892340382,,1 contract(s),1,0.350,no
TEK,resolved,ARCA,ARCA,736655034,,1 contract(s),1,0.264,no
TEKX,resolved,NASDAQ,NASDAQ,727817006,,1 contract(s),1,0.157,no
TEKY,resolved,NASDAQ,NASDAQ,774122384,,1 contract(s),1,0.149,no
TEMP,not_found,,,,,no response after 2 attempt(s) — likely IBKR error 200,2,20.001,no
TEQI,resolved,ARCA,ARCA,438221996,,1 contract(s),1,0.147,no
TERG,resolved,NASDAQ,NASDAQ,831425883,,1 contract(s),1,0.116,no
TESL,resolved,ARCA,ARCA,462788956,,1 contract(s),1,0.171,no
TETH,resolved,BATS,BATS,717828991,,1 contract(s),1,0.203,no
TEXN,resolved,NASDAQ,NASDAQ,794347584,,1 contract(s),1,0.185,no
TFI,resolved,ARCA,ARCA,225020107,,1 contract(s),1,0.151,no
TFJL,resolved,BATS,BATS,440521272,,1 contract(s),1,0.215,no
TFLO,resolved,ARCA,ARCA,143667474,,1 contract(s),1,0.154,no
TFLR,resolved,ARCA,ARCA,597954935,,1 contract(s),1,0.096,no
TFNS,resolved,NASDAQ,NASDAQ,791105403,,1 contract(s),1,0.207,no
TFPN,resolved,ARCA,ARCA,641782967,,1 contract(s),1,0.154,no
TGIF,not_found,,,,,no response after 2 attempt(s) — likely IBKR error 200,2,20.002,no
TGLB,resolved,ARCA,ARCA,794639725,,1 contract(s),1,0.173,no
TGLR,resolved,ARCA,ARCA,872786115,,1 contract(s),1,0.147,no
TGR,not_found,,,,,no response after 2 attempt(s) — likely IBKR error 200,2,20.001,no
TGRT,resolved,ARCA,ARCA,636473730,,1 contract(s),1,0.206,no
TGRW,resolved,ARCA,ARCA,438222002,,1 contract(s),1,0.124,no
THCX,not_found,,,,,no response after 2 attempt(s) — likely IBKR error 200,2,20.003,no
THD,resolved,ARCA,ARCA,49954177,,1 contract(s),1,0.092,no
THEQ,resolved,ARCA,ARCA,771558836,,1 contract(s),1,0.125,no
THIR,resolved,NYSE,NYSE,730640136,,1 contract(s),1,0.110,no
THLV,resolved,NYSE,NYSE,585036584,,1 contract(s),1,0.213,no
THMZ,resolved,NASDAQ,NASDAQ,774122379,,1 contract(s),1,0.146,no
THNQ,resolved,ARCA,ARCA,421390572,,1 contract(s),1,0.090,no
THNR,resolved,ARCA,ARCA,705166750,,1 contract(s),1,0.108,no
THRO,resolved,ARCA,ARCA,532804270,,1 contract(s),1,0.203,no
THRV,resolved,NASDAQ,NASDAQ,818583838,,1 contract(s),1,0.106,no
THTA,resolved,ARCA,ARCA,665797192,,1 contract(s),1,0.110,no
THY,resolved,ARCA,ARCA,408520403,,1 contract(s),1,0.188,no
THYF,resolved,ARCA,ARCA,593849223,,1 contract(s),1,0.118,no
THYM,resolved,NASDAQ,NASDAQ,832443729,,1 contract(s),1,0.130,no
TIER,resolved,ARCA,ARCA,794639731,,1 contract(s),1,0.183,no
TILL,resolved,ARCA,ARCA,562283044,,1 contract(s),1,0.097,no
TILT,resolved,BATS,BATS,95053802,,1 contract(s),1,0.108,no
TIME,resolved,ARCA,ARCA,711488614,,1 contract(s),1,0.143,no
TINT,resolved,ARCA,ARCA,523222594,,1 contract(s),1,0.104,no
TINY,resolved,ARCA,ARCA,523222586,,1 contract(s),1,0.098,no
TIP,resolved,ARCA,ARCA,26787475,,1 contract(s),1,0.170,no
TIPA,resolved,ARCA,ARCA,807655536,,1 contract(s),1,0.108,no
TIPB,resolved,ARCA,ARCA,807655546,,1 contract(s),1,0.393,no
TIPC,resolved,ARCA,ARCA,807655552,,1 contract(s),1,0.295,no
TIPD,resolved,ARCA,ARCA,807655562,,1 contract(s),1,0.162,no
TIPX,resolved,ARCA,ARCA,128563011,,1 contract(s),1,0.101,no
TIPZ,resolved,ARCA,ARCA,68385731,,1 contract(s),1,0.285,no
TJUL,resolved,BATS,BATS,642429949,,1 contract(s),1,0.130,no
TLCI,resolved,ARCA,ARCA,765875104,,1 contract(s),1,0.115,no
TLH,resolved,ARCA,ARCA,42454568,,1 contract(s),1,0.342,no
TLT,resolved,NASDAQ,NASDAQ,15547841,,1 contract(s),1,0.194,no
TLTD,resolved,ARCA,ARCA,114814343,,1 contract(s),1,0.151,no
TLTE,resolved,ARCA,ARCA,114814344,,1 contract(s),1,0.103,no
TLTI,resolved,BATS,BATS,747353470,,1 contract(s),1,0.215,no
TLTW,resolved,BATS,BATS,580615956,,1 contract(s),1,0.168,no
TMAT,resolved,BATS,BATS,468552547,,1 contract(s),1,0.335,no
TMB,resolved,NASDAQ,NASDAQ,759331674,,1 contract(s),1,0.238,no
TMDV,resolved,BATS,BATS,390616579,,1 contract(s),1,0.205,no
TMET,not_found,,,,,no response after 2 attempt(s) — likely IBKR error 200,2,20.002,no
TMF,resolved,ARCA,ARCA,665380902,,1 contract(s),1,0.273,no
TMFC,resolved,BATS,BATS,304958621,,1 contract(s),1,0.218,no
TMFE,resolved,BATS,BATS,535920853,,1 contract(s),1,0.335,no
TMFG,resolved,BATS,BATS,532497601,,1 contract(s),1,0.270,no
TMFM,resolved,BATS,BATS,532497604,,1 contract(s),1,0.167,no
TMFS,resolved,BATS,BATS,339820214,,1 contract(s),1,0.149,no
TMFX,resolved,BATS,BATS,535920858,,1 contract(s),1,0.289,no
TMNL,resolved,NASDAQ,NASDAQ,832443727,,1 contract(s),1,0.197,no
TMNS,resolved,NASDAQ,NASDAQ,832443739,,1 contract(s),1,0.118,no
TMSF,resolved,NASDAQ,NASDAQ,832443732,,1 contract(s),1,0.219,no
TMSL,resolved,ARCA,ARCA,636473736,,1 contract(s),1,0.189,no
TMV,resolved,ARCA,ARCA,416854749,,1 contract(s),1,0.145,no
TNA,resolved,ARCA,ARCA,55679435,,1 contract(s),1,0.145,no
TOAK,resolved,ARCA,ARCA,724308991,,1 contract(s),1,0.177,no
TOGA,resolved,ARCA,ARCA,700767880,,1 contract(s),1,0.107,no
TOK,resolved,ARCA,ARCA,47605480,,1 contract(s),1,0.105,no
TOKE,not_found,,,,,no response after 2 attempt(s) — likely IBKR error 200,2,20.008,no
TOLL,resolved,BATS,BATS,630381106,,1 contract(s),1,0.147,no
TOLZ,resolved,ARCA,ARCA,147346154,,1 contract(s),1,0.168,no
TOPC,resolved,ARCA,ARCA,777173340,,1 contract(s),1,0.187,no
TOPT,resolved,ARCA,ARCA,737382114,,1 contract(s),1,0.137,no
TOT,resolved,ARCA,ARCA,811025401,,1 contract(s),1,0.104,no
TOTL,resolved,ARCA,ARCA,185080689,,1 contract(s),1,0.180,no
TOTR,resolved,ARCA,ARCA,517609028,,1 contract(s),1,0.117,no
TOUS,resolved,ARCA,ARCA,636473725,,1 contract(s),1,0.109,no
TOV,resolved,ARCA,ARCA,764486292,,1 contract(s),1,0.177,no
TPAY,resolved,BATS,BATS,854977925,,1 contract(s),1,0.106,no
TPHD,resolved,ARCA,ARCA,363803340,,1 contract(s),1,0.149,no
TPHE,not_found,,,,,no response after 2 attempt(s) — likely IBKR error 200,2,20.003,no
TPIF,resolved,ARCA,ARCA,393752913,,1 contract(s),1,0.174,no
TPLC,resolved,ARCA,ARCA,363803357,,1 contract(s),1,0.110,no
TPLE,not_found,,,,,no response after 2 attempt(s) — likely IBKR error 200,2,20.002,no
TPLS,resolved,NASDAQ,NASDAQ,759331669,,1 contract(s),1,0.188,no
TPMN,not_found,,,,,no response after 2 attempt(s) — likely IBKR error 200,2,20.001,no
TPOR,resolved,ARCA,ARCA,274859309,,1 contract(s),1,0.095,no
TPSC,resolved,ARCA,ARCA,393752916,,1 contract(s),1,0.205,no
TPYP,resolved,NYSE,NYSE,783247136,,1 contract(s),1,0.205,no
TPZ,resolved,NYSE,NYSE,751001208,,1 contract(s),1,0.154,no
TQQQ,resolved,NASDAQ,NASDAQ,72539702,,1 contract(s),1,0.207,no
TQQY,resolved,NASDAQ,NASDAQ,764476535,,1 contract(s),1,0.130,no
TRBF,resolved,NASDAQ,NASDAQ,820572805,,1 contract(s),1,0.109,no
TRFK,resolved,ARCA,ARCA,566205807,,1 contract(s),1,0.222,no
TRFM,resolved,ARCA,ARCA,573031141,,1 contract(s),1,0.169,no
TRND,resolved,ARCA,ARCA,364719323,,1 contract(s),1,0.105,no
TRPA,resolved,BATS,BATS,319811169,,1 contract(s),1,0.178,no
TRPL,not_found,,,,,no response after 2 attempt(s) — likely IBKR error 200,2,20.002,no
TRTY,resolved,BATS,BATS,332975529,,1 contract(s),1,0.150,no
TRUD,resolved,NASDAQ,NASDAQ,808834432,,1 contract(s),1,0.275,no
TRUT,resolved,NASDAQ,NASDAQ,808834437,,1 contract(s),1,0.161,no
TSDD,resolved,NASDAQ,NASDAQ,753278772,,1 contract(s),1,0.108,no
TSEC,resolved,ARCA,ARCA,642706654,,1 contract(s),1,0.287,no
TSEL,resolved,NASDAQ,NASDAQ,751897056,,1 contract(s),1,0.192,no
TSII,resolved,BATS,BATS,789044650,,1 contract(s),1,0.163,no
TSJA,not_found,,,,,no response after 2 attempt(s) — likely IBKR error 200,2,20.003,no
TSL,resolved,NASDAQ,NASDAQ,578561449,,1 contract(s),1,0.232,no
TSLH,not_found,,,,,no response after 2 attempt(s) — likely IBKR error 200,2,20.003,no
TSLI,resolved,ARCA,ARCA,812848417,,1 contract(s),1,0.106,no
TSLL,resolved,NASDAQ,NASDAQ,578561429,,1 contract(s),1,0.140,no
TSLP,resolved,BATS,BATS,742759311,,1 contract(s),1,0.106,no
TSLQ,resolved,NASDAQ,NASDAQ,824113968,,1 contract(s),1,0.137,no
TSLR,resolved,NASDAQ,NASDAQ,649964878,,1 contract(s),1,0.145,no
TSLS,resolved,NASDAQ,NASDAQ,860932840,,1 contract(s),1,0.143,no
TSLT,resolved,BATS,BATS,660309051,,1 contract(s),1,0.145,no
TSLW,resolved,BATS,BATS,762285123,,1 contract(s),1,0.103,no
TSLY,resolved,ARCA,ARCA,832145935,,1 contract(s),1,0.139,no
TSLZ,resolved,BATS,BATS,823090602,,1 contract(s),1,0.146,no
TSME,resolved,ARCA,ARCA,589552755,,1 contract(s),1,0.107,no
TSMG,resolved,NASDAQ,NASDAQ,754087846,,1 contract(s),1,0.087,no
TSMU,resolved,NASDAQ,NASDAQ,741194667,,1 contract(s),1,0.089,no
TSMX,resolved,NASDAQ,NASDAQ,733168180,,1 contract(s),1,0.107,no
TSMY,resolved,ARCA,ARCA,724502252,,1 contract(s),1,0.129,no
TSMZ,resolved,NASDAQ,NASDAQ,733168195,,1 contract(s),1,0.103,no
TSOC,not_found,,,,,no response after 2 attempt(s) — likely IBKR error 200,2,20.004,no
TSPA,resolved,ARCA,ARCA,495923474,,1 contract(s),1,0.176,no
TSPY,resolved,NASDAQ,NASDAQ,722696513,,1 contract(s),1,0.101,no
TSYY,resolved,NASDAQ,NASDAQ,888114601,,1 contract(s),1,0.139,no
TTAC,not_found,,,,,no response after 2 attempt(s) — likely IBKR error 200,2,20.004,no
TTAI,not_found,,,,,no response after 2 attempt(s) — likely IBKR error 200,2,20.003,no
TTEQ,resolved,NASDAQ,NASDAQ,737558518,,1 contract(s),1,0.102,no
TTT,resolved,ARCA,ARCA,416180809,,1 contract(s),1,0.133,no
TUA,resolved,ARCA,ARCA,597669735,,1 contract(s),1,0.149,no
TUG,resolved,NASDAQ,NASDAQ,562463377,,1 contract(s),1,0.190,no
TUGN,resolved,NASDAQ,NASDAQ,562463375,,1 contract(s),1,0.150,no
TUR,resolved,NASDAQ,NASDAQ,49954174,,1 contract(s),1,0.139,no
TURF,resolved,NASDAQ,NASDAQ,791105409,,1 contract(s),1,0.141,no
TUSB,resolved,ARCA,ARCA,761710723,,1 contract(s),1,0.107,no
TUSI,resolved,BATS,BATS,578561439,,1 contract(s),1,0.105,no
TVAL,resolved,ARCA,ARCA,636473735,,1 contract(s),1,0.101,no
TWIO,not_found,,,,,no response after 2 attempt(s) — likely IBKR error 200,2,20.004,no
TWM,resolved,ARCA,ARCA,738524658,,1 contract(s),1,0.139,no
TXS,resolved,ARCA,ARCA,641782973,,1 contract(s),1,0.085,no
TXSS,not_found,,,,,no response after 2 attempt(s) — likely IBKR error 200,2,20.002,no
TXUE,resolved,NASDAQ,NASDAQ,756373271,,1 contract(s),1,0.139,no
TXUG,resolved,NASDAQ,NASDAQ,756541194,,1 contract(s),1,0.132,no
TXXD,resolved,NASDAQ,NASDAQ,832443712,,1 contract(s),1,0.103,no
TXXI,resolved,ARCA,ARCA,767914520,,1 contract(s),1,0.101,no
TXXS,resolved,NASDAQ,NASDAQ,897816270,,1 contract(s),1,0.142,no
TYA,resolved,BATS,BATS,517423800,,1 contract(s),1,0.148,no
TYD,resolved,ARCA,ARCA,59354087,,1 contract(s),1,0.128,no
TYLG,resolved,ARCA,ARCA,598829798,,1 contract(s),1,0.129,no
TYO,resolved,ARCA,ARCA,59354082,,1 contract(s),1,0.108,no
TZA,resolved,ARCA,ARCA,892340312,,1 contract(s),1,0.144,no
UAE,resolved,NASDAQ,NASDAQ,150302628,,1 contract(s),1,0.106,no
UAPR,resolved,BATS,BATS,359395487,,1 contract(s),1,0.141,no
UAUG,resolved,BATS,BATS,376499907,,1 contract(s),1,0.106,no
UBND,resolved,NASDAQ,NASDAQ,518943118,,1 contract(s),1,0.145,no
UBOT,resolved,ARCA,ARCA,416854785,,1 contract(s),1,0.131,no
UBR,resolved,ARCA,ARCA,211137332,,1 contract(s),1,0.146,no
UBRL,resolved,NASDAQ,NASDAQ,726761171,,1 contract(s),1,0.083,no
UBT,resolved,ARCA,ARCA,72065358,,1 contract(s),1,0.170,no
UCC,resolved,ARCA,ARCA,42808830,,1 contract(s),1,0.144,no
UCIB,resolved,ARCA,ARCA,209265605,,1 contract(s),1,0.106,no
UCO,resolved,ARCA,ARCA,416180803,,1 contract(s),1,0.142,no
UCON,resolved,ARCA,ARCA,320362975,,1 contract(s),1,0.103,no
UCRD,resolved,NASDAQ,NASDAQ,518943120,,1 contract(s),1,0.145,no
UCYB,resolved,NASDAQ,NASDAQ,466888870,,1 contract(s),1,0.097,no
UDEC,resolved,BATS,BATS,393752930,,1 contract(s),1,0.148,no
UDI,resolved,ARCA,ARCA,566205797,,1 contract(s),1,0.108,no
UDIV,resolved,ARCA,ARCA,235873542,,1 contract(s),1,0.105,no
UDN,resolved,ARCA,ARCA,319355779,,1 contract(s),1,0.087,no
UDOW,resolved,ARCA,ARCA,72539713,,1 contract(s),1,0.102,no
UEVM,resolved,NASDAQ,NASDAQ,370883175,,1 contract(s),1,0.107,no
UFEB,resolved,BATS,BATS,402361707,,1 contract(s),1,0.104,no
UFIV,resolved,NASDAQ,NASDAQ,622498030,,1 contract(s),1,0.104,no
UFO,resolved,NASDAQ,NASDAQ,360505969,,1 contract(s),1,0.141,no
UGA,resolved,ARCA,ARCA,49306348,,1 contract(s),1,0.087,no
UGE,resolved,ARCA,ARCA,42808815,,1 contract(s),1,0.094,no
UGL,resolved,ARCA,ARCA,56347260,,1 contract(s),1,0.197,no
UITB,resolved,NASDAQ,NASDAQ,370883196,,1 contract(s),1,0.165,no
UIVM,resolved,NASDAQ,NASDAQ,370883187,,1 contract(s),1,0.171,no
UJAN,resolved,BATS,BATS,348194855,,1 contract(s),1,0.147,no
UJB,resolved,ARCA,ARCA,86771595,,1 contract(s),1,0.102,no
UJUL,resolved,BATS,BATS,328860319,,1 contract(s),1,0.097,no
UJUN,resolved,BATS,BATS,369213072,,1 contract(s),1,0.099,no
UK,resolved,NASDAQ,NASDAQ,878362007,,1 contract(s),1,0.142,no
ULE,resolved,ARCA,ARCA,56238804,,1 contract(s),1,0.103,no
ULST,resolved,ARCA,ARCA,136046696,,1 contract(s),1,0.098,no
ULTI,resolved,NASDAQ,NASDAQ,827749219,,1 contract(s),1,0.134,no
ULTR,not_found,,,,,no response after 2 attempt(s) — likely IBKR error 200,2,20.001,no
ULTY,resolved,ARCA,ARCA,832260742,,1 contract(s),1,0.140,no
ULVM,resolved,NASDAQ,NASDAQ,370883176,,1 contract(s),1,0.102,no
UMAR,resolved,BATS,BATS,406766945,,1 contract(s),1,0.105,no
UMAY,resolved,BATS,BATS,420256164,,1 contract(s),1,0.143,no
UMDD,resolved,ARCA,ARCA,72540984,,1 contract(s),1,0.143,no
UMI,resolved,ARCA,ARCA,478647421,,1 contract(s),1,0.102,no
UMMA,resolved,NASDAQ,NASDAQ,536918639,,1 contract(s),1,0.191,no
UNG,resolved,ARCA,ARCA,676612559,,1 contract(s),1,0.100,no
UNIY,resolved,NASDAQ,NASDAQ,612730018,,1 contract(s),1,0.100,no
UNL,resolved,ARCA,ARCA,70301639,,1 contract(s),1,0.088,no
UNOV,resolved,BATS,BATS,390040940,,1 contract(s),1,0.142,no
UOCT,resolved,BATS,BATS,335633910,,1 contract(s),1,0.143,no
UPAR,resolved,ARCA,ARCA,536088145,,1 contract(s),1,0.133,no
UPGD,resolved,ARCA,ARCA,319357049,,1 contract(s),1,0.103,no
UPGR,resolved,NASDAQ,NASDAQ,641848910,,1 contract(s),1,0.141,no
UPRO,resolved,ARCA,ARCA,61228752,,1 contract(s),1,0.136,no
UPV,resolved,ARCA,ARCA,74842310,,1 contract(s),1,0.143,no
UPW,resolved,ARCA,ARCA,42808839,,1 contract(s),1,0.085,no
URA,resolved,ARCA,ARCA,211651685,,1 contract(s),1,0.141,no
URAA,resolved,ARCA,ARCA,712146384,,1 contract(s),1,0.104,no
URAX,not_found,,,,,no response after 2 attempt(s) — likely IBKR error 200,2,20.003,no
URE,resolved,ARCA,ARCA,74262459,,1 contract(s),1,0.089,no
URNJ,resolved,NASDAQ,NASDAQ,611584563,,1 contract(s),1,0.091,no
URNM,resolved,ARCA,ARCA,558207272,,1 contract(s),1,0.099,no
URTH,resolved,ARCA,ARCA,100223106,,1 contract(s),1,0.201,no
URTY,resolved,ARCA,ARCA,72540992,,1 contract(s),1,0.143,no
USAI,resolved,ARCA,ARCA,394126538,,1 contract(s),1,0.147,no
USCA,resolved,ARCA,ARCA,623834287,,1 contract(s),1,0.107,no
USCF,not_found,,,,,no response after 2 attempt(s) — likely IBKR error 200,2,20.004,no
USCI,resolved,ARCA,ARCA,77842302,,1 contract(s),1,0.083,no
USCL,resolved,NASDAQ,NASDAQ,635680438,,1 contract(s),1,0.149,no
USD,resolved,ARCA,ARCA,42808834,,1 contract(s),1,0.100,no
USDU,resolved,ARCA,ARCA,140149911,,1 contract(s),1,0.102,no
USDX,resolved,NASDAQ,NASDAQ,687497135,,1 contract(s),1,0.108,no
USE,resolved,ARCA,ARCA,629283467,,1 contract(s),1,0.144,no
USEP,resolved,BATS,BATS,381637427,,1 contract(s),1,0.101,no
USEQ,not_found,,,,,no response after 2 attempt(s) — likely IBKR error 200,2,20.003,no
USFI,resolved,NASDAQ,NASDAQ,644846722,,1 contract(s),1,0.122,no
USFR,resolved,ARCA,ARCA,550122880,,1 contract(s),1,0.135,no
USG,resolved,ARCA,ARCA,524517576,,1 contract(s),1,0.089,no
USHY,resolved,BATS,BATS,293893522,,1 contract(s),1,0.106,no
USI,not_found,,,,,no response after 2 attempt(s) — likely IBKR error 200,2,20.003,no
USIG,resolved,NASDAQ,NASDAQ,42454562,,1 contract(s),1,0.232,no
USIN,resolved,NASDAQ,NASDAQ,690398339,,1 contract(s),1,0.084,no
USL,resolved,ARCA,ARCA,47566220,,1 contract(s),1,0.126,no
USLB,not_found,,,,,no response after 2 attempt(s) — likely IBKR error 200,2,20.001,no
USMC,resolved,NASDAQ,NASDAQ,292179090,,1 contract(s),1,0.088,no
USMF,resolved,BATS,BATS,280909280,,1 contract(s),1,0.141,no
USML,resolved,ARCA,ARCA,469724268,,1 contract(s),1,0.104,no
USMV,resolved,BATS,BATS,96079929,,1 contract(s),1,0.104,no
USNG,resolved,ARCA,ARCA,785365799,,1 contract(s),1,0.144,no
USNZ,resolved,ARCA,ARCA,570106807,,1 contract(s),1,0.104,no
USO,resolved,ARCA,ARCA,418893644,,1 contract(s),1,0.110,no
USOI,resolved,NASDAQ,NASDAQ,588188278,,1 contract(s),1,0.154,no
USOY,resolved,NASDAQ,NASDAQ,702622948,,1 contract(s),1,0.128,no
USPX,resolved,ARCA,ARCA,235873539,,1 contract(s),1,0.105,no
USRD,resolved,NASDAQ,NASDAQ,671347152,,1 contract(s),1,0.145,no
USRT,resolved,ARCA,ARCA,44053714,,1 contract(s),1,0.102,no
USSE,resolved,ARCA,ARCA,650949025,,1 contract(s),1,0.147,no
USSG,resolved,ARCA,ARCA,356101462,,1 contract(s),1,0.099,no
USSH,resolved,NASDAQ,NASDAQ,690397597,,1 contract(s),1,0.187,no
UST,resolved,ARCA,ARCA,72065355,,1 contract(s),1,0.130,no
USTB,resolved,NASDAQ,NASDAQ,370883193,,1 contract(s),1,0.146,no
USVM,resolved,NASDAQ,NASDAQ,370883181,,1 contract(s),1,0.104,no
USVN,resolved,NASDAQ,NASDAQ,622831777,,1 contract(s),1,0.146,no
USVT,not_found,,,,,no response after 2 attempt(s) — likely IBKR error 200,2,20.004,no
USXF,resolved,NASDAQ,NASDAQ,427788907,,1 contract(s),1,0.149,no
UTEN,resolved,NASDAQ,NASDAQ,578561469,,1 contract(s),1,0.105,no
UTES,resolved,ARCA,ARCA,207825365,,1 contract(s),1,0.141,no
UTHY,resolved,NASDAQ,NASDAQ,622498027,,1 contract(s),1,0.127,no
UTRE,resolved,NASDAQ,NASDAQ,622498017,,1 contract(s),1,0.106,no
UTRN,not_found,,,,,no response after 2 attempt(s) — likely IBKR error 200,2,20.003,no
UTSL,resolved,ARCA,ARCA,274859315,,1 contract(s),1,0.128,no
UTWO,resolved,NASDAQ,NASDAQ,578561472,,1 contract(s),1,0.108,no
UTWY,resolved,NASDAQ,NASDAQ,622498020,,1 contract(s),1,0.085,no
UUP,resolved,ARCA,ARCA,319355766,,1 contract(s),1,0.100,no
UVDV,not_found,,,,,no response after 2 attempt(s) — likely IBKR error 200,2,20.004,no
UVIX,resolved,BATS,BATS,896201669,,1 contract(s),1,0.140,no
UVXY,resolved,BATS,BATS,829567196,,1 contract(s),1,0.230,no
UWM,resolved,ARCA,ARCA,42751758,,1 contract(s),1,0.127,no
UX,resolved,BATS,BATS,757877635,,1 contract(s),1,0.097,no
UXI,resolved,ARCA,ARCA,42808851,,1 contract(s),1,0.106,no
UXRP,resolved,ARCA,ARCA,882360017,,1 contract(s),1,0.091,no
UYG,resolved,ARCA,ARCA,74262522,,1 contract(s),1,0.125,no
UYLD,resolved,NASDAQ,NASDAQ,593186022,,1 contract(s),1,0.150,no
UYM,resolved,ARCA,ARCA,42808827,,1 contract(s),1,0.135,no
VABS,resolved,ARCA,ARCA,470461326,,1 contract(s),1,0.127,no
VALQ,resolved,ARCA,ARCA,302704705,,1 contract(s),1,0.193,no
VALT,not_found,,,,,no response after 2 attempt(s) — likely IBKR error 200,2,20.004,no
VAMO,resolved,BATS,BATS,206132000,,1 contract(s),1,0.144,no
VAW,resolved,ARCA,ARCA,27638052,,1 contract(s),1,0.087,no
VB,resolved,ARCA,ARCA,27638105,,1 contract(s),1,0.103,no
VBIL,resolved,NASDAQ,NASDAQ,760573608,,1 contract(s),1,0.104,no
VBK,resolved,ARCA,ARCA,27638059,,1 contract(s),1,0.138,no
VBND,resolved,ARCA,ARCA,170381669,,1 contract(s),1,0.101,no
VBR,resolved,ARCA,ARCA,27638062,,1 contract(s),1,0.126,no
VCAR,not_found,,,,,no response after 2 attempt(s) — likely IBKR error 200,2,20.003,no
VCEB,resolved,BATS,BATS,446986931,,1 contract(s),1,0.137,no
VCIT,resolved,NASDAQ,NASDAQ,70363051,,1 contract(s),1,0.126,no
VCLN,resolved,ARCA,ARCA,506470924,,1 contract(s),1,0.139,no
VCLO,not_found,,,,,no response after 2 attempt(s) — likely IBKR error 200,2,20.003,no
VCLT,resolved,NASDAQ,NASDAQ,70363054,,1 contract(s),1,0.140,no
VCR,resolved,ARCA,ARCA,27638064,,1 contract(s),1,0.091,no
VCRB,resolved,NASDAQ,NASDAQ,671347162,,1 contract(s),1,0.137,no
VCSH,resolved,NASDAQ,NASDAQ,70363037,,1 contract(s),1,0.096,no
VDC,resolved,ARCA,ARCA,27638069,,1 contract(s),1,0.124,no
VDE,resolved,ARCA,ARCA,27684036,,1 contract(s),1,0.080,no
VEA,resolved,ARCA,ARCA,45444192,,1 contract(s),1,0.140,no
VEGA,resolved,ARCA,ARCA,113761966,,1 contract(s),1,0.102,no
VEGI,resolved,ARCA,ARCA,101780386,,1 contract(s),1,0.092,no
VEGN,resolved,BATS,BATS,382534575,,1 contract(s),1,0.142,no
VEMY,resolved,ARCA,ARCA,602261412,,1 contract(s),1,0.104,no
VERS,resolved,ARCA,ARCA,550804671,,1 contract(s),1,0.089,no
VETZ,resolved,ARCA,ARCA,646083427,,1 contract(s),1,0.198,no
VEU,resolved,ARCA,ARCA,43240070,,1 contract(s),1,0.142,no
VFH,resolved,ARCA,ARCA,27638074,,1 contract(s),1,0.087,no
VFLO,resolved,NASDAQ,NASDAQ,638569706,,1 contract(s),1,0.104,no
VFMF,resolved,BATS,BATS,307015508,,1 contract(s),1,0.099,no
VFMO,resolved,BATS,BATS,307015505,,1 contract(s),1,0.105,no
VFMV,resolved,BATS,BATS,307015488,,1 contract(s),1,0.139,no
VFQY,resolved,BATS,BATS,307015493,,1 contract(s),1,0.141,no
VFVA,resolved,BATS,BATS,307015498,,1 contract(s),1,0.142,no
VGIT,resolved,NASDAQ,NASDAQ,70363079,,1 contract(s),1,0.138,no
VGK,resolved,ARCA,ARCA,27684070,,1 contract(s),1,0.102,no
VGLT,resolved,NASDAQ,NASDAQ,70363056,,1 contract(s),1,0.139,no
VGSH,resolved,NASDAQ,NASDAQ,70363044,,1 contract(s),1,0.137,no
VGSR,resolved,NASDAQ,NASDAQ,669475146,,1 contract(s),1,0.109,no
VGT,resolved,ARCA,ARCA,27638079,,1 contract(s),1,0.144,no
VGUS,resolved,NASDAQ,NASDAQ,760573613,,1 contract(s),1,0.108,no
VGVT,resolved,ARCA,ARCA,797794495,,1 contract(s),1,0.104,no
VHT,resolved,ARCA,ARCA,27638082,,1 contract(s),1,0.101,no
VICE,resolved,ARCA,ARCA,299204157,,1 contract(s),1,0.195,no
VIDI,resolved,ARCA,ARCA,137537414,,1 contract(s),1,0.193,no
VIG,resolved,ARCA,ARCA,38746069,,1 contract(s),1,0.141,no
VIGI,resolved,NASDAQ,NASDAQ,224323076,,1 contract(s),1,0.167,no
VIOG,resolved,ARCA,ARCA,78645840,,1 contract(s),1,0.114,no
VIOO,resolved,ARCA,ARCA,78645838,,1 contract(s),1,0.166,no
VIOV,resolved,ARCA,ARCA,78645845,,1 contract(s),1,0.164,no
VIRS,not_found,,,,,no response after 2 attempt(s) — likely IBKR error 200,2,20.004,no
VIS,resolved,ARCA,ARCA,27684007,,1 contract(s),1,0.134,no
VIXM,resolved,BATS,BATS,170547590,,1 contract(s),1,0.148,no
VIXY,resolved,BATS,BATS,738675328,,1 contract(s),1,0.145,no
VLLU,resolved,ARCA,ARCA,726935957,,1 contract(s),1,0.105,no
VLU,resolved,ARCA,ARCA,116379893,,1 contract(s),1,0.103,no
VLUE,resolved,BATS,BATS,125903841,,1 contract(s),1,0.108,no
VMAX,resolved,BATS,BATS,669796220,,1 contract(s),1,0.143,no
VMBS,resolved,NASDAQ,NASDAQ,70363041,,1 contract(s),1,0.142,no
VMOT,not_found,,,,,no response after 2 attempt(s) — likely IBKR error 200,2,20.003,no
VNAM,resolved,ARCA,ARCA,531495003,,1 contract(s),1,0.100,no
VNIE,resolved,ARCA,ARCA,783901592,,1 contract(s),1,0.100,no
VNLA,resolved,ARCA,ARCA,255733041,,1 contract(s),1,0.172,no
VNM,resolved,BATS,BATS,229725602,,1 contract(s),1,0.145,no
VNMC,not_found,,,,,no response after 2 attempt(s) — likely IBKR error 200,2,20.004,no
VNQ,resolved,ARCA,ARCA,31230302,,1 contract(s),1,0.144,no
VNQI,resolved,NASDAQ,NASDAQ,80536912,,1 contract(s),1,0.087,no
VNSE,resolved,ARCA,ARCA,445550732,,1 contract(s),1,0.107,no
VO,resolved,ARCA,ARCA,27638087,,1 contract(s),1,0.091,no
VOE,resolved,ARCA,ARCA,40643342,,1 contract(s),1,0.142,no
VOLT,resolved,NASDAQ,NASDAQ,746193370,,1 contract(s),1,0.108,no
VONE,resolved,NASDAQ,NASDAQ,79020251,,1 contract(s),1,0.145,no
VONG,resolved,NASDAQ,NASDAQ,79020258,,1 contract(s),1,0.125,no
VONV,resolved,NASDAQ,NASDAQ,79020254,,1 contract(s),1,0.147,no
VOO,resolved,ARCA,ARCA,136155102,,1 contract(s),1,0.145,no
VOOG,resolved,ARCA,ARCA,78645817,,1 contract(s),1,0.106,no
VOOV,resolved,ARCA,ARCA,78645820,,1 contract(s),1,0.096,no
VOT,resolved,ARCA,ARCA,40643359,,1 contract(s),1,0.145,no
VOTE,resolved,NASDAQ,NASDAQ,499023780,,1 contract(s),1,0.142,no
VOX,resolved,ARCA,ARCA,27684043,,1 contract(s),1,0.089,no
VPC,resolved,ARCA,ARCA,352460767,,1 contract(s),1,0.174,no
VPL,resolved,ARCA,ARCA,27684073,,1 contract(s),1,0.128,no
VPLS,resolved,NASDAQ,NASDAQ,670192084,,1 contract(s),1,0.102,no
VPN,not_found,,,,,no response after 2 attempt(s) — likely IBKR error 200,2,20.002,no
VPU,resolved,ARCA,ARCA,27638088,,1 contract(s),1,0.126,no
VRAI,resolved,ARCA,ARCA,352460771,,1 contract(s),1,0.107,no
VRIG,resolved,NASDAQ,NASDAQ,320227631,,1 contract(s),1,0.105,no
VRP,resolved,ARCA,ARCA,319359428,,1 contract(s),1,0.109,no
VRTL,resolved,NASDAQ,NASDAQ,771331882,,1 contract(s),1,0.088,no
VSDA,resolved,NASDAQ,NASDAQ,273043153,,1 contract(s),1,0.093,no
VSGX,resolved,BATS,BATS,333970431,,1 contract(s),1,0.112,no
VSHY,resolved,ARCA,ARCA,257861844,,1 contract(s),1,0.106,no
VSLU,resolved,ARCA,ARCA,486828234,,1 contract(s),1,0.144,no
VSMV,resolved,NASDAQ,NASDAQ,280350493,,1 contract(s),1,0.185,no
VSOL,resolved,NASDAQ,NASDAQ,831425886,,1 contract(s),1,0.124,no
VSS,resolved,ARCA,ARCA,59234393,,1 contract(s),1,0.129,no
VT,resolved,ARCA,ARCA,52197301,,1 contract(s),1,0.248,no
VTC,resolved,NASDAQ,NASDAQ,295518938,,1 contract(s),1,0.192,no
VTEB,resolved,ARCA,ARCA,204473835,,1 contract(s),1,0.180,no
VTES,resolved,ARCA,ARCA,618334686,,1 contract(s),1,0.103,no
VTG,resolved,ARCA,ARCA,797794503,,1 contract(s),1,0.144,no
VTHR,resolved,NASDAQ,NASDAQ,79020269,,1 contract(s),1,0.107,no
VTI,resolved,ARCA,ARCA,12340041,,1 contract(s),1,0.099,no
VTIP,resolved,NASDAQ,NASDAQ,115664156,,1 contract(s),1,0.099,no
VTV,resolved,ARCA,ARCA,27638093,,1 contract(s),1,0.140,no
VTWG,resolved,NASDAQ,NASDAQ,79020264,,1 contract(s),1,0.086,no
VTWO,resolved,NASDAQ,NASDAQ,79020263,,1 contract(s),1,0.137,no
VTWV,resolved,NASDAQ,NASDAQ,79020275,,1 contract(s),1,0.140,no
VUG,resolved,ARCA,ARCA,27638099,,1 contract(s),1,0.098,no
VUSB,resolved,BATS,BATS,480646468,,1 contract(s),1,0.150,no
VUSE,resolved,ARCA,ARCA,142839686,,1 contract(s),1,0.101,no
VV,resolved,ARCA,ARCA,27638102,,1 contract(s),1,0.102,no
VWI,not_found,,,,,no response after 2 attempt(s) — likely IBKR error 200,2,20.006,no
VWID,not_found,,,,,no response after 2 attempt(s) — likely IBKR error 200,2,20.004,no
VWO,resolved,ARCA,ARCA,27684033,,1 contract(s),1,0.137,no
VWOB,resolved,NASDAQ,NASDAQ,128835014,,1 contract(s),1,0.097,no
VXF,resolved,ARCA,ARCA,14077037,,1 contract(s),1,0.134,no
VXUS,resolved,NASDAQ,NASDAQ,83512168,,1 contract(s),1,0.101,no
VXX,resolved,BATS,BATS,717288676,,1 contract(s),1,0.144,no
VXZ,resolved,BATS,BATS,717288683,,1 contract(s),1,0.126,no
VYLD,resolved,ARCA,ARCA,769653636,,1 contract(s),1,0.142,no
VYM,resolved,ARCA,ARCA,41647036,,1 contract(s),1,0.137,no
VYMI,resolved,NASDAQ,NASDAQ,224323083,,1 contract(s),1,0.140,no
WABF,resolved,NASDAQ,NASDAQ,655443304,,1 contract(s),1,0.109,no
WANT,resolved,ARCA,ARCA,343696662,,1 contract(s),1,0.095,no
WAR,resolved,ARCA,ARCA,750178970,,1 contract(s),1,0.111,no
WBAT,not_found,,,,,no response after 2 attempt(s) — likely IBKR error 200,2,20.003,no
WBIF,resolved,ARCA,ARCA,165206709,,1 contract(s),1,0.116,no
WBIG,resolved,ARCA,ARCA,165206714,,1 contract(s),1,0.120,no
WBIL,resolved,ARCA,ARCA,165206704,,1 contract(s),1,0.148,no
WBIY,resolved,NYSE,NYSE,259941292,,1 contract(s),1,0.106,no
WBND,not_found,,,,,no response after 2 attempt(s) — likely IBKR error 200,2,20.004,no
WCAP,resolved,ARCA,ARCA,813337070,,1 contract(s),1,0.111,no
WCBR,resolved,NASDAQ,NASDAQ,468091276,,1 contract(s),1,0.203,no
WCEO,resolved,ARCA,ARCA,606826283,,1 contract(s),1,0.150,no
WCLD,resolved,NASDAQ,NASDAQ,382189619,,1 contract(s),1,0.137,no
WCME,resolved,ARCA,ARCA,733468689,,1 contract(s),1,0.102,no
WCMI,resolved,ARCA,ARCA,733468692,,1 contract(s),1,0.098,no
WCPB,resolved,ARCA,ARCA,806002099,,1 contract(s),1,0.100,no
WDAF,resolved,NASDAQ,NASDAQ,813722958,,1 contract(s),1,0.141,no
WDGF,resolved,NASDAQ,NASDAQ,813722960,,1 contract(s),1,0.142,no
WDIV,resolved,ARCA,ARCA,128563014,,1 contract(s),1,0.119,no
WDTE,resolved,ARCA,ARCA,716342244,,1 contract(s),1,0.135,no
WEAT,resolved,ARCA,ARCA,828938322,,1 contract(s),1,0.114,no
WEBL,resolved,ARCA,ARCA,390616555,,1 contract(s),1,0.122,no
WEBS,resolved,ARCA,ARCA,735455035,,1 contract(s),1,0.118,no
WEED,resolved,BATS,BATS,626226022,,1 contract(s),1,0.146,no
WEEI,resolved,NASDAQ,NASDAQ,700520968,,1 contract(s),1,0.143,no
WEEK,resolved,BATS,BATS,766155341,,1 contract(s),1,0.142,no
WEEL,resolved,ARCA,ARCA,703408965,,1 contract(s),1,0.144,no
WEIX,not_found,,,,,no response after 2 attempt(s) — likely IBKR error 200,2,20.005,no
WFH,not_found,,,,,no response after 2 attempt(s) — likely IBKR error 200,2,20.002,no
WFHY,not_found,,,,,no response after 2 attempt(s) — likely IBKR error 200,2,20.003,no
WFIG,not_found,,,,,no response after 2 attempt(s) — likely IBKR error 200,2,20.006,no
WGMI,resolved,NASDAQ,NASDAQ,543507571,,1 contract(s),1,0.103,no
WGRO,not_found,,,,,no response after 2 attempt(s) — likely IBKR error 200,2,20.006,no
WINC,not_found,,,,,no response after 2 attempt(s) — likely IBKR error 200,2,20.005,no
WINN,resolved,NYSE,NYSE,542577763,,1 contract(s),1,0.106,no
WIP,resolved,ARCA,ARCA,49632419,,1 contract(s),1,0.089,no
WISE,resolved,NASDAQ,NASDAQ,670526626,,1 contract(s),1,0.112,no
WIZ,not_found,,,,,no response after 2 attempt(s) — likely IBKR error 200,2,20.008,no
WKLY,not_found,,,,,no response after 2 attempt(s) — likely IBKR error 200,2,20.005,no
WLDR,resolved,BATS,BATS,303019500,,1 contract(s),1,0.147,no
WLTG,resolved,NYSE,NYSE,531212179,,1 contract(s),1,0.153,no
WNDY,not_found,,,,,no response after 2 attempt(s) — likely IBKR error 200,2,20.004,no
WNTR,resolved,ARCA,ARCA,771558846,,1 contract(s),1,0.087,no
WOMN,resolved,ARCA,ARCA,331358818,,1 contract(s),1,0.103,no
WOOD,resolved,NASDAQ,NASDAQ,52170899,,1 contract(s),1,0.099,no
WPAY,not_found,,,,,no response after 2 attempt(s) — likely IBKR error 200,2,20.004,no
WPS,not_found,,,,,no response after 2 attempt(s) — likely IBKR error 200,2,20.003,no
WRND,resolved,NASDAQ,NASDAQ,543283590,,1 contract(s),1,0.203,no
WSGE,resolved,NASDAQ,NASDAQ,837460379,,1 contract(s),1,0.180,no
WSML,resolved,NASDAQ,NASDAQ,773302475,,1 contract(s),1,0.127,no
WTAI,resolved,BATS,BATS,531495006,,1 contract(s),1,0.140,no
WTBN,resolved,NASDAQ,NASDAQ,673668345,,1 contract(s),1,0.105,no
WTID,resolved,ARCA,ARCA,614039265,,1 contract(s),1,0.146,no
WTIP,resolved,NASDAQ,NASDAQ,792314626,,1 contract(s),1,0.145,no
WTIU,resolved,ARCA,ARCA,614065563,,1 contract(s),1,0.106,no
WTMF,resolved,ARCA,ARCA,82611562,,1 contract(s),1,0.107,no
WTMU,resolved,NASDAQ,NASDAQ,773302465,,1 contract(s),1,0.109,no
WTMY,resolved,NASDAQ,NASDAQ,773302468,,1 contract(s),1,0.146,no
WTPI,resolved,ARCA,ARCA,223667852,,1 contract(s),1,0.101,no
WTRE,resolved,ARCA,ARCA,44585930,,1 contract(s),1,0.104,no
WTV,resolved,ARCA,ARCA,43149364,,1 contract(s),1,0.143,no
WUCT,not_found,,,,,no response after 2 attempt(s) — likely IBKR error 200,2,20.006,no
WUGI,resolved,BATS,BATS,603562312,,1 contract(s),1,0.110,no
WWJD,resolved,ARCA,ARCA,385692414,,1 contract(s),1,0.135,no
WXET,resolved,ARCA,ARCA,746371894,,1 contract(s),1,0.214,no
XAIX,resolved,NASDAQ,NASDAQ,718981016,,1 contract(s),1,0.203,no
XAR,resolved,ARCA,ARCA,95346634,,1 contract(s),1,0.176,no
XB,resolved,ARCA,ARCA,564186331,,1 contract(s),1,0.130,no
XBAP,resolved,BATS,BATS,479807330,,1 contract(s),1,0.156,no
XBB,resolved,ARCA,ARCA,564186334,,1 contract(s),1,0.106,no
XBI,resolved,ARCA,ARCA,45540828,,1 contract(s),1,0.102,no
XBIL,resolved,NASDAQ,NASDAQ,618189401,,1 contract(s),1,0.089,no
XBJA,resolved,BATS,BATS,535920873,,1 contract(s),1,0.143,no
XBJL,resolved,BATS,BATS,500073363,,1 contract(s),1,0.099,no
XBOC,resolved,BATS,BATS,517867345,,1 contract(s),1,0.139,no
XBTY,resolved,NASDAQ,NASDAQ,783548334,,1 contract(s),1,0.145,no
XC,resolved,ARCA,ARCA,587082830,,1 contract(s),1,0.104,no
XCCC,resolved,ARCA,ARCA,564186338,,1 contract(s),1,0.109,no
XCEM,resolved,ARCA,ARCA,251383260,,1 contract(s),1,0.086,no
XCLR,resolved,ARCA,ARCA,510711373,,1 contract(s),1,0.147,no
XCNY,resolved,NASDAQ,NASDAQ,726945418,,1 contract(s),1,0.146,no
XCOR,resolved,ARCA,ARCA,591671629,,1 contract(s),1,0.106,no
XDAP,not_found,,,,,no response after 2 attempt(s) — likely IBKR error 200,2,20.006,no
XDAT,resolved,BATS,BATS,465345115,,1 contract(s),1,0.200,no
XDEC,resolved,BATS,BATS,533809101,,1 contract(s),1,0.151,no
XDIV,resolved,BATS,BATS,797804421,,1 contract(s),1,0.102,no
XDJA,not_found,,,,,no response after 2 attempt(s) — likely IBKR error 200,2,20.006,no
XDJL,not_found,,,,,no response after 2 attempt(s) — likely IBKR error 200,2,20.006,no
XDOC,not_found,,,,,no response after 2 attempt(s) — likely IBKR error 200,2,20.004,no
XDQQ,resolved,BATS,BATS,479986271,,1 contract(s),1,0.105,no
XDSQ,resolved,BATS,BATS,479807336,,1 contract(s),1,0.142,no
XDTE,resolved,BATS,BATS,688829916,,1 contract(s),1,0.143,no
XEMD,resolved,BATS,BATS,570640323,,1 contract(s),1,0.142,no
XES,resolved,ARCA,ARCA,413951493,,1 contract(s),1,0.090,no
XFIV,resolved,ARCA,ARCA,585324458,,1 contract(s),1,0.146,no
XFIX,not_found,,,,,no response after 2 attempt(s) — likely IBKR error 200,2,20.004,no
XFLX,resolved,ARCA,ARCA,658417902,,1 contract(s),1,0.121,no
XHB,resolved,ARCA,ARCA,45540859,,1 contract(s),1,0.158,no
XHE,resolved,ARCA,ARCA,83434867,,1 contract(s),1,0.096,no
XHLF,resolved,ARCA,ARCA,585324468,,1 contract(s),1,0.157,no
XHS,resolved,ARCA,ARCA,95346639,,1 contract(s),1,0.144,no
XHYC,not_found,,,,,no response after 2 attempt(s) — likely IBKR error 200,2,20.002,no
XHYD,not_found,,,,,no response after 2 attempt(s) — likely IBKR error 200,2,20.004,no
XHYE,not_found,,,,,no response after 2 attempt(s) — likely IBKR error 200,2,20.005,no
XHYF,not_found,,,,,no response after 2 attempt(s) — likely IBKR error 200,2,20.003,no
XHYH,not_found,,,,,no response after 2 attempt(s) — likely IBKR error 200,2,20.003,no
XHYI,not_found,,,,,no response after 2 attempt(s) — likely IBKR error 200,2,20.003,no
XHYT,not_found,,,,,no response after 2 attempt(s) — likely IBKR error 200,2,20.003,no
XIDE,resolved,BATS,BATS,672387384,,1 contract(s),1,0.144,no
XIDV,resolved,ARCA,ARCA,756373364,,1 contract(s),1,0.145,no
XISE,resolved,BATS,BATS,654588816,,1 contract(s),1,0.228,no
XITK,resolved,ARCA,ARCA,218778881,,1 contract(s),1,0.208,no
XJH,resolved,BATS,BATS,446986937,,1 contract(s),1,0.187,no
XJR,resolved,BATS,BATS,446986940,,1 contract(s),1,0.144,no
XJUN,resolved,BATS,BATS,501809448,,1 contract(s),1,0.143,no
XLB,resolved,ARCA,ARCA,4215200,,1 contract(s),1,0.102,no
XLC,resolved,ARCA,ARCA,322317077,,1 contract(s),1,0.151,no
XLE,resolved,ARCA,ARCA,4215217,,1 contract(s),1,0.140,no
XLF,resolved,ARCA,ARCA,4215220,,1 contract(s),1,0.040,no
XLG,resolved,ARCA,ARCA,319359438,,1 contract(s),1,0.101,no
XLI,resolved,ARCA,ARCA,4215227,,1 contract(s),1,0.142,no
XLK,resolved,ARCA,ARCA,4215230,,1 contract(s),1,0.140,no
XLP,resolved,ARCA,ARCA,4215210,,1 contract(s),1,0.140,no
XLRE,resolved,ARCA,ARCA,209048377,,1 contract(s),1,0.102,no
XLSR,resolved,ARCA,ARCA,359693014,,1 contract(s),1,0.127,no
XLU,resolved,ARCA,ARCA,4215235,,1 contract(s),1,0.161,no
XLV,resolved,ARCA,ARCA,4215205,,1 contract(s),1,0.172,no
XLY,resolved,ARCA,ARCA,4215215,,1 contract(s),1,0.141,no
XMAG,resolved,NASDAQ,NASDAQ,737195472,,1 contract(s),1,0.088,no
XMAR,resolved,BATS,BATS,620659062,,1 contract(s),1,0.205,no
XME,resolved,ARCA,ARCA,45540699,,1 contract(s),1,0.178,no
XMHQ,resolved,ARCA,ARCA,319357114,,1 contract(s),1,0.104,no
XMLV,resolved,ARCA,ARCA,319359377,,1 contract(s),1,0.126,no
XMMO,resolved,ARCA,ARCA,319357127,,1 contract(s),1,0.143,no
XMPT,resolved,BATS,BATS,229725595,,1 contract(s),1,0.099,no
XMVM,resolved,ARCA,ARCA,319357109,,1 contract(s),1,0.130,no
XNAV,resolved,ARCA,ARCA,591671624,,1 contract(s),1,0.103,no
XNOV,resolved,BATS,BATS,666754594,,1 contract(s),1,0.138,no
XNTK,resolved,ARCA,ARCA,45540886,,1 contract(s),1,0.105,no
XOCT,resolved,BATS,BATS,661016501,,1 contract(s),1,0.179,no
XOEF,resolved,ARCA,ARCA,797518327,,1 contract(s),1,0.111,no
XOMO,resolved,ARCA,ARCA,651096931,,1 contract(s),1,0.101,no
XOMX,resolved,NASDAQ,NASDAQ,779325424,,1 contract(s),1,0.101,no
XOMZ,not_found,,,,,no response after 2 attempt(s) — likely IBKR error 200,2,20.006,no
XONE,resolved,ARCA,ARCA,585324463,,1 contract(s),1,0.170,no
XOP,resolved,ARCA,ARCA,413951498,,1 contract(s),1,0.134,no
XOUT,not_found,,,,,no response after 2 attempt(s) — likely IBKR error 200,2,20.005,no
XOVR,resolved,NASDAQ,NASDAQ,725809824,,1 contract(s),1,0.165,no
XPAY,resolved,ARCA,ARCA,738529085,,1 contract(s),1,0.106,no
XPH,resolved,ARCA,ARCA,45540802,,1 contract(s),1,0.085,no
XPND,resolved,ARCA,ARCA,496646887,,1 contract(s),1,0.104,no
XPP,resolved,ARCA,ARCA,60754522,,1 contract(s),1,0.089,no
XRLV,not_found,,,,,no response after 2 attempt(s) — likely IBKR error 200,2,20.004,no
XRLX,resolved,ARCA,ARCA,658417899,,1 contract(s),1,0.101,no
XRMI,resolved,ARCA,ARCA,510711379,,1 contract(s),1,0.122,no
XRPC,resolved,NASDAQ,NASDAQ,830647722,,1 contract(s),1,0.123,no
XRPI,resolved,NASDAQ,NASDAQ,786559489,,1 contract(s),1,0.084,no
XRT,resolved,ARCA,ARCA,45540784,,1 contract(s),1,0.104,no
XSD,resolved,ARCA,ARCA,45540808,,1 contract(s),1,0.147,no
XSEP,resolved,BATS,BATS,587082832,,1 contract(s),1,0.144,no
XSHD,resolved,BATS,BATS,317605587,,1 contract(s),1,0.144,no
XSHQ,resolved,BATS,BATS,317605590,,1 contract(s),1,0.102,no
XSLV,resolved,ARCA,ARCA,319359394,,1 contract(s),1,0.106,no
XSMO,resolved,ARCA,ARCA,319357080,,1 contract(s),1,0.205,no
XSOE,resolved,ARCA,ARCA,176477337,,1 contract(s),1,0.126,no
XSVM,resolved,ARCA,ARCA,319357089,,1 contract(s),1,0.202,no
XSVN,resolved,ARCA,ARCA,585324465,,1 contract(s),1,0.146,no
XSW,resolved,ARCA,ARCA,95346641,,1 contract(s),1,0.087,no
XT,resolved,NASDAQ,NASDAQ,187513007,,1 contract(s),1,0.127,no
XTAP,resolved,BATS,BATS,479986278,,1 contract(s),1,0.142,no
XTEN,resolved,ARCA,ARCA,585324475,,1 contract(s),1,0.142,no
XTJA,resolved,BATS,BATS,535920882,,1 contract(s),1,0.141,no
XTJL,resolved,BATS,BATS,500073369,,1 contract(s),1,0.143,no
XTL,resolved,ARCA,ARCA,83434870,,1 contract(s),1,0.101,no
XTN,resolved,ARCA,ARCA,83434873,,1 contract(s),1,0.089,no
XTOC,resolved,BATS,BATS,517867355,,1 contract(s),1,0.137,no
XTR,resolved,ARCA,ARCA,510711382,,1 contract(s),1,0.144,no
XTRE,resolved,ARCA,ARCA,585324478,,1 contract(s),1,0.103,no
XTWO,resolved,ARCA,ARCA,585324486,,1 contract(s),1,0.146,no
XTWY,resolved,ARCA,ARCA,585324483,,1 contract(s),1,0.122,no
XUDV,resolved,ARCA,ARCA,756373371,,1 contract(s),1,0.158,no
XUSP,resolved,BATS,BATS,578682525,,1 contract(s),1,0.155,no
XV,resolved,ARCA,ARCA,777177613,,1 contract(s),1,0.116,no
XVOL,not_found,,,,,no response after 2 attempt(s) — likely IBKR error 200,2,20.005,no
XVV,resolved,BATS,BATS,446986934,,1 contract(s),1,0.103,no
XWEB,not_found,,,,,no response after 2 attempt(s) — likely IBKR error 200,2,20.004,no
XXCH,not_found,,,,,no response after 2 attempt(s) — likely IBKR error 200,2,20.005,no
XXV,resolved,ARCA,ARCA,831872577,,1 contract(s),1,0.103,no
XYLD,resolved,ARCA,ARCA,346748799,,1 contract(s),1,0.138,no
XYLE,not_found,,,,,no response after 2 attempt(s) — likely IBKR error 200,2,20.004,no
XYLG,resolved,ARCA,ARCA,446336323,,1 contract(s),1,0.132,no
XYZG,resolved,NASDAQ,NASDAQ,773321892,,1 contract(s),1,0.128,no
XYZY,resolved,ARCA,ARCA,832260723,,1 contract(s),1,0.101,no
YALL,resolved,ARCA,ARCA,891042049,,1 contract(s),1,0.103,no
YANG,resolved,ARCA,ARCA,735455052,,1 contract(s),1,0.138,no
YBIT,resolved,ARCA,ARCA,832260711,,1 contract(s),1,0.103,no
YBMN,resolved,NASDAQ,NASDAQ,834270029,,1 contract(s),1,0.149,no
YBTC,resolved,BATS,BATS,677918165,,1 contract(s),1,0.142,no
YCL,resolved,ARCA,ARCA,193461290,,1 contract(s),1,0.087,no
YCS,resolved,ARCA,ARCA,95844172,,1 contract(s),1,0.106,no
YDEC,resolved,BATS,BATS,461481837,,1 contract(s),1,0.104,no
YEAR,resolved,ARCA,ARCA,585033142,,1 contract(s),1,0.214,no
YETH,resolved,BATS,BATS,726761159,,1 contract(s),1,0.197,no
YFFI,resolved,ARCA,ARCA,751742292,,1 contract(s),1,0.093,no
YFYA,resolved,ARCA,ARCA,758103719,,1 contract(s),1,0.105,no
YGLD,resolved,ARCA,ARCA,745721493,,1 contract(s),1,0.110,no
YINN,resolved,ARCA,ARCA,560066464,,1 contract(s),1,0.143,no
YJUN,resolved,BATS,BATS,497954461,,1 contract(s),1,0.103,no
YLD,resolved,ARCA,ARCA,199679505,,1 contract(s),1,0.130,no
YLDE,resolved,NASDAQ,NASDAQ,277216815,,1 contract(s),1,0.112,no
YMAG,resolved,ARCA,ARCA,681156848,,1 contract(s),1,0.143,no
YMAR,resolved,BATS,BATS,478106371,,1 contract(s),1,0.146,no
YMAX,resolved,ARCA,ARCA,677918160,,1 contract(s),1,0.138,no
YNOT,resolved,NASDAQ,NASDAQ,798089937,,1 contract(s),1,0.145,no
YOKE,resolved,NASDAQ,NASDAQ,762549334,,1 contract(s),1,0.102,no
YOLO,resolved,ARCA,ARCA,361208023,,1 contract(s),1,0.126,no
YPS,not_found,,,,,no response after 2 attempt(s) — likely IBKR error 200,2,20.003,no
YQQQ,resolved,NASDAQ,NASDAQ,722740637,,1 contract(s),1,0.142,no
YSEP,resolved,BATS,BATS,515416493,,1 contract(s),1,0.150,no
YSPY,resolved,NASDAQ,NASDAQ,764476536,,1 contract(s),1,0.141,no
YXI,resolved,ARCA,ARCA,828937781,,1 contract(s),1,0.148,no
YYY,resolved,ARCA,ARCA,386293572,,1 contract(s),1,0.104,no
ZALT,resolved,BATS,BATS,657517495,,1 contract(s),1,0.147,no
ZAP,resolved,NASDAQ,NASDAQ,748817558,,1 contract(s),1,0.148,no
ZECP,resolved,BATS,BATS,510475041,,1 contract(s),1,0.139,no
ZHDG,resolved,ARCA,ARCA,501143657,,1 contract(s),1,0.144,no
ZHOG,resolved,NASDAQ,NASDAQ,652376140,,1 contract(s),1,0.103,no
ZIG,resolved,ARCA,ARCA,366131362,,1 contract(s),1,0.146,no
ZIPP,not_found,,,,,no response after 2 attempt(s) — likely IBKR error 200,2,20.004,no
ZIVB,not_found,,,,,no response after 2 attempt(s) — likely IBKR error 200,2,20.005,no
ZMUN,resolved,NASDAQ,NASDAQ,818583825,,1 contract(s),1,0.102,no
ZROZ,resolved,ARCA,ARCA,69839360,,1 contract(s),1,0.141,no
ZSB,resolved,ARCA,ARCA,607327398,,1 contract(s),1,0.102,no
ZSC,resolved,ARCA,ARCA,646984633,,1 contract(s),1,0.128,no
ZSL,resolved,ARCA,ARCA,854516472,,1 contract(s),1,0.159,no
ZTAX,resolved,ARCA,ARCA,632210325,,1 contract(s),1,0.124,no
ZTEN,resolved,NASDAQ,NASDAQ,676783270,,1 contract(s),1,0.150,no
ZTOP,resolved,NASDAQ,NASDAQ,777171441,,1 contract(s),1,0.173,no
ZTRE,resolved,NASDAQ,NASDAQ,676783276,,1 contract(s),1,0.144,no
ZTWO,resolved,NASDAQ,NASDAQ,676783273,,1 contract(s),1,0.145,no
ZVOL,resolved,BATS,BATS,626105123,,1 contract(s),1,0.145,no
ZZZ,not_found,,,,,no response after 2 attempt(s) — likely IBKR error 200,2,20.005,no
